No,Type,Group,Word Template,Template Page No,{{ substation.name_erms }},{{ substation.time }},{{ substation.date }},{{ substation.ambient }},{{ substation.humidity }},{{ swg.area }},{{ panel.linknumber }},{{ panel.name }},{{ panel.cabletype }},{{ panel.breakerstatus }},{{ panel.busbarposition }},{{ panel.loadamp }},{{ panel.heateramp }},{{ swg.serialnumber }},{{ swg.manufacturer }},{{ swg.type }},{{ swg.rating }},{{ swg.model }},{{ tx1.manufacturer }},{{ tx1.model }},{{ tx1.rating }},{{ tx1.serialnumber }},{{ tx2.manufacturer }},{{ tx2.model }},{{ tx2.rating }},{{ tx2.serialnumber }},{{ fp1.manufacturer }},{{ fp1.model }},{{ fp1.rating }},{{ fp1.serialnumber }},{{ fp1.labelsource }},{{ fp2.manufacturer }},{{ fp2.model }},{{ fp2.rating }},{{ fp2.serialnumber }},{{ fp2.labelsource }},{{ batt1.manufacturer }},{{ batt1.model }},{{ batt1.serialnumber }},{{ batt2.manufacturer }},{{ batt2.model }},{{ batt2.serialnumber }},{{ batt3.manufacturer }},{{ batt3.model }},{{ batt3.serialnumber }},{{ batt4.manufacturer }},{{ batt4.model }},{{ batt4.serialnumber }},Field Overrides,Output File Name,Attribute,Folder,Image File Name
1,Overview,1,01. swg-overview.docx,1,JALAN ROBINSON,4:02 pm,01/06/2026,23.2,77,OVERVIEW,-,-,-,-,-,-,-,,TAMCO,RMU SF6,12kV,GR1,MTM,HERMETICALLY SEAL,100kVA,T/800/1452/1486,,,,,,,,,,,,,,,,,,,,,,,,,,,{},page1,Visual Image Path,C:\Users\aremi\Desktop\REPORT CBM\PO 42289580 - Pahang 11kV SECOND CYCLE AZZAD 2026\RAW MATERIAL\151. JALAN ROBINSON (VI)\RAW DATA\IR,1.jpg
1,Overview,1,01. swg-overview.docx,1,JALAN ROBINSON,4:02 pm,01/06/2026,23.2,77,OVERVIEW,-,-,-,-,-,-,-,,TAMCO,RMU SF6,12kV,GR1,MTM,HERMETICALLY SEAL,100kVA,T/800/1452/1486,,,,,,,,,,,,,,,,,,,,,,,,,,,{},page1,IR Image Path,C:\Users\aremi\Desktop\REPORT CBM\PO 42289580 - Pahang 11kV SECOND CYCLE AZZAD 2026\RAW MATERIAL\151. JALAN ROBINSON (VI)\RAW DATA\IR,2.jpg
2,Overview,1,01. swg-overview.docx,2,JALAN ROBINSON,4:02 pm,01/06/2026,23.2,77,OVERVIEW TOP,-,-,-,-,-,-,-,,TAMCO,RMU SF6,12kV,GR1,MTM,HERMETICALLY SEAL,100kVA,T/800/1452/1486,,,,,,,,,,,,,,,,,,,,,,,,,,,{},page2,Visual Image Path,C:\Users\aremi\Desktop\REPORT CBM\PO 42289580 - Pahang 11kV SECOND CYCLE AZZAD 2026\RAW MATERIAL\151. JALAN ROBINSON (VI)\RAW DATA\IR,3.jpg
2,Overview,1,01. swg-overview.docx,2,JALAN ROBINSON,4:02 pm,01/06/2026,23.2,77,OVERVIEW TOP,-,-,-,-,-,-,-,,TAMCO,RMU SF6,12kV,GR1,MTM,HERMETICALLY SEAL,100kVA,T/800/1452/1486,,,,,,,,,,,,,,,,,,,,,,,,,,,{},page2,IR Image Path,C:\Users\aremi\Desktop\REPORT CBM\PO 42289580 - Pahang 11kV SECOND CYCLE AZZAD 2026\RAW MATERIAL\151. JALAN ROBINSON (VI)\RAW DATA\IR,4.jpg
3,Overview,1,01. swg-overview.docx,3,JALAN ROBINSON,4:02 pm,01/06/2026,23.2,77,OVERVIEW BOTTOM,-,-,-,-,-,-,-,,TAMCO,RMU SF6,12kV,GR1,MTM,HERMETICALLY SEAL,100kVA,T/800/1452/1486,,,,,,,,,,,,,,,,,,,,,,,,,,,{},page3,Visual Image Path,C:\Users\aremi\Desktop\REPORT CBM\PO 42289580 - Pahang 11kV SECOND CYCLE AZZAD 2026\RAW MATERIAL\151. JALAN ROBINSON (VI)\RAW DATA\IR,5.jpg
3,Overview,1,01. swg-overview.docx,3,JALAN ROBINSON,4:02 pm,01/06/2026,23.2,77,OVERVIEW BOTTOM,-,-,-,-,-,-,-,,TAMCO,RMU SF6,12kV,GR1,MTM,HERMETICALLY SEAL,100kVA,T/800/1452/1486,,,,,,,,,,,,,,,,,,,,,,,,,,,{},page3,IR Image Path,C:\Users\aremi\Desktop\REPORT CBM\PO 42289580 - Pahang 11kV SECOND CYCLE AZZAD 2026\RAW MATERIAL\151. JALAN ROBINSON (VI)\RAW DATA\IR,6.jpg
4,Overview,1,01. swg-overview.docx,4,JALAN ROBINSON,4:02 pm,01/06/2026,23.2,77,OVERVIEW REAR,-,-,-,-,-,-,-,,TAMCO,RMU SF6,12kV,GR1,MTM,HERMETICALLY SEAL,100kVA,T/800/1452/1486,,,,,,,,,,,,,,,,,,,,,,,,,,,{},page4,Visual Image Path,C:\Users\aremi\Desktop\REPORT CBM\PO 42289580 - Pahang 11kV SECOND CYCLE AZZAD 2026\RAW MATERIAL\151. JALAN ROBINSON (VI)\RAW DATA\IR,7.jpg
4,Overview,1,01. swg-overview.docx,4,JALAN ROBINSON,4:02 pm,01/06/2026,23.2,77,OVERVIEW REAR,-,-,-,-,-,-,-,,TAMCO,RMU SF6,12kV,GR1,MTM,HERMETICALLY SEAL,100kVA,T/800/1452/1486,,,,,,,,,,,,,,,,,,,,,,,,,,,{},page4,IR Image Path,C:\Users\aremi\Desktop\REPORT CBM\PO 42289580 - Pahang 11kV SECOND CYCLE AZZAD 2026\RAW MATERIAL\151. JALAN ROBINSON (VI)\RAW DATA\IR,8.jpg
5,Overview,1,01. swg-overview.docx,5,JALAN ROBINSON,4:02 pm,01/06/2026,23.2,77,OVERVIEW SIDE (LHS),-,-,-,-,-,-,-,,TAMCO,RMU SF6,12kV,GR1,MTM,HERMETICALLY SEAL,100kVA,T/800/1452/1486,,,,,,,,,,,,,,,,,,,,,,,,,,,{},page5,Visual Image Path,C:\Users\aremi\Desktop\REPORT CBM\PO 42289580 - Pahang 11kV SECOND CYCLE AZZAD 2026\RAW MATERIAL\151. JALAN ROBINSON (VI)\RAW DATA\IR,9.jpg
5,Overview,1,01. swg-overview.docx,5,JALAN ROBINSON,4:02 pm,01/06/2026,23.2,77,OVERVIEW SIDE (LHS),-,-,-,-,-,-,-,,TAMCO,RMU SF6,12kV,GR1,MTM,HERMETICALLY SEAL,100kVA,T/800/1452/1486,,,,,,,,,,,,,,,,,,,,,,,,,,,{},page5,IR Image Path,C:\Users\aremi\Desktop\REPORT CBM\PO 42289580 - Pahang 11kV SECOND CYCLE AZZAD 2026\RAW MATERIAL\151. JALAN ROBINSON (VI)\RAW DATA\IR,10.jpg
6,Overview,1,01. swg-overview.docx,6,JALAN ROBINSON,4:02 pm,01/06/2026,23.2,77,OVERVIEW SIDE (RHS),-,-,-,-,-,-,-,,TAMCO,RMU SF6,12kV,GR1,MTM,HERMETICALLY SEAL,100kVA,T/800/1452/1486,,,,,,,,,,,,,,,,,,,,,,,,,,,{},page6,Visual Image Path,C:\Users\aremi\Desktop\REPORT CBM\PO 42289580 - Pahang 11kV SECOND CYCLE AZZAD 2026\RAW MATERIAL\151. JALAN ROBINSON (VI)\RAW DATA\IR,11.jpg
6,Overview,1,01. swg-overview.docx,6,JALAN ROBINSON,4:02 pm,01/06/2026,23.2,77,OVERVIEW SIDE (RHS),-,-,-,-,-,-,-,,TAMCO,RMU SF6,12kV,GR1,MTM,HERMETICALLY SEAL,100kVA,T/800/1452/1486,,,,,,,,,,,,,,,,,,,,,,,,,,,{},page6,IR Image Path,C:\Users\aremi\Desktop\REPORT CBM\PO 42289580 - Pahang 11kV SECOND CYCLE AZZAD 2026\RAW MATERIAL\151. JALAN ROBINSON (VI)\RAW DATA\IR,12.jpg
7,Panel1,1,02. swg-panel.docx,7,JALAN ROBINSON,4:02 pm,01/06/2026,23.2,77,CABLE COMPARTMENT,CCH00666,JALAN BOH,XLPE,CLOSE,-,-,-,B21729024,TAMCO,RMU SF6,12kV,GR1,MTM,HERMETICALLY SEAL,100kVA,T/800/1452/1486,,,,,,,,,,,,,,,,,,,,,,,,,,,{},page7,Visual Image Path,C:\Users\aremi\Desktop\REPORT CBM\PO 42289580 - Pahang 11kV SECOND CYCLE AZZAD 2026\RAW MATERIAL\151. JALAN ROBINSON (VI)\RAW DATA\IR,13.jpg
7,Panel1,1,02. swg-panel.docx,7,JALAN ROBINSON,4:02 pm,01/06/2026,23.2,77,CABLE COMPARTMENT,CCH00666,JALAN BOH,XLPE,CLOSE,-,-,-,B21729024,TAMCO,RMU SF6,12kV,GR1,MTM,HERMETICALLY SEAL,100kVA,T/800/1452/1486,,,,,,,,,,,,,,,,,,,,,,,,,,,{},page7,IR Image Path,C:\Users\aremi\Desktop\REPORT CBM\PO 42289580 - Pahang 11kV SECOND CYCLE AZZAD 2026\RAW MATERIAL\151. JALAN ROBINSON (VI)\RAW DATA\IR,14.jpg
8,Panel1,1,02. swg-panel.docx,8,JALAN ROBINSON,4:02 pm,01/06/2026,23.2,77,CABLE ENTRY,CCH00666,JALAN BOH,XLPE,CLOSE,-,-,-,B21729024,TAMCO,RMU SF6,12kV,GR1,MTM,HERMETICALLY SEAL,100kVA,T/800/1452/1486,,,,,,,,,,,,,,,,,,,,,,,,,,,{},page8,Visual Image Path,C:\Users\aremi\Desktop\REPORT CBM\PO 42289580 - Pahang 11kV SECOND CYCLE AZZAD 2026\RAW MATERIAL\151. JALAN ROBINSON (VI)\RAW DATA\IR,15.jpg
8,Panel1,1,02. swg-panel.docx,8,JALAN ROBINSON,4:02 pm,01/06/2026,23.2,77,CABLE ENTRY,CCH00666,JALAN BOH,XLPE,CLOSE,-,-,-,B21729024,TAMCO,RMU SF6,12kV,GR1,MTM,HERMETICALLY SEAL,100kVA,T/800/1452/1486,,,,,,,,,,,,,,,,,,,,,,,,,,,{},page8,IR Image Path,C:\Users\aremi\Desktop\REPORT CBM\PO 42289580 - Pahang 11kV SECOND CYCLE AZZAD 2026\RAW MATERIAL\151. JALAN ROBINSON (VI)\RAW DATA\IR,16.jpg
9,Panel2,1,02. swg-panel.docx,9,JALAN ROBINSON,4:02 pm,01/06/2026,23.2,77,CABLE COMPARTMENT,CCH00667,TX 100kVA,XLPE,CLOSE,-,-,-,B21729024,TAMCO,RMU SF6,12kV,GR1,MTM,HERMETICALLY SEAL,100kVA,T/800/1452/1486,,,,,,,,,,,,,,,,,,,,,,,,,,,{},page9,Visual Image Path,C:\Users\aremi\Desktop\REPORT CBM\PO 42289580 - Pahang 11kV SECOND CYCLE AZZAD 2026\RAW MATERIAL\151. JALAN ROBINSON (VI)\RAW DATA\IR,17.jpg
9,Panel2,1,02. swg-panel.docx,9,JALAN ROBINSON,4:02 pm,01/06/2026,23.2,77,CABLE COMPARTMENT,CCH00667,TX 100kVA,XLPE,CLOSE,-,-,-,B21729024,TAMCO,RMU SF6,12kV,GR1,MTM,HERMETICALLY SEAL,100kVA,T/800/1452/1486,,,,,,,,,,,,,,,,,,,,,,,,,,,{},page9,IR Image Path,C:\Users\aremi\Desktop\REPORT CBM\PO 42289580 - Pahang 11kV SECOND CYCLE AZZAD 2026\RAW MATERIAL\151. JALAN ROBINSON (VI)\RAW DATA\IR,18.jpg
10,Panel2,1,02. swg-panel.docx,10,JALAN ROBINSON,4:02 pm,01/06/2026,23.2,77,CABLE ENTRY,CCH00667,TX 100kVA,XLPE,CLOSE,-,-,-,B21729024,TAMCO,RMU SF6,12kV,GR1,MTM,HERMETICALLY SEAL,100kVA,T/800/1452/1486,,,,,,,,,,,,,,,,,,,,,,,,,,,{},page10,Visual Image Path,C:\Users\aremi\Desktop\REPORT CBM\PO 42289580 - Pahang 11kV SECOND CYCLE AZZAD 2026\RAW MATERIAL\151. JALAN ROBINSON (VI)\RAW DATA\IR,19.jpg
10,Panel2,1,02. swg-panel.docx,10,JALAN ROBINSON,4:02 pm,01/06/2026,23.2,77,CABLE ENTRY,CCH00667,TX 100kVA,XLPE,CLOSE,-,-,-,B21729024,TAMCO,RMU SF6,12kV,GR1,MTM,HERMETICALLY SEAL,100kVA,T/800/1452/1486,,,,,,,,,,,,,,,,,,,,,,,,,,,{},page10,IR Image Path,C:\Users\aremi\Desktop\REPORT CBM\PO 42289580 - Pahang 11kV SECOND CYCLE AZZAD 2026\RAW MATERIAL\151. JALAN ROBINSON (VI)\RAW DATA\IR,20.jpg
11,Panel3,1,02. swg-panel.docx,11,JALAN ROBINSON,4:02 pm,01/06/2026,23.2,77,CABLE COMPARTMENT,CCH00668,SSU HOSPITAL,XLPE,CLOSE,-,-,-,B21729024,TAMCO,RMU SF6,12kV,GR1,MTM,HERMETICALLY SEAL,100kVA,T/800/1452/1486,,,,,,,,,,,,,,,,,,,,,,,,,,,{},page11,Visual Image Path,C:\Users\aremi\Desktop\REPORT CBM\PO 42289580 - Pahang 11kV SECOND CYCLE AZZAD 2026\RAW MATERIAL\151. JALAN ROBINSON (VI)\RAW DATA\IR,21.jpg
11,Panel3,1,02. swg-panel.docx,11,JALAN ROBINSON,4:02 pm,01/06/2026,23.2,77,CABLE COMPARTMENT,CCH00668,SSU HOSPITAL,XLPE,CLOSE,-,-,-,B21729024,TAMCO,RMU SF6,12kV,GR1,MTM,HERMETICALLY SEAL,100kVA,T/800/1452/1486,,,,,,,,,,,,,,,,,,,,,,,,,,,{},page11,IR Image Path,C:\Users\aremi\Desktop\REPORT CBM\PO 42289580 - Pahang 11kV SECOND CYCLE AZZAD 2026\RAW MATERIAL\151. JALAN ROBINSON (VI)\RAW DATA\IR,22.jpg
12,Panel3,1,02. swg-panel.docx,12,JALAN ROBINSON,4:02 pm,01/06/2026,23.2,77,CABLE ENTRY,CCH00668,SSU HOSPITAL,XLPE,CLOSE,-,-,-,B21729024,TAMCO,RMU SF6,12kV,GR1,MTM,HERMETICALLY SEAL,100kVA,T/800/1452/1486,,,,,,,,,,,,,,,,,,,,,,,,,,,{},page12,Visual Image Path,C:\Users\aremi\Desktop\REPORT CBM\PO 42289580 - Pahang 11kV SECOND CYCLE AZZAD 2026\RAW MATERIAL\151. JALAN ROBINSON (VI)\RAW DATA\IR,23.jpg
12,Panel3,1,02. swg-panel.docx,12,JALAN ROBINSON,4:02 pm,01/06/2026,23.2,77,CABLE ENTRY,CCH00668,SSU HOSPITAL,XLPE,CLOSE,-,-,-,B21729024,TAMCO,RMU SF6,12kV,GR1,MTM,HERMETICALLY SEAL,100kVA,T/800/1452/1486,,,,,,,,,,,,,,,,,,,,,,,,,,,{},page12,IR Image Path,C:\Users\aremi\Desktop\REPORT CBM\PO 42289580 - Pahang 11kV SECOND CYCLE AZZAD 2026\RAW MATERIAL\151. JALAN ROBINSON (VI)\RAW DATA\IR,24.jpg
13,Panel4,1,02. swg-panel.docx,13,JALAN ROBINSON,4:02 pm,01/06/2026,23.2,77,CABLE COMPARTMENT,,,,,,,,,TAMCO,RMU SF6,12kV,GR1,MTM,HERMETICALLY SEAL,100kVA,T/800/1452/1486,,,,,,,,,,,,,,,,,,,,,,,,,,,{},page13,Visual Image Path,C:\Users\aremi\Desktop\REPORT CBM\PO 42289580 - Pahang 11kV SECOND CYCLE AZZAD 2026\RAW MATERIAL\151. JALAN ROBINSON (VI)\RAW DATA\IR,25.jpg
13,Panel4,1,02. swg-panel.docx,13,JALAN ROBINSON,4:02 pm,01/06/2026,23.2,77,CABLE COMPARTMENT,,,,,,,,,TAMCO,RMU SF6,12kV,GR1,MTM,HERMETICALLY SEAL,100kVA,T/800/1452/1486,,,,,,,,,,,,,,,,,,,,,,,,,,,{},page13,IR Image Path,C:\Users\aremi\Desktop\REPORT CBM\PO 42289580 - Pahang 11kV SECOND CYCLE AZZAD 2026\RAW MATERIAL\151. JALAN ROBINSON (VI)\RAW DATA\IR,26.jpg
14,Panel4,1,02. swg-panel.docx,14,JALAN ROBINSON,4:02 pm,01/06/2026,23.2,77,CABLE ENTRY,,,,,,,,,TAMCO,RMU SF6,12kV,GR1,MTM,HERMETICALLY SEAL,100kVA,T/800/1452/1486,,,,,,,,,,,,,,,,,,,,,,,,,,,{},page14,Visual Image Path,C:\Users\aremi\Desktop\REPORT CBM\PO 42289580 - Pahang 11kV SECOND CYCLE AZZAD 2026\RAW MATERIAL\151. JALAN ROBINSON (VI)\RAW DATA\IR,27.jpg
14,Panel4,1,02. swg-panel.docx,14,JALAN ROBINSON,4:02 pm,01/06/2026,23.2,77,CABLE ENTRY,,,,,,,,,TAMCO,RMU SF6,12kV,GR1,MTM,HERMETICALLY SEAL,100kVA,T/800/1452/1486,,,,,,,,,,,,,,,,,,,,,,,,,,,{},page14,IR Image Path,C:\Users\aremi\Desktop\REPORT CBM\PO 42289580 - Pahang 11kV SECOND CYCLE AZZAD 2026\RAW MATERIAL\151. JALAN ROBINSON (VI)\RAW DATA\IR,28.jpg
15,Panel5,1,02. swg-panel.docx,15,JALAN ROBINSON,4:02 pm,01/06/2026,23.2,77,CABLE COMPARTMENT,,,,,,,,,TAMCO,RMU SF6,12kV,GR1,MTM,HERMETICALLY SEAL,100kVA,T/800/1452/1486,,,,,,,,,,,,,,,,,,,,,,,,,,,{},page15,Visual Image Path,C:\Users\aremi\Desktop\REPORT CBM\PO 42289580 - Pahang 11kV SECOND CYCLE AZZAD 2026\RAW MATERIAL\151. JALAN ROBINSON (VI)\RAW DATA\IR,29.jpg
15,Panel5,1,02. swg-panel.docx,15,JALAN ROBINSON,4:02 pm,01/06/2026,23.2,77,CABLE COMPARTMENT,,,,,,,,,TAMCO,RMU SF6,12kV,GR1,MTM,HERMETICALLY SEAL,100kVA,T/800/1452/1486,,,,,,,,,,,,,,,,,,,,,,,,,,,{},page15,IR Image Path,C:\Users\aremi\Desktop\REPORT CBM\PO 42289580 - Pahang 11kV SECOND CYCLE AZZAD 2026\RAW MATERIAL\151. JALAN ROBINSON (VI)\RAW DATA\IR,30.jpg
16,Panel5,1,02. swg-panel.docx,16,JALAN ROBINSON,4:02 pm,01/06/2026,23.2,77,CABLE ENTRY,,,,,,,,,TAMCO,RMU SF6,12kV,GR1,MTM,HERMETICALLY SEAL,100kVA,T/800/1452/1486,,,,,,,,,,,,,,,,,,,,,,,,,,,{},page16,Visual Image Path,C:\Users\aremi\Desktop\REPORT CBM\PO 42289580 - Pahang 11kV SECOND CYCLE AZZAD 2026\RAW MATERIAL\151. JALAN ROBINSON (VI)\RAW DATA\IR,31.jpg
16,Panel5,1,02. swg-panel.docx,16,JALAN ROBINSON,4:02 pm,01/06/2026,23.2,77,CABLE ENTRY,,,,,,,,,TAMCO,RMU SF6,12kV,GR1,MTM,HERMETICALLY SEAL,100kVA,T/800/1452/1486,,,,,,,,,,,,,,,,,,,,,,,,,,,{},page16,IR Image Path,C:\Users\aremi\Desktop\REPORT CBM\PO 42289580 - Pahang 11kV SECOND CYCLE AZZAD 2026\RAW MATERIAL\151. JALAN ROBINSON (VI)\RAW DATA\IR,32.jpg
17,Panel6,1,02. swg-panel.docx,17,JALAN ROBINSON,4:02 pm,01/06/2026,23.2,77,CABLE COMPARTMENT,,,,,,,,,TAMCO,RMU SF6,12kV,GR1,MTM,HERMETICALLY SEAL,100kVA,T/800/1452/1486,,,,,,,,,,,,,,,,,,,,,,,,,,,{},page17,Visual Image Path,C:\Users\aremi\Desktop\REPORT CBM\PO 42289580 - Pahang 11kV SECOND CYCLE AZZAD 2026\RAW MATERIAL\151. JALAN ROBINSON (VI)\RAW DATA\IR,33.jpg
17,Panel6,1,02. swg-panel.docx,17,JALAN ROBINSON,4:02 pm,01/06/2026,23.2,77,CABLE COMPARTMENT,,,,,,,,,TAMCO,RMU SF6,12kV,GR1,MTM,HERMETICALLY SEAL,100kVA,T/800/1452/1486,,,,,,,,,,,,,,,,,,,,,,,,,,,{},page17,IR Image Path,C:\Users\aremi\Desktop\REPORT CBM\PO 42289580 - Pahang 11kV SECOND CYCLE AZZAD 2026\RAW MATERIAL\151. JALAN ROBINSON (VI)\RAW DATA\IR,34.jpg
18,Panel6,1,02. swg-panel.docx,18,JALAN ROBINSON,4:02 pm,01/06/2026,23.2,77,CABLE ENTRY,,,,,,,,,TAMCO,RMU SF6,12kV,GR1,MTM,HERMETICALLY SEAL,100kVA,T/800/1452/1486,,,,,,,,,,,,,,,,,,,,,,,,,,,{},page18,Visual Image Path,C:\Users\aremi\Desktop\REPORT CBM\PO 42289580 - Pahang 11kV SECOND CYCLE AZZAD 2026\RAW MATERIAL\151. JALAN ROBINSON (VI)\RAW DATA\IR,35.jpg
18,Panel6,1,02. swg-panel.docx,18,JALAN ROBINSON,4:02 pm,01/06/2026,23.2,77,CABLE ENTRY,,,,,,,,,TAMCO,RMU SF6,12kV,GR1,MTM,HERMETICALLY SEAL,100kVA,T/800/1452/1486,,,,,,,,,,,,,,,,,,,,,,,,,,,{},page18,IR Image Path,C:\Users\aremi\Desktop\REPORT CBM\PO 42289580 - Pahang 11kV SECOND CYCLE AZZAD 2026\RAW MATERIAL\151. JALAN ROBINSON (VI)\RAW DATA\IR,36.jpg
19,Panel7,1,02. swg-panel.docx,19,JALAN ROBINSON,4:02 pm,01/06/2026,23.2,77,CABLE COMPARTMENT,,,,,,,,,TAMCO,RMU SF6,12kV,GR1,MTM,HERMETICALLY SEAL,100kVA,T/800/1452/1486,,,,,,,,,,,,,,,,,,,,,,,,,,,{},page19,Visual Image Path,C:\Users\aremi\Desktop\REPORT CBM\PO 42289580 - Pahang 11kV SECOND CYCLE AZZAD 2026\RAW MATERIAL\151. JALAN ROBINSON (VI)\RAW DATA\IR,37.jpg
19,Panel7,1,02. swg-panel.docx,19,JALAN ROBINSON,4:02 pm,01/06/2026,23.2,77,CABLE COMPARTMENT,,,,,,,,,TAMCO,RMU SF6,12kV,GR1,MTM,HERMETICALLY SEAL,100kVA,T/800/1452/1486,,,,,,,,,,,,,,,,,,,,,,,,,,,{},page19,IR Image Path,C:\Users\aremi\Desktop\REPORT CBM\PO 42289580 - Pahang 11kV SECOND CYCLE AZZAD 2026\RAW MATERIAL\151. JALAN ROBINSON (VI)\RAW DATA\IR,38.jpg
20,Panel7,1,02. swg-panel.docx,20,JALAN ROBINSON,4:02 pm,01/06/2026,23.2,77,CABLE ENTRY,,,,,,,,,TAMCO,RMU SF6,12kV,GR1,MTM,HERMETICALLY SEAL,100kVA,T/800/1452/1486,,,,,,,,,,,,,,,,,,,,,,,,,,,{},page20,Visual Image Path,C:\Users\aremi\Desktop\REPORT CBM\PO 42289580 - Pahang 11kV SECOND CYCLE AZZAD 2026\RAW MATERIAL\151. JALAN ROBINSON (VI)\RAW DATA\IR,39.jpg
20,Panel7,1,02. swg-panel.docx,20,JALAN ROBINSON,4:02 pm,01/06/2026,23.2,77,CABLE ENTRY,,,,,,,,,TAMCO,RMU SF6,12kV,GR1,MTM,HERMETICALLY SEAL,100kVA,T/800/1452/1486,,,,,,,,,,,,,,,,,,,,,,,,,,,{},page20,IR Image Path,C:\Users\aremi\Desktop\REPORT CBM\PO 42289580 - Pahang 11kV SECOND CYCLE AZZAD 2026\RAW MATERIAL\151. JALAN ROBINSON (VI)\RAW DATA\IR,40.jpg
21,Panel8,1,02. swg-panel.docx,21,JALAN ROBINSON,4:02 pm,01/06/2026,23.2,77,CABLE COMPARTMENT,,,,,,,,,TAMCO,RMU SF6,12kV,GR1,MTM,HERMETICALLY SEAL,100kVA,T/800/1452/1486,,,,,,,,,,,,,,,,,,,,,,,,,,,{},page21,Visual Image Path,C:\Users\aremi\Desktop\REPORT CBM\PO 42289580 - Pahang 11kV SECOND CYCLE AZZAD 2026\RAW MATERIAL\151. JALAN ROBINSON (VI)\RAW DATA\IR,41.jpg
21,Panel8,1,02. swg-panel.docx,21,JALAN ROBINSON,4:02 pm,01/06/2026,23.2,77,CABLE COMPARTMENT,,,,,,,,,TAMCO,RMU SF6,12kV,GR1,MTM,HERMETICALLY SEAL,100kVA,T/800/1452/1486,,,,,,,,,,,,,,,,,,,,,,,,,,,{},page21,IR Image Path,C:\Users\aremi\Desktop\REPORT CBM\PO 42289580 - Pahang 11kV SECOND CYCLE AZZAD 2026\RAW MATERIAL\151. JALAN ROBINSON (VI)\RAW DATA\IR,42.jpg
22,Panel8,1,02. swg-panel.docx,22,JALAN ROBINSON,4:02 pm,01/06/2026,23.2,77,CABLE ENTRY,,,,,,,,,TAMCO,RMU SF6,12kV,GR1,MTM,HERMETICALLY SEAL,100kVA,T/800/1452/1486,,,,,,,,,,,,,,,,,,,,,,,,,,,{},page22,Visual Image Path,C:\Users\aremi\Desktop\REPORT CBM\PO 42289580 - Pahang 11kV SECOND CYCLE AZZAD 2026\RAW MATERIAL\151. JALAN ROBINSON (VI)\RAW DATA\IR,43.jpg
22,Panel8,1,02. swg-panel.docx,22,JALAN ROBINSON,4:02 pm,01/06/2026,23.2,77,CABLE ENTRY,,,,,,,,,TAMCO,RMU SF6,12kV,GR1,MTM,HERMETICALLY SEAL,100kVA,T/800/1452/1486,,,,,,,,,,,,,,,,,,,,,,,,,,,{},page22,IR Image Path,C:\Users\aremi\Desktop\REPORT CBM\PO 42289580 - Pahang 11kV SECOND CYCLE AZZAD 2026\RAW MATERIAL\151. JALAN ROBINSON (VI)\RAW DATA\IR,44.jpg
23,Panel9,1,02. swg-panel.docx,23,JALAN ROBINSON,4:02 pm,01/06/2026,23.2,77,CABLE COMPARTMENT,,,,,,,,,TAMCO,RMU SF6,12kV,GR1,MTM,HERMETICALLY SEAL,100kVA,T/800/1452/1486,,,,,,,,,,,,,,,,,,,,,,,,,,,{},page23,Visual Image Path,C:\Users\aremi\Desktop\REPORT CBM\PO 42289580 - Pahang 11kV SECOND CYCLE AZZAD 2026\RAW MATERIAL\151. JALAN ROBINSON (VI)\RAW DATA\IR,45.jpg
23,Panel9,1,02. swg-panel.docx,23,JALAN ROBINSON,4:02 pm,01/06/2026,23.2,77,CABLE COMPARTMENT,,,,,,,,,TAMCO,RMU SF6,12kV,GR1,MTM,HERMETICALLY SEAL,100kVA,T/800/1452/1486,,,,,,,,,,,,,,,,,,,,,,,,,,,{},page23,IR Image Path,C:\Users\aremi\Desktop\REPORT CBM\PO 42289580 - Pahang 11kV SECOND CYCLE AZZAD 2026\RAW MATERIAL\151. JALAN ROBINSON (VI)\RAW DATA\IR,46.jpg
24,Panel9,1,02. swg-panel.docx,24,JALAN ROBINSON,4:02 pm,01/06/2026,23.2,77,CABLE ENTRY,,,,,,,,,TAMCO,RMU SF6,12kV,GR1,MTM,HERMETICALLY SEAL,100kVA,T/800/1452/1486,,,,,,,,,,,,,,,,,,,,,,,,,,,{},page24,Visual Image Path,C:\Users\aremi\Desktop\REPORT CBM\PO 42289580 - Pahang 11kV SECOND CYCLE AZZAD 2026\RAW MATERIAL\151. JALAN ROBINSON (VI)\RAW DATA\IR,47.jpg
24,Panel9,1,02. swg-panel.docx,24,JALAN ROBINSON,4:02 pm,01/06/2026,23.2,77,CABLE ENTRY,,,,,,,,,TAMCO,RMU SF6,12kV,GR1,MTM,HERMETICALLY SEAL,100kVA,T/800/1452/1486,,,,,,,,,,,,,,,,,,,,,,,,,,,{},page24,IR Image Path,C:\Users\aremi\Desktop\REPORT CBM\PO 42289580 - Pahang 11kV SECOND CYCLE AZZAD 2026\RAW MATERIAL\151. JALAN ROBINSON (VI)\RAW DATA\IR,48.jpg
25,Panel10,1,02. swg-panel.docx,25,JALAN ROBINSON,4:02 pm,01/06/2026,23.2,77,CABLE COMPARTMENT,,,,,,,,,TAMCO,RMU SF6,12kV,GR1,MTM,HERMETICALLY SEAL,100kVA,T/800/1452/1486,,,,,,,,,,,,,,,,,,,,,,,,,,,{},page25,Visual Image Path,C:\Users\aremi\Desktop\REPORT CBM\PO 42289580 - Pahang 11kV SECOND CYCLE AZZAD 2026\RAW MATERIAL\151. JALAN ROBINSON (VI)\RAW DATA\IR,49.jpg
25,Panel10,1,02. swg-panel.docx,25,JALAN ROBINSON,4:02 pm,01/06/2026,23.2,77,CABLE COMPARTMENT,,,,,,,,,TAMCO,RMU SF6,12kV,GR1,MTM,HERMETICALLY SEAL,100kVA,T/800/1452/1486,,,,,,,,,,,,,,,,,,,,,,,,,,,{},page25,IR Image Path,C:\Users\aremi\Desktop\REPORT CBM\PO 42289580 - Pahang 11kV SECOND CYCLE AZZAD 2026\RAW MATERIAL\151. JALAN ROBINSON (VI)\RAW DATA\IR,50.jpg
26,Panel10,1,02. swg-panel.docx,26,JALAN ROBINSON,4:02 pm,01/06/2026,23.2,77,CABLE ENTRY,,,,,,,,,TAMCO,RMU SF6,12kV,GR1,MTM,HERMETICALLY SEAL,100kVA,T/800/1452/1486,,,,,,,,,,,,,,,,,,,,,,,,,,,{},page26,Visual Image Path,C:\Users\aremi\Desktop\REPORT CBM\PO 42289580 - Pahang 11kV SECOND CYCLE AZZAD 2026\RAW MATERIAL\151. JALAN ROBINSON (VI)\RAW DATA\IR,51.jpg
26,Panel10,1,02. swg-panel.docx,26,JALAN ROBINSON,4:02 pm,01/06/2026,23.2,77,CABLE ENTRY,,,,,,,,,TAMCO,RMU SF6,12kV,GR1,MTM,HERMETICALLY SEAL,100kVA,T/800/1452/1486,,,,,,,,,,,,,,,,,,,,,,,,,,,{},page26,IR Image Path,C:\Users\aremi\Desktop\REPORT CBM\PO 42289580 - Pahang 11kV SECOND CYCLE AZZAD 2026\RAW MATERIAL\151. JALAN ROBINSON (VI)\RAW DATA\IR,52.jpg
27,TX1,1,03. tx1-overview.docx,41,JALAN ROBINSON,4:02 pm,01/06/2026,23.2,77,OVERVIEW,1,,,,,,,,TAMCO,RMU SF6,12kV,GR1,MTM,HERMETICALLY SEAL,100kVA,T/800/1452/1486,,,,,,,,,,,,,,,,,,,,,,,,,,,{},page27,Visual Image Path,C:\Users\aremi\Desktop\REPORT CBM\PO 42289580 - Pahang 11kV SECOND CYCLE AZZAD 2026\RAW MATERIAL\151. JALAN ROBINSON (VI)\RAW DATA\IR,53.jpg
27,TX1,1,03. tx1-overview.docx,41,JALAN ROBINSON,4:02 pm,01/06/2026,23.2,77,OVERVIEW,1,,,,,,,,TAMCO,RMU SF6,12kV,GR1,MTM,HERMETICALLY SEAL,100kVA,T/800/1452/1486,,,,,,,,,,,,,,,,,,,,,,,,,,,{},page27,IR Image Path,C:\Users\aremi\Desktop\REPORT CBM\PO 42289580 - Pahang 11kV SECOND CYCLE AZZAD 2026\RAW MATERIAL\151. JALAN ROBINSON (VI)\RAW DATA\IR,54.jpg
28,TX1,1,03. tx1-overview.docx,42,JALAN ROBINSON,4:02 pm,01/06/2026,23.2,77,OVERVIEW TOP,1,,,,,,,,TAMCO,RMU SF6,12kV,GR1,MTM,HERMETICALLY SEAL,100kVA,T/800/1452/1486,,,,,,,,,,,,,,,,,,,,,,,,,,,{},page28,Visual Image Path,C:\Users\aremi\Desktop\REPORT CBM\PO 42289580 - Pahang 11kV SECOND CYCLE AZZAD 2026\RAW MATERIAL\151. JALAN ROBINSON (VI)\RAW DATA\IR,55.jpg
28,TX1,1,03. tx1-overview.docx,42,JALAN ROBINSON,4:02 pm,01/06/2026,23.2,77,OVERVIEW TOP,1,,,,,,,,TAMCO,RMU SF6,12kV,GR1,MTM,HERMETICALLY SEAL,100kVA,T/800/1452/1486,,,,,,,,,,,,,,,,,,,,,,,,,,,{},page28,IR Image Path,C:\Users\aremi\Desktop\REPORT CBM\PO 42289580 - Pahang 11kV SECOND CYCLE AZZAD 2026\RAW MATERIAL\151. JALAN ROBINSON (VI)\RAW DATA\IR,56.jpg
29,TX1,1,04. tx1-hv-sides.docx,43,JALAN ROBINSON,4:02 pm,01/06/2026,23.2,77,BUSHING,1,HV SIDE,,,,,,,TAMCO,RMU SF6,12kV,GR1,MTM,HERMETICALLY SEAL,100kVA,T/800/1452/1486,,,,,,,,,,,,,,,,,,,,,,,,,,,{},page29,Visual Image Path,C:\Users\aremi\Desktop\REPORT CBM\PO 42289580 - Pahang 11kV SECOND CYCLE AZZAD 2026\RAW MATERIAL\151. JALAN ROBINSON (VI)\RAW DATA\IR,57.jpg
29,TX1,1,04. tx1-hv-sides.docx,43,JALAN ROBINSON,4:02 pm,01/06/2026,23.2,77,BUSHING,1,HV SIDE,,,,,,,TAMCO,RMU SF6,12kV,GR1,MTM,HERMETICALLY SEAL,100kVA,T/800/1452/1486,,,,,,,,,,,,,,,,,,,,,,,,,,,{},page29,IR Image Path,C:\Users\aremi\Desktop\REPORT CBM\PO 42289580 - Pahang 11kV SECOND CYCLE AZZAD 2026\RAW MATERIAL\151. JALAN ROBINSON (VI)\RAW DATA\IR,58.jpg
30,TX1,1,04. tx1-hv-sides.docx,44,JALAN ROBINSON,4:02 pm,01/06/2026,23.2,77,CABLE,1,HV SIDE,,,,,,,TAMCO,RMU SF6,12kV,GR1,MTM,HERMETICALLY SEAL,100kVA,T/800/1452/1486,,,,,,,,,,,,,,,,,,,,,,,,,,,{},page30,Visual Image Path,C:\Users\aremi\Desktop\REPORT CBM\PO 42289580 - Pahang 11kV SECOND CYCLE AZZAD 2026\RAW MATERIAL\151. JALAN ROBINSON (VI)\RAW DATA\IR,59.jpg
30,TX1,1,04. tx1-hv-sides.docx,44,JALAN ROBINSON,4:02 pm,01/06/2026,23.2,77,CABLE,1,HV SIDE,,,,,,,TAMCO,RMU SF6,12kV,GR1,MTM,HERMETICALLY SEAL,100kVA,T/800/1452/1486,,,,,,,,,,,,,,,,,,,,,,,,,,,{},page30,IR Image Path,C:\Users\aremi\Desktop\REPORT CBM\PO 42289580 - Pahang 11kV SECOND CYCLE AZZAD 2026\RAW MATERIAL\151. JALAN ROBINSON (VI)\RAW DATA\IR,60.jpg
31,TX1,1,04. tx1-hv-sides.docx,45,JALAN ROBINSON,4:02 pm,01/06/2026,23.2,77,CABLE SPLIT,1,HV SIDE,,,,,,,TAMCO,RMU SF6,12kV,GR1,MTM,HERMETICALLY SEAL,100kVA,T/800/1452/1486,,,,,,,,,,,,,,,,,,,,,,,,,,,{},page31,Visual Image Path,C:\Users\aremi\Desktop\REPORT CBM\PO 42289580 - Pahang 11kV SECOND CYCLE AZZAD 2026\RAW MATERIAL\151. JALAN ROBINSON (VI)\RAW DATA\IR,61.jpg
31,TX1,1,04. tx1-hv-sides.docx,45,JALAN ROBINSON,4:02 pm,01/06/2026,23.2,77,CABLE SPLIT,1,HV SIDE,,,,,,,TAMCO,RMU SF6,12kV,GR1,MTM,HERMETICALLY SEAL,100kVA,T/800/1452/1486,,,,,,,,,,,,,,,,,,,,,,,,,,,{},page31,IR Image Path,C:\Users\aremi\Desktop\REPORT CBM\PO 42289580 - Pahang 11kV SECOND CYCLE AZZAD 2026\RAW MATERIAL\151. JALAN ROBINSON (VI)\RAW DATA\IR,62.jpg
32,TX1,1,05. tx1-lv-sides.docx,46,JALAN ROBINSON,4:02 pm,01/06/2026,23.2,77,BUSHING,1,LV SIDE,,,,,,,TAMCO,RMU SF6,12kV,GR1,MTM,HERMETICALLY SEAL,100kVA,T/800/1452/1486,,,,,,,,,,,,,,,,,,,,,,,,,,,{},page32,Visual Image Path,C:\Users\aremi\Desktop\REPORT CBM\PO 42289580 - Pahang 11kV SECOND CYCLE AZZAD 2026\RAW MATERIAL\151. JALAN ROBINSON (VI)\RAW DATA\IR,63.jpg
32,TX1,1,05. tx1-lv-sides.docx,46,JALAN ROBINSON,4:02 pm,01/06/2026,23.2,77,BUSHING,1,LV SIDE,,,,,,,TAMCO,RMU SF6,12kV,GR1,MTM,HERMETICALLY SEAL,100kVA,T/800/1452/1486,,,,,,,,,,,,,,,,,,,,,,,,,,,{},page32,IR Image Path,C:\Users\aremi\Desktop\REPORT CBM\PO 42289580 - Pahang 11kV SECOND CYCLE AZZAD 2026\RAW MATERIAL\151. JALAN ROBINSON (VI)\RAW DATA\IR,64.jpg
33,TX1,1,05. tx1-lv-sides.docx,47,JALAN ROBINSON,4:02 pm,01/06/2026,23.2,77,CABLE,1,LV SIDE,,,,,,,TAMCO,RMU SF6,12kV,GR1,MTM,HERMETICALLY SEAL,100kVA,T/800/1452/1486,,,,,,,,,,,,,,,,,,,,,,,,,,,{},page33,Visual Image Path,C:\Users\aremi\Desktop\REPORT CBM\PO 42289580 - Pahang 11kV SECOND CYCLE AZZAD 2026\RAW MATERIAL\151. JALAN ROBINSON (VI)\RAW DATA\IR,65.jpg
33,TX1,1,05. tx1-lv-sides.docx,47,JALAN ROBINSON,4:02 pm,01/06/2026,23.2,77,CABLE,1,LV SIDE,,,,,,,TAMCO,RMU SF6,12kV,GR1,MTM,HERMETICALLY SEAL,100kVA,T/800/1452/1486,,,,,,,,,,,,,,,,,,,,,,,,,,,{},page33,IR Image Path,C:\Users\aremi\Desktop\REPORT CBM\PO 42289580 - Pahang 11kV SECOND CYCLE AZZAD 2026\RAW MATERIAL\151. JALAN ROBINSON (VI)\RAW DATA\IR,66.jpg
34,TX1,1,05. tx1-lv-sides.docx,48,JALAN ROBINSON,4:02 pm,01/06/2026,23.2,77,CABLE SPLIT,1,LV SIDE,,,,,,,TAMCO,RMU SF6,12kV,GR1,MTM,HERMETICALLY SEAL,100kVA,T/800/1452/1486,,,,,,,,,,,,,,,,,,,,,,,,,,,{},page34,Visual Image Path,C:\Users\aremi\Desktop\REPORT CBM\PO 42289580 - Pahang 11kV SECOND CYCLE AZZAD 2026\RAW MATERIAL\151. JALAN ROBINSON (VI)\RAW DATA\IR,67.jpg
34,TX1,1,05. tx1-lv-sides.docx,48,JALAN ROBINSON,4:02 pm,01/06/2026,23.2,77,CABLE SPLIT,1,LV SIDE,,,,,,,TAMCO,RMU SF6,12kV,GR1,MTM,HERMETICALLY SEAL,100kVA,T/800/1452/1486,,,,,,,,,,,,,,,,,,,,,,,,,,,{},page34,IR Image Path,C:\Users\aremi\Desktop\REPORT CBM\PO 42289580 - Pahang 11kV SECOND CYCLE AZZAD 2026\RAW MATERIAL\151. JALAN ROBINSON (VI)\RAW DATA\IR,68.jpg
35,TX2,1,06. tx2-overview.docx,49,JALAN ROBINSON,4:02 pm,01/06/2026,23.2,77,OVERVIEW,2,,,,,,,,TAMCO,RMU SF6,12kV,GR1,MTM,HERMETICALLY SEAL,100kVA,T/800/1452/1486,,,,,,,,,,,,,,,,,,,,,,,,,,,{},page35,Visual Image Path,C:\Users\aremi\Desktop\REPORT CBM\PO 42289580 - Pahang 11kV SECOND CYCLE AZZAD 2026\RAW MATERIAL\151. JALAN ROBINSON (VI)\RAW DATA\IR,69.jpg
35,TX2,1,06. tx2-overview.docx,49,JALAN ROBINSON,4:02 pm,01/06/2026,23.2,77,OVERVIEW,2,,,,,,,,TAMCO,RMU SF6,12kV,GR1,MTM,HERMETICALLY SEAL,100kVA,T/800/1452/1486,,,,,,,,,,,,,,,,,,,,,,,,,,,{},page35,IR Image Path,C:\Users\aremi\Desktop\REPORT CBM\PO 42289580 - Pahang 11kV SECOND CYCLE AZZAD 2026\RAW MATERIAL\151. JALAN ROBINSON (VI)\RAW DATA\IR,70.jpg
36,TX2,1,06. tx2-overview.docx,50,JALAN ROBINSON,4:02 pm,01/06/2026,23.2,77,OVERVIEW TOP,2,,,,,,,,TAMCO,RMU SF6,12kV,GR1,MTM,HERMETICALLY SEAL,100kVA,T/800/1452/1486,,,,,,,,,,,,,,,,,,,,,,,,,,,{},page36,Visual Image Path,C:\Users\aremi\Desktop\REPORT CBM\PO 42289580 - Pahang 11kV SECOND CYCLE AZZAD 2026\RAW MATERIAL\151. JALAN ROBINSON (VI)\RAW DATA\IR,71.jpg
36,TX2,1,06. tx2-overview.docx,50,JALAN ROBINSON,4:02 pm,01/06/2026,23.2,77,OVERVIEW TOP,2,,,,,,,,TAMCO,RMU SF6,12kV,GR1,MTM,HERMETICALLY SEAL,100kVA,T/800/1452/1486,,,,,,,,,,,,,,,,,,,,,,,,,,,{},page36,IR Image Path,C:\Users\aremi\Desktop\REPORT CBM\PO 42289580 - Pahang 11kV SECOND CYCLE AZZAD 2026\RAW MATERIAL\151. JALAN ROBINSON (VI)\RAW DATA\IR,72.jpg
37,TX2,1,07. tx2-hv-sides.docx,51,JALAN ROBINSON,4:02 pm,01/06/2026,23.2,77,BUSHING,2,HV SIDE,,,,,,,TAMCO,RMU SF6,12kV,GR1,MTM,HERMETICALLY SEAL,100kVA,T/800/1452/1486,,,,,,,,,,,,,,,,,,,,,,,,,,,{},page37,Visual Image Path,C:\Users\aremi\Desktop\REPORT CBM\PO 42289580 - Pahang 11kV SECOND CYCLE AZZAD 2026\RAW MATERIAL\151. JALAN ROBINSON (VI)\RAW DATA\IR,73.jpg
37,TX2,1,07. tx2-hv-sides.docx,51,JALAN ROBINSON,4:02 pm,01/06/2026,23.2,77,BUSHING,2,HV SIDE,,,,,,,TAMCO,RMU SF6,12kV,GR1,MTM,HERMETICALLY SEAL,100kVA,T/800/1452/1486,,,,,,,,,,,,,,,,,,,,,,,,,,,{},page37,IR Image Path,C:\Users\aremi\Desktop\REPORT CBM\PO 42289580 - Pahang 11kV SECOND CYCLE AZZAD 2026\RAW MATERIAL\151. JALAN ROBINSON (VI)\RAW DATA\IR,74.jpg
38,TX2,1,07. tx2-hv-sides.docx,52,JALAN ROBINSON,4:02 pm,01/06/2026,23.2,77,CABLE,2,HV SIDE,,,,,,,TAMCO,RMU SF6,12kV,GR1,MTM,HERMETICALLY SEAL,100kVA,T/800/1452/1486,,,,,,,,,,,,,,,,,,,,,,,,,,,{},page38,Visual Image Path,C:\Users\aremi\Desktop\REPORT CBM\PO 42289580 - Pahang 11kV SECOND CYCLE AZZAD 2026\RAW MATERIAL\151. JALAN ROBINSON (VI)\RAW DATA\IR,75.jpg
38,TX2,1,07. tx2-hv-sides.docx,52,JALAN ROBINSON,4:02 pm,01/06/2026,23.2,77,CABLE,2,HV SIDE,,,,,,,TAMCO,RMU SF6,12kV,GR1,MTM,HERMETICALLY SEAL,100kVA,T/800/1452/1486,,,,,,,,,,,,,,,,,,,,,,,,,,,{},page38,IR Image Path,C:\Users\aremi\Desktop\REPORT CBM\PO 42289580 - Pahang 11kV SECOND CYCLE AZZAD 2026\RAW MATERIAL\151. JALAN ROBINSON (VI)\RAW DATA\IR,76.jpg
39,TX2,1,07. tx2-hv-sides.docx,53,JALAN ROBINSON,4:02 pm,01/06/2026,23.2,77,CABLE SPLIT,2,HV SIDE,,,,,,,TAMCO,RMU SF6,12kV,GR1,MTM,HERMETICALLY SEAL,100kVA,T/800/1452/1486,,,,,,,,,,,,,,,,,,,,,,,,,,,{},page39,Visual Image Path,C:\Users\aremi\Desktop\REPORT CBM\PO 42289580 - Pahang 11kV SECOND CYCLE AZZAD 2026\RAW MATERIAL\151. JALAN ROBINSON (VI)\RAW DATA\IR,77.jpg
39,TX2,1,08. tx2-lv-sides.docx,53,JALAN ROBINSON,4:02 pm,01/06/2026,23.2,77,CABLE SPLIT,2,HV SIDE,,,,,,,TAMCO,RMU SF6,12kV,GR1,MTM,HERMETICALLY SEAL,100kVA,T/800/1452/1486,,,,,,,,,,,,,,,,,,,,,,,,,,,{},page39,IR Image Path,C:\Users\aremi\Desktop\REPORT CBM\PO 42289580 - Pahang 11kV SECOND CYCLE AZZAD 2026\RAW MATERIAL\151. JALAN ROBINSON (VI)\RAW DATA\IR,78.jpg
40,TX2,1,08. tx2-lv-sides.docx,54,JALAN ROBINSON,4:02 pm,01/06/2026,23.2,77,BUSHING,2,LV SIDE,,,,,,,TAMCO,RMU SF6,12kV,GR1,MTM,HERMETICALLY SEAL,100kVA,T/800/1452/1486,,,,,,,,,,,,,,,,,,,,,,,,,,,{},page40,Visual Image Path,C:\Users\aremi\Desktop\REPORT CBM\PO 42289580 - Pahang 11kV SECOND CYCLE AZZAD 2026\RAW MATERIAL\151. JALAN ROBINSON (VI)\RAW DATA\IR,79.jpg
40,TX2,1,08. tx2-lv-sides.docx,54,JALAN ROBINSON,4:02 pm,01/06/2026,23.2,77,BUSHING,2,LV SIDE,,,,,,,TAMCO,RMU SF6,12kV,GR1,MTM,HERMETICALLY SEAL,100kVA,T/800/1452/1486,,,,,,,,,,,,,,,,,,,,,,,,,,,{},page40,IR Image Path,C:\Users\aremi\Desktop\REPORT CBM\PO 42289580 - Pahang 11kV SECOND CYCLE AZZAD 2026\RAW MATERIAL\151. JALAN ROBINSON (VI)\RAW DATA\IR,80.jpg
41,TX2,1,08. tx2-lv-sides.docx,55,JALAN ROBINSON,4:02 pm,01/06/2026,23.2,77,CABLE,2,LV SIDE,,,,,,,TAMCO,RMU SF6,12kV,GR1,MTM,HERMETICALLY SEAL,100kVA,T/800/1452/1486,,,,,,,,,,,,,,,,,,,,,,,,,,,{},page41,Visual Image Path,C:\Users\aremi\Desktop\REPORT CBM\PO 42289580 - Pahang 11kV SECOND CYCLE AZZAD 2026\RAW MATERIAL\151. JALAN ROBINSON (VI)\RAW DATA\IR,81.jpg
41,TX2,1,08. tx2-lv-sides.docx,55,JALAN ROBINSON,4:02 pm,01/06/2026,23.2,77,CABLE,2,LV SIDE,,,,,,,TAMCO,RMU SF6,12kV,GR1,MTM,HERMETICALLY SEAL,100kVA,T/800/1452/1486,,,,,,,,,,,,,,,,,,,,,,,,,,,{},page41,IR Image Path,C:\Users\aremi\Desktop\REPORT CBM\PO 42289580 - Pahang 11kV SECOND CYCLE AZZAD 2026\RAW MATERIAL\151. JALAN ROBINSON (VI)\RAW DATA\IR,82.jpg
42,TX2,1,08. tx2-lv-sides.docx,56,JALAN ROBINSON,4:02 pm,01/06/2026,23.2,77,CABLE SPLIT,2,LV SIDE,,,,,,,TAMCO,RMU SF6,12kV,GR1,MTM,HERMETICALLY SEAL,100kVA,T/800/1452/1486,,,,,,,,,,,,,,,,,,,,,,,,,,,{},page42,Visual Image Path,C:\Users\aremi\Desktop\REPORT CBM\PO 42289580 - Pahang 11kV SECOND CYCLE AZZAD 2026\RAW MATERIAL\151. JALAN ROBINSON (VI)\RAW DATA\IR,83.jpg
42,TX2,1,08. tx2-lv-sides.docx,56,JALAN ROBINSON,4:02 pm,01/06/2026,23.2,77,CABLE SPLIT,2,LV SIDE,,,,,,,TAMCO,RMU SF6,12kV,GR1,MTM,HERMETICALLY SEAL,100kVA,T/800/1452/1486,,,,,,,,,,,,,,,,,,,,,,,,,,,{},page42,IR Image Path,C:\Users\aremi\Desktop\REPORT CBM\PO 42289580 - Pahang 11kV SECOND CYCLE AZZAD 2026\RAW MATERIAL\151. JALAN ROBINSON (VI)\RAW DATA\IR,84.jpg
43,FP 1,1,09. fp1-overview.docx,57,JALAN ROBINSON,4:02 pm,01/06/2026,23.2,77,OVERVIEW,-,,,,,,,,TAMCO,RMU SF6,12kV,GR1,MTM,HERMETICALLY SEAL,100kVA,T/800/1452/1486,,,,,,,,,,,,,,,,,,,,,,,,,,,{},page43,Visual Image Path,C:\Users\aremi\Desktop\REPORT CBM\PO 42289580 - Pahang 11kV SECOND CYCLE AZZAD 2026\RAW MATERIAL\151. JALAN ROBINSON (VI)\RAW DATA\IR,85.jpg
43,FP1,1,09. fp1-overview.docx,57,JALAN ROBINSON,4:02 pm,01/06/2026,23.2,77,OVERVIEW,-,,,,,,,,TAMCO,RMU SF6,12kV,GR1,MTM,HERMETICALLY SEAL,100kVA,T/800/1452/1486,,,,,,,,,,,,,,,,,,,,,,,,,,,{},page43,IR Image Path,C:\Users\aremi\Desktop\REPORT CBM\PO 42289580 - Pahang 11kV SECOND CYCLE AZZAD 2026\RAW MATERIAL\151. JALAN ROBINSON (VI)\RAW DATA\IR,86.jpg
44,FP2,1,10. fp2-overview.docx,58,JALAN ROBINSON,4:02 pm,01/06/2026,23.2,77,OVERVIEW,-,,,,,,,,TAMCO,RMU SF6,12kV,GR1,MTM,HERMETICALLY SEAL,100kVA,T/800/1452/1486,,,,,,,,,,,,,,,,,,,,,,,,,,,{},page44,Visual Image Path,C:\Users\aremi\Desktop\REPORT CBM\PO 42289580 - Pahang 11kV SECOND CYCLE AZZAD 2026\RAW MATERIAL\151. JALAN ROBINSON (VI)\RAW DATA\IR,87.jpg
44,FP2,1,10. fp2-overview.docx,58,JALAN ROBINSON,4:02 pm,01/06/2026,23.2,77,OVERVIEW,-,,,,,,,,TAMCO,RMU SF6,12kV,GR1,MTM,HERMETICALLY SEAL,100kVA,T/800/1452/1486,,,,,,,,,,,,,,,,,,,,,,,,,,,{},page44,IR Image Path,C:\Users\aremi\Desktop\REPORT CBM\PO 42289580 - Pahang 11kV SECOND CYCLE AZZAD 2026\RAW MATERIAL\151. JALAN ROBINSON (VI)\RAW DATA\IR,88.jpg
45,BLACK BOX 1,1,11. blackbox1-overview.docx,59,JALAN ROBINSON,4:02 pm,01/06/2026,23.2,77,OVERVIEW,-,,,,,,,,TAMCO,RMU SF6,12kV,GR1,MTM,HERMETICALLY SEAL,100kVA,T/800/1452/1486,,,,,,,,,,,,,,,,,,,,,,,,,,,{},page45,Visual Image Path,C:\Users\aremi\Desktop\REPORT CBM\PO 42289580 - Pahang 11kV SECOND CYCLE AZZAD 2026\RAW MATERIAL\151. JALAN ROBINSON (VI)\RAW DATA\IR,89.jpg
45,BLACK BOX 1,1,11. blackbox1-overview.docx,59,JALAN ROBINSON,4:02 pm,01/06/2026,23.2,77,OVERVIEW,-,,,,,,,,TAMCO,RMU SF6,12kV,GR1,MTM,HERMETICALLY SEAL,100kVA,T/800/1452/1486,,,,,,,,,,,,,,,,,,,,,,,,,,,{},page45,IR Image Path,C:\Users\aremi\Desktop\REPORT CBM\PO 42289580 - Pahang 11kV SECOND CYCLE AZZAD 2026\RAW MATERIAL\151. JALAN ROBINSON (VI)\RAW DATA\IR,90.jpg
46,BLACK BOX 2,1,12. blackbox2-overview.docx,60,JALAN ROBINSON,4:02 pm,01/06/2026,23.2,77,OVERVIEW,-,,,,,,,,TAMCO,RMU SF6,12kV,GR1,MTM,HERMETICALLY SEAL,100kVA,T/800/1452/1486,,,,,,,,,,,,,,,,,,,,,,,,,,,{},page46,Visual Image Path,C:\Users\aremi\Desktop\REPORT CBM\PO 42289580 - Pahang 11kV SECOND CYCLE AZZAD 2026\RAW MATERIAL\151. JALAN ROBINSON (VI)\RAW DATA\IR,91.jpg
46,BLACK BOX 2,1,12. blackbox2-overview.docx,60,JALAN ROBINSON,4:02 pm,01/06/2026,23.2,77,OVERVIEW,-,,,,,,,,TAMCO,RMU SF6,12kV,GR1,MTM,HERMETICALLY SEAL,100kVA,T/800/1452/1486,,,,,,,,,,,,,,,,,,,,,,,,,,,{},page46,IR Image Path,C:\Users\aremi\Desktop\REPORT CBM\PO 42289580 - Pahang 11kV SECOND CYCLE AZZAD 2026\RAW MATERIAL\151. JALAN ROBINSON (VI)\RAW DATA\IR,92.jpg
47,BATTERY BANK 1,1,13. battery1-overview.docx,61,JALAN ROBINSON,4:02 pm,01/06/2026,23.2,77,OVERVIEW,-,,,,,,,,TAMCO,RMU SF6,12kV,GR1,MTM,HERMETICALLY SEAL,100kVA,T/800/1452/1486,,,,,,,,,,,,,,,,,,,,,,,,,,,{},page47,Visual Image Path,C:\Users\aremi\Desktop\REPORT CBM\PO 42289580 - Pahang 11kV SECOND CYCLE AZZAD 2026\RAW MATERIAL\151. JALAN ROBINSON (VI)\RAW DATA\IR,93.jpg
47,BATTERY BANK 1,1,13. battery1-overview.docx,61,JALAN ROBINSON,4:02 pm,01/06/2026,23.2,77,OVERVIEW,-,,,,,,,,TAMCO,RMU SF6,12kV,GR1,MTM,HERMETICALLY SEAL,100kVA,T/800/1452/1486,,,,,,,,,,,,,,,,,,,,,,,,,,,{},page47,IR Image Path,C:\Users\aremi\Desktop\REPORT CBM\PO 42289580 - Pahang 11kV SECOND CYCLE AZZAD 2026\RAW MATERIAL\151. JALAN ROBINSON (VI)\RAW DATA\IR,94.jpg
48,BATTERY BANK 2,1,14. battery2-overview.docx,62,JALAN ROBINSON,4:02 pm,01/06/2026,23.2,77,OVERVIEW,-,,,,,,,,TAMCO,RMU SF6,12kV,GR1,MTM,HERMETICALLY SEAL,100kVA,T/800/1452/1486,,,,,,,,,,,,,,,,,,,,,,,,,,,{},page48,Visual Image Path,C:\Users\aremi\Desktop\REPORT CBM\PO 42289580 - Pahang 11kV SECOND CYCLE AZZAD 2026\RAW MATERIAL\151. JALAN ROBINSON (VI)\RAW DATA\IR,95.jpg
48,BATTERY BANK 2,1,14. battery2-overview.docx,62,JALAN ROBINSON,4:02 pm,01/06/2026,23.2,77,OVERVIEW,-,,,,,,,,TAMCO,RMU SF6,12kV,GR1,MTM,HERMETICALLY SEAL,100kVA,T/800/1452/1486,,,,,,,,,,,,,,,,,,,,,,,,,,,{},page48,IR Image Path,C:\Users\aremi\Desktop\REPORT CBM\PO 42289580 - Pahang 11kV SECOND CYCLE AZZAD 2026\RAW MATERIAL\151. JALAN ROBINSON (VI)\RAW DATA\IR,96.jpg
49,BATTERY BANK 3,1,15. battery3-overview.docx,63,JALAN ROBINSON,4:02 pm,01/06/2026,23.2,77,OVERVIEW,-,,,,,,,,TAMCO,RMU SF6,12kV,GR1,MTM,HERMETICALLY SEAL,100kVA,T/800/1452/1486,,,,,,,,,,,,,,,,,,,,,,,,,,,{},page49,Visual Image Path,C:\Users\aremi\Desktop\REPORT CBM\PO 42289580 - Pahang 11kV SECOND CYCLE AZZAD 2026\RAW MATERIAL\151. JALAN ROBINSON (VI)\RAW DATA\IR,97.jpg
49,BATTERY BANK 3,1,15. battery3-overview.docx,63,JALAN ROBINSON,4:02 pm,01/06/2026,23.2,77,OVERVIEW,-,,,,,,,,TAMCO,RMU SF6,12kV,GR1,MTM,HERMETICALLY SEAL,100kVA,T/800/1452/1486,,,,,,,,,,,,,,,,,,,,,,,,,,,{},page49,IR Image Path,C:\Users\aremi\Desktop\REPORT CBM\PO 42289580 - Pahang 11kV SECOND CYCLE AZZAD 2026\RAW MATERIAL\151. JALAN ROBINSON (VI)\RAW DATA\IR,98.jpg
50,BATTERY BANK 4,1,16. battery4-overview.docx,64,JALAN ROBINSON,4:02 pm,01/06/2026,23.2,77,OVERVIEW,-,,,,,,,,TAMCO,RMU SF6,12kV,GR1,MTM,HERMETICALLY SEAL,100kVA,T/800/1452/1486,,,,,,,,,,,,,,,,,,,,,,,,,,,{},page50,Visual Image Path,C:\Users\aremi\Desktop\REPORT CBM\PO 42289580 - Pahang 11kV SECOND CYCLE AZZAD 2026\RAW MATERIAL\151. JALAN ROBINSON (VI)\RAW DATA\IR,99.jpg
50,BATTERY BANK 4,1,16. battery4-overview.docx,64,JALAN ROBINSON,4:02 pm,01/06/2026,23.2,77,OVERVIEW,-,,,,,,,,TAMCO,RMU SF6,12kV,GR1,MTM,HERMETICALLY SEAL,100kVA,T/800/1452/1486,,,,,,,,,,,,,,,,,,,,,,,,,,,{},page50,IR Image Path,C:\Users\aremi\Desktop\REPORT CBM\PO 42289580 - Pahang 11kV SECOND CYCLE AZZAD 2026\RAW MATERIAL\151. JALAN ROBINSON (VI)\RAW DATA\IR,100.jpg
51,,2,,51,JALAN ROBINSON,4:02 pm,01/06/2026,23.2,77,,,,,,,,,,,,,,,,,,,,,,,,,,,,,,,,,,,,,,,,,,,,,,,,
51,,2,,51,JALAN ROBINSON,4:02 pm,01/06/2026,23.2,77,,,,,,,,,,,,,,,,,,,,,,,,,,,,,,,,,,,,,,,,,,,,,,,,
52,,2,,52,JALAN ROBINSON,4:02 pm,01/06/2026,23.2,77,,,,,,,,,,,,,,,,,,,,,,,,,,,,,,,,,,,,,,,,,,,,,,,,
52,,2,,52,JALAN ROBINSON,4:02 pm,01/06/2026,23.2,77,,,,,,,,,,,,,,,,,,,,,,,,,,,,,,,,,,,,,,,,,,,,,,,,
53,,2,,53,JALAN ROBINSON,4:02 pm,01/06/2026,23.2,77,,,,,,,,,,,,,,,,,,,,,,,,,,,,,,,,,,,,,,,,,,,,,,,,
53,,2,,53,JALAN ROBINSON,4:02 pm,01/06/2026,23.2,77,,,,,,,,,,,,,,,,,,,,,,,,,,,,,,,,,,,,,,,,,,,,,,,,
54,,2,,54,JALAN ROBINSON,4:02 pm,01/06/2026,23.2,77,,,,,,,,,,,,,,,,,,,,,,,,,,,,,,,,,,,,,,,,,,,,,,,,
54,,2,,54,JALAN ROBINSON,4:02 pm,01/06/2026,23.2,77,,,,,,,,,,,,,,,,,,,,,,,,,,,,,,,,,,,,,,,,,,,,,,,,
55,,2,,55,JALAN ROBINSON,4:02 pm,01/06/2026,23.2,77,,,,,,,,,,,,,,,,,,,,,,,,,,,,,,,,,,,,,,,,,,,,,,,,
55,,2,,55,JALAN ROBINSON,4:02 pm,01/06/2026,23.2,77,,,,,,,,,,,,,,,,,,,,,,,,,,,,,,,,,,,,,,,,,,,,,,,,
56,,2,,56,JALAN ROBINSON,4:02 pm,01/06/2026,23.2,77,,,,,,,,,,,,,,,,,,,,,,,,,,,,,,,,,,,,,,,,,,,,,,,,
56,,2,,56,JALAN ROBINSON,4:02 pm,01/06/2026,23.2,77,,,,,,,,,,,,,,,,,,,,,,,,,,,,,,,,,,,,,,,,,,,,,,,,
57,,2,,57,JALAN ROBINSON,4:02 pm,01/06/2026,23.2,77,,,,,,,,,,,,,,,,,,,,,,,,,,,,,,,,,,,,,,,,,,,,,,,,
57,,2,,57,JALAN ROBINSON,4:02 pm,01/06/2026,23.2,77,,,,,,,,,,,,,,,,,,,,,,,,,,,,,,,,,,,,,,,,,,,,,,,,
58,,2,,58,JALAN ROBINSON,4:02 pm,01/06/2026,23.2,77,,,,,,,,,,,,,,,,,,,,,,,,,,,,,,,,,,,,,,,,,,,,,,,,
58,,2,,58,JALAN ROBINSON,4:02 pm,01/06/2026,23.2,77,,,,,,,,,,,,,,,,,,,,,,,,,,,,,,,,,,,,,,,,,,,,,,,,
59,,2,,59,JALAN ROBINSON,4:02 pm,01/06/2026,23.2,77,,,,,,,,,,,,,,,,,,,,,,,,,,,,,,,,,,,,,,,,,,,,,,,,
59,,2,,59,JALAN ROBINSON,4:02 pm,01/06/2026,23.2,77,,,,,,,,,,,,,,,,,,,,,,,,,,,,,,,,,,,,,,,,,,,,,,,,
60,,2,,60,JALAN ROBINSON,4:02 pm,01/06/2026,23.2,77,,,,,,,,,,,,,,,,,,,,,,,,,,,,,,,,,,,,,,,,,,,,,,,,
60,,2,,60,JALAN ROBINSON,4:02 pm,01/06/2026,23.2,77,,,,,,,,,,,,,,,,,,,,,,,,,,,,,,,,,,,,,,,,,,,,,,,,
61,,2,,61,JALAN ROBINSON,4:02 pm,01/06/2026,23.2,77,,,,,,,,,,,,,,,,,,,,,,,,,,,,,,,,,,,,,,,,,,,,,,,,
61,,2,,61,JALAN ROBINSON,4:02 pm,01/06/2026,23.2,77,,,,,,,,,,,,,,,,,,,,,,,,,,,,,,,,,,,,,,,,,,,,,,,,
62,,2,,62,JALAN ROBINSON,4:02 pm,01/06/2026,23.2,77,,,,,,,,,,,,,,,,,,,,,,,,,,,,,,,,,,,,,,,,,,,,,,,,
62,,2,,62,JALAN ROBINSON,4:02 pm,01/06/2026,23.2,77,,,,,,,,,,,,,,,,,,,,,,,,,,,,,,,,,,,,,,,,,,,,,,,,
63,,2,,63,JALAN ROBINSON,4:02 pm,01/06/2026,23.2,77,,,,,,,,,,,,,,,,,,,,,,,,,,,,,,,,,,,,,,,,,,,,,,,,
63,,2,,63,JALAN ROBINSON,4:02 pm,01/06/2026,23.2,77,,,,,,,,,,,,,,,,,,,,,,,,,,,,,,,,,,,,,,,,,,,,,,,,
64,,2,,64,JALAN ROBINSON,4:02 pm,01/06/2026,23.2,77,,,,,,,,,,,,,,,,,,,,,,,,,,,,,,,,,,,,,,,,,,,,,,,,
64,,2,,64,JALAN ROBINSON,4:02 pm,01/06/2026,23.2,77,,,,,,,,,,,,,,,,,,,,,,,,,,,,,,,,,,,,,,,,,,,,,,,,
65,,3,,65,JALAN ROBINSON,4:02 pm,01/06/2026,23.2,77,,,,,,,,,,,,,,,,,,,,,,,,,,,,,,,,,,,,,,,,,,,,,,,,
65,,3,,65,JALAN ROBINSON,4:02 pm,01/06/2026,23.2,77,,,,,,,,,,,,,,,,,,,,,,,,,,,,,,,,,,,,,,,,,,,,,,,,
66,,3,,66,JALAN ROBINSON,4:02 pm,01/06/2026,23.2,77,,,,,,,,,,,,,,,,,,,,,,,,,,,,,,,,,,,,,,,,,,,,,,,,
66,,3,,66,JALAN ROBINSON,4:02 pm,01/06/2026,23.2,77,,,,,,,,,,,,,,,,,,,,,,,,,,,,,,,,,,,,,,,,,,,,,,,,
67,,3,,67,JALAN ROBINSON,4:02 pm,01/06/2026,23.2,77,,,,,,,,,,,,,,,,,,,,,,,,,,,,,,,,,,,,,,,,,,,,,,,,
67,,3,,67,JALAN ROBINSON,4:02 pm,01/06/2026,23.2,77,,,,,,,,,,,,,,,,,,,,,,,,,,,,,,,,,,,,,,,,,,,,,,,,
68,,3,,68,JALAN ROBINSON,4:02 pm,01/06/2026,23.2,77,,,,,,,,,,,,,,,,,,,,,,,,,,,,,,,,,,,,,,,,,,,,,,,,
68,,3,,68,JALAN ROBINSON,4:02 pm,01/06/2026,23.2,77,,,,,,,,,,,,,,,,,,,,,,,,,,,,,,,,,,,,,,,,,,,,,,,,
69,,3,,69,JALAN ROBINSON,4:02 pm,01/06/2026,23.2,77,,,,,,,,,,,,,,,,,,,,,,,,,,,,,,,,,,,,,,,,,,,,,,,,
69,,3,,69,JALAN ROBINSON,4:02 pm,01/06/2026,23.2,77,,,,,,,,,,,,,,,,,,,,,,,,,,,,,,,,,,,,,,,,,,,,,,,,
70,,3,,70,JALAN ROBINSON,4:02 pm,01/06/2026,23.2,77,,,,,,,,,,,,,,,,,,,,,,,,,,,,,,,,,,,,,,,,,,,,,,,,
70,,3,,70,JALAN ROBINSON,4:02 pm,01/06/2026,23.2,77,,,,,,,,,,,,,,,,,,,,,,,,,,,,,,,,,,,,,,,,,,,,,,,,
71,,3,,71,JALAN ROBINSON,4:02 pm,01/06/2026,23.2,77,,,,,,,,,,,,,,,,,,,,,,,,,,,,,,,,,,,,,,,,,,,,,,,,
71,,3,,71,JALAN ROBINSON,4:02 pm,01/06/2026,23.2,77,,,,,,,,,,,,,,,,,,,,,,,,,,,,,,,,,,,,,,,,,,,,,,,,
72,,3,,72,JALAN ROBINSON,4:02 pm,01/06/2026,23.2,77,,,,,,,,,,,,,,,,,,,,,,,,,,,,,,,,,,,,,,,,,,,,,,,,
72,,3,,72,JALAN ROBINSON,4:02 pm,01/06/2026,23.2,77,,,,,,,,,,,,,,,,,,,,,,,,,,,,,,,,,,,,,,,,,,,,,,,,
73,,3,,73,JALAN ROBINSON,4:02 pm,01/06/2026,23.2,77,,,,,,,,,,,,,,,,,,,,,,,,,,,,,,,,,,,,,,,,,,,,,,,,
73,,3,,73,JALAN ROBINSON,4:02 pm,01/06/2026,23.2,77,,,,,,,,,,,,,,,,,,,,,,,,,,,,,,,,,,,,,,,,,,,,,,,,
74,,3,,74,JALAN ROBINSON,4:02 pm,01/06/2026,23.2,77,,,,,,,,,,,,,,,,,,,,,,,,,,,,,,,,,,,,,,,,,,,,,,,,
74,,3,,74,JALAN ROBINSON,4:02 pm,01/06/2026,23.2,77,,,,,,,,,,,,,,,,,,,,,,,,,,,,,,,,,,,,,,,,,,,,,,,,
75,,3,,75,JALAN ROBINSON,4:02 pm,01/06/2026,23.2,77,,,,,,,,,,,,,,,,,,,,,,,,,,,,,,,,,,,,,,,,,,,,,,,,
75,,3,,75,JALAN ROBINSON,4:02 pm,01/06/2026,23.2,77,,,,,,,,,,,,,,,,,,,,,,,,,,,,,,,,,,,,,,,,,,,,,,,,
76,,3,,76,JALAN ROBINSON,4:02 pm,01/06/2026,23.2,77,,,,,,,,,,,,,,,,,,,,,,,,,,,,,,,,,,,,,,,,,,,,,,,,
76,,3,,76,JALAN ROBINSON,4:02 pm,01/06/2026,23.2,77,,,,,,,,,,,,,,,,,,,,,,,,,,,,,,,,,,,,,,,,,,,,,,,,
77,,3,,77,JALAN ROBINSON,4:02 pm,01/06/2026,23.2,77,,,,,,,,,,,,,,,,,,,,,,,,,,,,,,,,,,,,,,,,,,,,,,,,
77,,3,,77,JALAN ROBINSON,4:02 pm,01/06/2026,23.2,77,,,,,,,,,,,,,,,,,,,,,,,,,,,,,,,,,,,,,,,,,,,,,,,,
78,,3,,78,JALAN ROBINSON,4:02 pm,01/06/2026,23.2,77,,,,,,,,,,,,,,,,,,,,,,,,,,,,,,,,,,,,,,,,,,,,,,,,
78,,3,,78,JALAN ROBINSON,4:02 pm,01/06/2026,23.2,77,,,,,,,,,,,,,,,,,,,,,,,,,,,,,,,,,,,,,,,,,,,,,,,,
79,,3,,79,JALAN ROBINSON,4:02 pm,01/06/2026,23.2,77,,,,,,,,,,,,,,,,,,,,,,,,,,,,,,,,,,,,,,,,,,,,,,,,
79,,3,,79,JALAN ROBINSON,4:02 pm,01/06/2026,23.2,77,,,,,,,,,,,,,,,,,,,,,,,,,,,,,,,,,,,,,,,,,,,,,,,,
80,,3,,80,JALAN ROBINSON,4:02 pm,01/06/2026,23.2,77,,,,,,,,,,,,,,,,,,,,,,,,,,,,,,,,,,,,,,,,,,,,,,,,
80,,3,,80,JALAN ROBINSON,4:02 pm,01/06/2026,23.2,77,,,,,,,,,,,,,,,,,,,,,,,,,,,,,,,,,,,,,,,,,,,,,,,,
81,,3,,81,JALAN ROBINSON,4:02 pm,01/06/2026,23.2,77,,,,,,,,,,,,,,,,,,,,,,,,,,,,,,,,,,,,,,,,,,,,,,,,
81,,3,,81,JALAN ROBINSON,4:02 pm,01/06/2026,23.2,77,,,,,,,,,,,,,,,,,,,,,,,,,,,,,,,,,,,,,,,,,,,,,,,,
82,,3,,82,JALAN ROBINSON,4:02 pm,01/06/2026,23.2,77,,,,,,,,,,,,,,,,,,,,,,,,,,,,,,,,,,,,,,,,,,,,,,,,
82,,3,,82,JALAN ROBINSON,4:02 pm,01/06/2026,23.2,77,,,,,,,,,,,,,,,,,,,,,,,,,,,,,,,,,,,,,,,,,,,,,,,,
83,,3,,83,JALAN ROBINSON,4:02 pm,01/06/2026,23.2,77,,,,,,,,,,,,,,,,,,,,,,,,,,,,,,,,,,,,,,,,,,,,,,,,
83,,3,,83,JALAN ROBINSON,4:02 pm,01/06/2026,23.2,77,,,,,,,,,,,,,,,,,,,,,,,,,,,,,,,,,,,,,,,,,,,,,,,,
84,,3,,84,JALAN ROBINSON,4:02 pm,01/06/2026,23.2,77,,,,,,,,,,,,,,,,,,,,,,,,,,,,,,,,,,,,,,,,,,,,,,,,
84,,3,,84,JALAN ROBINSON,4:02 pm,01/06/2026,23.2,77,,,,,,,,,,,,,,,,,,,,,,,,,,,,,,,,,,,,,,,,,,,,,,,,
85,,3,,85,JALAN ROBINSON,4:02 pm,01/06/2026,23.2,77,,,,,,,,,,,,,,,,,,,,,,,,,,,,,,,,,,,,,,,,,,,,,,,,
85,,3,,85,JALAN ROBINSON,4:02 pm,01/06/2026,23.2,77,,,,,,,,,,,,,,,,,,,,,,,,,,,,,,,,,,,,,,,,,,,,,,,,
86,,3,,86,JALAN ROBINSON,4:02 pm,01/06/2026,23.2,77,,,,,,,,,,,,,,,,,,,,,,,,,,,,,,,,,,,,,,,,,,,,,,,,
86,,3,,86,JALAN ROBINSON,4:02 pm,01/06/2026,23.2,77,,,,,,,,,,,,,,,,,,,,,,,,,,,,,,,,,,,,,,,,,,,,,,,,
87,,3,,87,JALAN ROBINSON,4:02 pm,01/06/2026,23.2,77,,,,,,,,,,,,,,,,,,,,,,,,,,,,,,,,,,,,,,,,,,,,,,,,
87,,3,,87,JALAN ROBINSON,4:02 pm,01/06/2026,23.2,77,,,,,,,,,,,,,,,,,,,,,,,,,,,,,,,,,,,,,,,,,,,,,,,,
88,,3,,88,JALAN ROBINSON,4:02 pm,01/06/2026,23.2,77,,,,,,,,,,,,,,,,,,,,,,,,,,,,,,,,,,,,,,,,,,,,,,,,
88,,3,,88,JALAN ROBINSON,4:02 pm,01/06/2026,23.2,77,,,,,,,,,,,,,,,,,,,,,,,,,,,,,,,,,,,,,,,,,,,,,,,,
89,,3,,89,JALAN ROBINSON,4:02 pm,01/06/2026,23.2,77,,,,,,,,,,,,,,,,,,,,,,,,,,,,,,,,,,,,,,,,,,,,,,,,
89,,3,,89,JALAN ROBINSON,4:02 pm,01/06/2026,23.2,77,,,,,,,,,,,,,,,,,,,,,,,,,,,,,,,,,,,,,,,,,,,,,,,,
90,,3,,90,JALAN ROBINSON,4:02 pm,01/06/2026,23.2,77,,,,,,,,,,,,,,,,,,,,,,,,,,,,,,,,,,,,,,,,,,,,,,,,
90,,3,,90,JALAN ROBINSON,4:02 pm,01/06/2026,23.2,77,,,,,,,,,,,,,,,,,,,,,,,,,,,,,,,,,,,,,,,,,,,,,,,,
91,,3,,91,JALAN ROBINSON,4:02 pm,01/06/2026,23.2,77,,,,,,,,,,,,,,,,,,,,,,,,,,,,,,,,,,,,,,,,,,,,,,,,
91,,3,,91,JALAN ROBINSON,4:02 pm,01/06/2026,23.2,77,,,,,,,,,,,,,,,,,,,,,,,,,,,,,,,,,,,,,,,,,,,,,,,,
92,,3,,92,JALAN ROBINSON,4:02 pm,01/06/2026,23.2,77,,,,,,,,,,,,,,,,,,,,,,,,,,,,,,,,,,,,,,,,,,,,,,,,
92,,3,,92,JALAN ROBINSON,4:02 pm,01/06/2026,23.2,77,,,,,,,,,,,,,,,,,,,,,,,,,,,,,,,,,,,,,,,,,,,,,,,,
93,,4,,93,JALAN ROBINSON,4:02 pm,01/06/2026,23.2,77,,,,,,,,,,,,,,,,,,,,,,,,,,,,,,,,,,,,,,,,,,,,,,,,
93,,4,,93,JALAN ROBINSON,4:02 pm,01/06/2026,23.2,77,,,,,,,,,,,,,,,,,,,,,,,,,,,,,,,,,,,,,,,,,,,,,,,,
94,,4,,94,JALAN ROBINSON,4:02 pm,01/06/2026,23.2,77,,,,,,,,,,,,,,,,,,,,,,,,,,,,,,,,,,,,,,,,,,,,,,,,
94,,4,,94,JALAN ROBINSON,4:02 pm,01/06/2026,23.2,77,,,,,,,,,,,,,,,,,,,,,,,,,,,,,,,,,,,,,,,,,,,,,,,,
95,,4,,95,JALAN ROBINSON,4:02 pm,01/06/2026,23.2,77,,,,,,,,,,,,,,,,,,,,,,,,,,,,,,,,,,,,,,,,,,,,,,,,
95,,4,,95,JALAN ROBINSON,4:02 pm,01/06/2026,23.2,77,,,,,,,,,,,,,,,,,,,,,,,,,,,,,,,,,,,,,,,,,,,,,,,,
96,,4,,96,JALAN ROBINSON,4:02 pm,01/06/2026,23.2,77,,,,,,,,,,,,,,,,,,,,,,,,,,,,,,,,,,,,,,,,,,,,,,,,
96,,4,,96,JALAN ROBINSON,4:02 pm,01/06/2026,23.2,77,,,,,,,,,,,,,,,,,,,,,,,,,,,,,,,,,,,,,,,,,,,,,,,,
97,,4,,97,JALAN ROBINSON,4:02 pm,01/06/2026,23.2,77,,,,,,,,,,,,,,,,,,,,,,,,,,,,,,,,,,,,,,,,,,,,,,,,
97,,4,,97,JALAN ROBINSON,4:02 pm,01/06/2026,23.2,77,,,,,,,,,,,,,,,,,,,,,,,,,,,,,,,,,,,,,,,,,,,,,,,,
98,,4,,98,JALAN ROBINSON,4:02 pm,01/06/2026,23.2,77,,,,,,,,,,,,,,,,,,,,,,,,,,,,,,,,,,,,,,,,,,,,,,,,
98,,4,,98,JALAN ROBINSON,4:02 pm,01/06/2026,23.2,77,,,,,,,,,,,,,,,,,,,,,,,,,,,,,,,,,,,,,,,,,,,,,,,,
99,,4,,99,JALAN ROBINSON,4:02 pm,01/06/2026,23.2,77,,,,,,,,,,,,,,,,,,,,,,,,,,,,,,,,,,,,,,,,,,,,,,,,
99,,4,,99,JALAN ROBINSON,4:02 pm,01/06/2026,23.2,77,,,,,,,,,,,,,,,,,,,,,,,,,,,,,,,,,,,,,,,,,,,,,,,,
100,,4,,100,JALAN ROBINSON,4:02 pm,01/06/2026,23.2,77,,,,,,,,,,,,,,,,,,,,,,,,,,,,,,,,,,,,,,,,,,,,,,,,
100,,4,,100,JALAN ROBINSON,4:02 pm,01/06/2026,23.2,77,,,,,,,,,,,,,,,,,,,,,,,,,,,,,,,,,,,,,,,,,,,,,,,,
101,,4,,101,JALAN ROBINSON,4:02 pm,01/06/2026,23.2,77,,,,,,,,,,,,,,,,,,,,,,,,,,,,,,,,,,,,,,,,,,,,,,,,
101,,4,,101,JALAN ROBINSON,4:02 pm,01/06/2026,23.2,77,,,,,,,,,,,,,,,,,,,,,,,,,,,,,,,,,,,,,,,,,,,,,,,,
102,,4,,102,JALAN ROBINSON,4:02 pm,01/06/2026,23.2,77,,,,,,,,,,,,,,,,,,,,,,,,,,,,,,,,,,,,,,,,,,,,,,,,
102,,4,,102,JALAN ROBINSON,4:02 pm,01/06/2026,23.2,77,,,,,,,,,,,,,,,,,,,,,,,,,,,,,,,,,,,,,,,,,,,,,,,,
103,,4,,103,JALAN ROBINSON,4:02 pm,01/06/2026,23.2,77,,,,,,,,,,,,,,,,,,,,,,,,,,,,,,,,,,,,,,,,,,,,,,,,
103,,4,,103,JALAN ROBINSON,4:02 pm,01/06/2026,23.2,77,,,,,,,,,,,,,,,,,,,,,,,,,,,,,,,,,,,,,,,,,,,,,,,,
104,,4,,104,JALAN ROBINSON,4:02 pm,01/06/2026,23.2,77,,,,,,,,,,,,,,,,,,,,,,,,,,,,,,,,,,,,,,,,,,,,,,,,
104,,4,,104,JALAN ROBINSON,4:02 pm,01/06/2026,23.2,77,,,,,,,,,,,,,,,,,,,,,,,,,,,,,,,,,,,,,,,,,,,,,,,,
105,,4,,105,JALAN ROBINSON,4:02 pm,01/06/2026,23.2,77,,,,,,,,,,,,,,,,,,,,,,,,,,,,,,,,,,,,,,,,,,,,,,,,
105,,4,,105,JALAN ROBINSON,4:02 pm,01/06/2026,23.2,77,,,,,,,,,,,,,,,,,,,,,,,,,,,,,,,,,,,,,,,,,,,,,,,,
106,,4,,106,JALAN ROBINSON,4:02 pm,01/06/2026,23.2,77,,,,,,,,,,,,,,,,,,,,,,,,,,,,,,,,,,,,,,,,,,,,,,,,
106,,4,,106,JALAN ROBINSON,4:02 pm,01/06/2026,23.2,77,,,,,,,,,,,,,,,,,,,,,,,,,,,,,,,,,,,,,,,,,,,,,,,,
107,,4,,107,JALAN ROBINSON,4:02 pm,01/06/2026,23.2,77,,,,,,,,,,,,,,,,,,,,,,,,,,,,,,,,,,,,,,,,,,,,,,,,
107,,4,,107,JALAN ROBINSON,4:02 pm,01/06/2026,23.2,77,,,,,,,,,,,,,,,,,,,,,,,,,,,,,,,,,,,,,,,,,,,,,,,,
108,,4,,108,JALAN ROBINSON,4:02 pm,01/06/2026,23.2,77,,,,,,,,,,,,,,,,,,,,,,,,,,,,,,,,,,,,,,,,,,,,,,,,
108,,4,,108,JALAN ROBINSON,4:02 pm,01/06/2026,23.2,77,,,,,,,,,,,,,,,,,,,,,,,,,,,,,,,,,,,,,,,,,,,,,,,,
109,,4,,109,JALAN ROBINSON,4:02 pm,01/06/2026,23.2,77,,,,,,,,,,,,,,,,,,,,,,,,,,,,,,,,,,,,,,,,,,,,,,,,
109,,4,,109,JALAN ROBINSON,4:02 pm,01/06/2026,23.2,77,,,,,,,,,,,,,,,,,,,,,,,,,,,,,,,,,,,,,,,,,,,,,,,,
110,,4,,110,JALAN ROBINSON,4:02 pm,01/06/2026,23.2,77,,,,,,,,,,,,,,,,,,,,,,,,,,,,,,,,,,,,,,,,,,,,,,,,
110,,4,,110,JALAN ROBINSON,4:02 pm,01/06/2026,23.2,77,,,,,,,,,,,,,,,,,,,,,,,,,,,,,,,,,,,,,,,,,,,,,,,,
111,,4,,111,JALAN ROBINSON,4:02 pm,01/06/2026,23.2,77,,,,,,,,,,,,,,,,,,,,,,,,,,,,,,,,,,,,,,,,,,,,,,,,
111,,4,,111,JALAN ROBINSON,4:02 pm,01/06/2026,23.2,77,,,,,,,,,,,,,,,,,,,,,,,,,,,,,,,,,,,,,,,,,,,,,,,,
112,,4,,112,JALAN ROBINSON,4:02 pm,01/06/2026,23.2,77,,,,,,,,,,,,,,,,,,,,,,,,,,,,,,,,,,,,,,,,,,,,,,,,
112,,4,,112,JALAN ROBINSON,4:02 pm,01/06/2026,23.2,77,,,,,,,,,,,,,,,,,,,,,,,,,,,,,,,,,,,,,,,,,,,,,,,,
113,,4,,113,JALAN ROBINSON,4:02 pm,01/06/2026,23.2,77,,,,,,,,,,,,,,,,,,,,,,,,,,,,,,,,,,,,,,,,,,,,,,,,
113,,4,,113,JALAN ROBINSON,4:02 pm,01/06/2026,23.2,77,,,,,,,,,,,,,,,,,,,,,,,,,,,,,,,,,,,,,,,,,,,,,,,,
114,,4,,114,JALAN ROBINSON,4:02 pm,01/06/2026,23.2,77,,,,,,,,,,,,,,,,,,,,,,,,,,,,,,,,,,,,,,,,,,,,,,,,
114,,4,,114,JALAN ROBINSON,4:02 pm,01/06/2026,23.2,77,,,,,,,,,,,,,,,,,,,,,,,,,,,,,,,,,,,,,,,,,,,,,,,,
115,,4,,115,JALAN ROBINSON,4:02 pm,01/06/2026,23.2,77,,,,,,,,,,,,,,,,,,,,,,,,,,,,,,,,,,,,,,,,,,,,,,,,
115,,4,,115,JALAN ROBINSON,4:02 pm,01/06/2026,23.2,77,,,,,,,,,,,,,,,,,,,,,,,,,,,,,,,,,,,,,,,,,,,,,,,,
116,,4,,116,JALAN ROBINSON,4:02 pm,01/06/2026,23.2,77,,,,,,,,,,,,,,,,,,,,,,,,,,,,,,,,,,,,,,,,,,,,,,,,
116,,4,,116,JALAN ROBINSON,4:02 pm,01/06/2026,23.2,77,,,,,,,,,,,,,,,,,,,,,,,,,,,,,,,,,,,,,,,,,,,,,,,,
117,,4,,117,JALAN ROBINSON,4:02 pm,01/06/2026,23.2,77,,,,,,,,,,,,,,,,,,,,,,,,,,,,,,,,,,,,,,,,,,,,,,,,
117,,4,,117,JALAN ROBINSON,4:02 pm,01/06/2026,23.2,77,,,,,,,,,,,,,,,,,,,,,,,,,,,,,,,,,,,,,,,,,,,,,,,,
118,,4,,118,JALAN ROBINSON,4:02 pm,01/06/2026,23.2,77,,,,,,,,,,,,,,,,,,,,,,,,,,,,,,,,,,,,,,,,,,,,,,,,
118,,4,,118,JALAN ROBINSON,4:02 pm,01/06/2026,23.2,77,,,,,,,,,,,,,,,,,,,,,,,,,,,,,,,,,,,,,,,,,,,,,,,,
119,,4,,119,JALAN ROBINSON,4:02 pm,01/06/2026,23.2,77,,,,,,,,,,,,,,,,,,,,,,,,,,,,,,,,,,,,,,,,,,,,,,,,
119,,4,,119,JALAN ROBINSON,4:02 pm,01/06/2026,23.2,77,,,,,,,,,,,,,,,,,,,,,,,,,,,,,,,,,,,,,,,,,,,,,,,,
120,,4,,120,JALAN ROBINSON,4:02 pm,01/06/2026,23.2,77,,,,,,,,,,,,,,,,,,,,,,,,,,,,,,,,,,,,,,,,,,,,,,,,
120,,4,,120,JALAN ROBINSON,4:02 pm,01/06/2026,23.2,77,,,,,,,,,,,,,,,,,,,,,,,,,,,,,,,,,,,,,,,,,,,,,,,,
121,,4,,121,JALAN ROBINSON,4:02 pm,01/06/2026,23.2,77,,,,,,,,,,,,,,,,,,,,,,,,,,,,,,,,,,,,,,,,,,,,,,,,
121,,4,,121,JALAN ROBINSON,4:02 pm,01/06/2026,23.2,77,,,,,,,,,,,,,,,,,,,,,,,,,,,,,,,,,,,,,,,,,,,,,,,,
122,,4,,122,JALAN ROBINSON,4:02 pm,01/06/2026,23.2,77,,,,,,,,,,,,,,,,,,,,,,,,,,,,,,,,,,,,,,,,,,,,,,,,
122,,4,,122,JALAN ROBINSON,4:02 pm,01/06/2026,23.2,77,,,,,,,,,,,,,,,,,,,,,,,,,,,,,,,,,,,,,,,,,,,,,,,,
123,,4,,123,JALAN ROBINSON,4:02 pm,01/06/2026,23.2,77,,,,,,,,,,,,,,,,,,,,,,,,,,,,,,,,,,,,,,,,,,,,,,,,
123,,4,,123,JALAN ROBINSON,4:02 pm,01/06/2026,23.2,77,,,,,,,,,,,,,,,,,,,,,,,,,,,,,,,,,,,,,,,,,,,,,,,,
124,,4,,124,JALAN ROBINSON,4:02 pm,01/06/2026,23.2,77,,,,,,,,,,,,,,,,,,,,,,,,,,,,,,,,,,,,,,,,,,,,,,,,
124,,4,,124,JALAN ROBINSON,4:02 pm,01/06/2026,23.2,77,,,,,,,,,,,,,,,,,,,,,,,,,,,,,,,,,,,,,,,,,,,,,,,,
125,,4,,125,JALAN ROBINSON,4:02 pm,01/06/2026,23.2,77,,,,,,,,,,,,,,,,,,,,,,,,,,,,,,,,,,,,,,,,,,,,,,,,
125,,4,,125,JALAN ROBINSON,4:02 pm,01/06/2026,23.2,77,,,,,,,,,,,,,,,,,,,,,,,,,,,,,,,,,,,,,,,,,,,,,,,,
126,,4,,126,JALAN ROBINSON,4:02 pm,01/06/2026,23.2,77,,,,,,,,,,,,,,,,,,,,,,,,,,,,,,,,,,,,,,,,,,,,,,,,
126,,4,,126,JALAN ROBINSON,4:02 pm,01/06/2026,23.2,77,,,,,,,,,,,,,,,,,,,,,,,,,,,,,,,,,,,,,,,,,,,,,,,,
127,,4,,127,JALAN ROBINSON,4:02 pm,01/06/2026,23.2,77,,,,,,,,,,,,,,,,,,,,,,,,,,,,,,,,,,,,,,,,,,,,,,,,
127,,4,,127,JALAN ROBINSON,4:02 pm,01/06/2026,23.2,77,,,,,,,,,,,,,,,,,,,,,,,,,,,,,,,,,,,,,,,,,,,,,,,,
128,,4,,128,JALAN ROBINSON,4:02 pm,01/06/2026,23.2,77,,,,,,,,,,,,,,,,,,,,,,,,,,,,,,,,,,,,,,,,,,,,,,,,
128,,4,,128,JALAN ROBINSON,4:02 pm,01/06/2026,23.2,77,,,,,,,,,,,,,,,,,,,,,,,,,,,,,,,,,,,,,,,,,,,,,,,,
129,,4,,129,JALAN ROBINSON,4:02 pm,01/06/2026,23.2,77,,,,,,,,,,,,,,,,,,,,,,,,,,,,,,,,,,,,,,,,,,,,,,,,
129,,4,,129,JALAN ROBINSON,4:02 pm,01/06/2026,23.2,77,,,,,,,,,,,,,,,,,,,,,,,,,,,,,,,,,,,,,,,,,,,,,,,,
130,,4,,130,JALAN ROBINSON,4:02 pm,01/06/2026,23.2,77,,,,,,,,,,,,,,,,,,,,,,,,,,,,,,,,,,,,,,,,,,,,,,,,
130,,4,,130,JALAN ROBINSON,4:02 pm,01/06/2026,23.2,77,,,,,,,,,,,,,,,,,,,,,,,,,,,,,,,,,,,,,,,,,,,,,,,,
131,,4,,131,JALAN ROBINSON,4:02 pm,01/06/2026,23.2,77,,,,,,,,,,,,,,,,,,,,,,,,,,,,,,,,,,,,,,,,,,,,,,,,
131,,4,,131,JALAN ROBINSON,4:02 pm,01/06/2026,23.2,77,,,,,,,,,,,,,,,,,,,,,,,,,,,,,,,,,,,,,,,,,,,,,,,,
132,,4,,132,JALAN ROBINSON,4:02 pm,01/06/2026,23.2,77,,,,,,,,,,,,,,,,,,,,,,,,,,,,,,,,,,,,,,,,,,,,,,,,
132,,4,,132,JALAN ROBINSON,4:02 pm,01/06/2026,23.2,77,,,,,,,,,,,,,,,,,,,,,,,,,,,,,,,,,,,,,,,,,,,,,,,,
133,,5,,133,JALAN ROBINSON,4:02 pm,01/06/2026,23.2,77,,,,,,,,,,,,,,,,,,,,,,,,,,,,,,,,,,,,,,,,,,,,,,,,
133,,5,,133,JALAN ROBINSON,4:02 pm,01/06/2026,23.2,77,,,,,,,,,,,,,,,,,,,,,,,,,,,,,,,,,,,,,,,,,,,,,,,,
134,,5,,134,JALAN ROBINSON,4:02 pm,01/06/2026,23.2,77,,,,,,,,,,,,,,,,,,,,,,,,,,,,,,,,,,,,,,,,,,,,,,,,
134,,5,,134,JALAN ROBINSON,4:02 pm,01/06/2026,23.2,77,,,,,,,,,,,,,,,,,,,,,,,,,,,,,,,,,,,,,,,,,,,,,,,,
135,,5,,135,JALAN ROBINSON,4:02 pm,01/06/2026,23.2,77,,,,,,,,,,,,,,,,,,,,,,,,,,,,,,,,,,,,,,,,,,,,,,,,
135,,5,,135,JALAN ROBINSON,4:02 pm,01/06/2026,23.2,77,,,,,,,,,,,,,,,,,,,,,,,,,,,,,,,,,,,,,,,,,,,,,,,,
136,,5,,136,JALAN ROBINSON,4:02 pm,01/06/2026,23.2,77,,,,,,,,,,,,,,,,,,,,,,,,,,,,,,,,,,,,,,,,,,,,,,,,
136,,5,,136,JALAN ROBINSON,4:02 pm,01/06/2026,23.2,77,,,,,,,,,,,,,,,,,,,,,,,,,,,,,,,,,,,,,,,,,,,,,,,,
137,,5,,137,JALAN ROBINSON,4:02 pm,01/06/2026,23.2,77,,,,,,,,,,,,,,,,,,,,,,,,,,,,,,,,,,,,,,,,,,,,,,,,
137,,5,,137,JALAN ROBINSON,4:02 pm,01/06/2026,23.2,77,,,,,,,,,,,,,,,,,,,,,,,,,,,,,,,,,,,,,,,,,,,,,,,,
138,,5,,138,JALAN ROBINSON,4:02 pm,01/06/2026,23.2,77,,,,,,,,,,,,,,,,,,,,,,,,,,,,,,,,,,,,,,,,,,,,,,,,
138,,5,,138,JALAN ROBINSON,4:02 pm,01/06/2026,23.2,77,,,,,,,,,,,,,,,,,,,,,,,,,,,,,,,,,,,,,,,,,,,,,,,,
139,,5,,139,JALAN ROBINSON,4:02 pm,01/06/2026,23.2,77,,,,,,,,,,,,,,,,,,,,,,,,,,,,,,,,,,,,,,,,,,,,,,,,
139,,5,,139,JALAN ROBINSON,4:02 pm,01/06/2026,23.2,77,,,,,,,,,,,,,,,,,,,,,,,,,,,,,,,,,,,,,,,,,,,,,,,,
140,,5,,140,JALAN ROBINSON,4:02 pm,01/06/2026,23.2,77,,,,,,,,,,,,,,,,,,,,,,,,,,,,,,,,,,,,,,,,,,,,,,,,
140,,5,,140,JALAN ROBINSON,4:02 pm,01/06/2026,23.2,77,,,,,,,,,,,,,,,,,,,,,,,,,,,,,,,,,,,,,,,,,,,,,,,,
141,,5,,141,JALAN ROBINSON,4:02 pm,01/06/2026,23.2,77,,,,,,,,,,,,,,,,,,,,,,,,,,,,,,,,,,,,,,,,,,,,,,,,
141,,5,,141,JALAN ROBINSON,4:02 pm,01/06/2026,23.2,77,,,,,,,,,,,,,,,,,,,,,,,,,,,,,,,,,,,,,,,,,,,,,,,,
142,,5,,142,JALAN ROBINSON,4:02 pm,01/06/2026,23.2,77,,,,,,,,,,,,,,,,,,,,,,,,,,,,,,,,,,,,,,,,,,,,,,,,
142,,5,,142,JALAN ROBINSON,4:02 pm,01/06/2026,23.2,77,,,,,,,,,,,,,,,,,,,,,,,,,,,,,,,,,,,,,,,,,,,,,,,,
143,,5,,143,JALAN ROBINSON,4:02 pm,01/06/2026,23.2,77,,,,,,,,,,,,,,,,,,,,,,,,,,,,,,,,,,,,,,,,,,,,,,,,
143,,5,,143,JALAN ROBINSON,4:02 pm,01/06/2026,23.2,77,,,,,,,,,,,,,,,,,,,,,,,,,,,,,,,,,,,,,,,,,,,,,,,,
144,,5,,144,JALAN ROBINSON,4:02 pm,01/06/2026,23.2,77,,,,,,,,,,,,,,,,,,,,,,,,,,,,,,,,,,,,,,,,,,,,,,,,
144,,5,,144,JALAN ROBINSON,4:02 pm,01/06/2026,23.2,77,,,,,,,,,,,,,,,,,,,,,,,,,,,,,,,,,,,,,,,,,,,,,,,,
145,,5,,145,JALAN ROBINSON,4:02 pm,01/06/2026,23.2,77,,,,,,,,,,,,,,,,,,,,,,,,,,,,,,,,,,,,,,,,,,,,,,,,
145,,5,,145,JALAN ROBINSON,4:02 pm,01/06/2026,23.2,77,,,,,,,,,,,,,,,,,,,,,,,,,,,,,,,,,,,,,,,,,,,,,,,,
146,,5,,146,JALAN ROBINSON,4:02 pm,01/06/2026,23.2,77,,,,,,,,,,,,,,,,,,,,,,,,,,,,,,,,,,,,,,,,,,,,,,,,
146,,5,,146,JALAN ROBINSON,4:02 pm,01/06/2026,23.2,77,,,,,,,,,,,,,,,,,,,,,,,,,,,,,,,,,,,,,,,,,,,,,,,,
147,,5,,147,JALAN ROBINSON,4:02 pm,01/06/2026,23.2,77,,,,,,,,,,,,,,,,,,,,,,,,,,,,,,,,,,,,,,,,,,,,,,,,
147,,5,,147,JALAN ROBINSON,4:02 pm,01/06/2026,23.2,77,,,,,,,,,,,,,,,,,,,,,,,,,,,,,,,,,,,,,,,,,,,,,,,,
148,,5,,148,JALAN ROBINSON,4:02 pm,01/06/2026,23.2,77,,,,,,,,,,,,,,,,,,,,,,,,,,,,,,,,,,,,,,,,,,,,,,,,
148,,5,,148,JALAN ROBINSON,4:02 pm,01/06/2026,23.2,77,,,,,,,,,,,,,,,,,,,,,,,,,,,,,,,,,,,,,,,,,,,,,,,,
149,,5,,149,JALAN ROBINSON,4:02 pm,01/06/2026,23.2,77,,,,,,,,,,,,,,,,,,,,,,,,,,,,,,,,,,,,,,,,,,,,,,,,
149,,5,,149,JALAN ROBINSON,4:02 pm,01/06/2026,23.2,77,,,,,,,,,,,,,,,,,,,,,,,,,,,,,,,,,,,,,,,,,,,,,,,,
150,,5,,150,JALAN ROBINSON,4:02 pm,01/06/2026,23.2,77,,,,,,,,,,,,,,,,,,,,,,,,,,,,,,,,,,,,,,,,,,,,,,,,
150,,5,,150,JALAN ROBINSON,4:02 pm,01/06/2026,23.2,77,,,,,,,,,,,,,,,,,,,,,,,,,,,,,,,,,,,,,,,,,,,,,,,,
151,,5,,151,JALAN ROBINSON,4:02 pm,01/06/2026,23.2,77,,,,,,,,,,,,,,,,,,,,,,,,,,,,,,,,,,,,,,,,,,,,,,,,
151,,5,,151,JALAN ROBINSON,4:02 pm,01/06/2026,23.2,77,,,,,,,,,,,,,,,,,,,,,,,,,,,,,,,,,,,,,,,,,,,,,,,,
152,,5,,152,JALAN ROBINSON,4:02 pm,01/06/2026,23.2,77,,,,,,,,,,,,,,,,,,,,,,,,,,,,,,,,,,,,,,,,,,,,,,,,
152,,5,,152,JALAN ROBINSON,4:02 pm,01/06/2026,23.2,77,,,,,,,,,,,,,,,,,,,,,,,,,,,,,,,,,,,,,,,,,,,,,,,,
153,,5,,153,JALAN ROBINSON,4:02 pm,01/06/2026,23.2,77,,,,,,,,,,,,,,,,,,,,,,,,,,,,,,,,,,,,,,,,,,,,,,,,
153,,5,,153,JALAN ROBINSON,4:02 pm,01/06/2026,23.2,77,,,,,,,,,,,,,,,,,,,,,,,,,,,,,,,,,,,,,,,,,,,,,,,,
154,,5,,154,JALAN ROBINSON,4:02 pm,01/06/2026,23.2,77,,,,,,,,,,,,,,,,,,,,,,,,,,,,,,,,,,,,,,,,,,,,,,,,
154,,5,,154,JALAN ROBINSON,4:02 pm,01/06/2026,23.2,77,,,,,,,,,,,,,,,,,,,,,,,,,,,,,,,,,,,,,,,,,,,,,,,,
155,,5,,155,JALAN ROBINSON,4:02 pm,01/06/2026,23.2,77,,,,,,,,,,,,,,,,,,,,,,,,,,,,,,,,,,,,,,,,,,,,,,,,
155,,5,,155,JALAN ROBINSON,4:02 pm,01/06/2026,23.2,77,,,,,,,,,,,,,,,,,,,,,,,,,,,,,,,,,,,,,,,,,,,,,,,,
156,,5,,156,JALAN ROBINSON,4:02 pm,01/06/2026,23.2,77,,,,,,,,,,,,,,,,,,,,,,,,,,,,,,,,,,,,,,,,,,,,,,,,
156,,5,,156,JALAN ROBINSON,4:02 pm,01/06/2026,23.2,77,,,,,,,,,,,,,,,,,,,,,,,,,,,,,,,,,,,,,,,,,,,,,,,,
157,,5,,157,JALAN ROBINSON,4:02 pm,01/06/2026,23.2,77,,,,,,,,,,,,,,,,,,,,,,,,,,,,,,,,,,,,,,,,,,,,,,,,
157,,5,,157,JALAN ROBINSON,4:02 pm,01/06/2026,23.2,77,,,,,,,,,,,,,,,,,,,,,,,,,,,,,,,,,,,,,,,,,,,,,,,,
158,,5,,158,JALAN ROBINSON,4:02 pm,01/06/2026,23.2,77,,,,,,,,,,,,,,,,,,,,,,,,,,,,,,,,,,,,,,,,,,,,,,,,
158,,5,,158,JALAN ROBINSON,4:02 pm,01/06/2026,23.2,77,,,,,,,,,,,,,,,,,,,,,,,,,,,,,,,,,,,,,,,,,,,,,,,,
159,,5,,159,JALAN ROBINSON,4:02 pm,01/06/2026,23.2,77,,,,,,,,,,,,,,,,,,,,,,,,,,,,,,,,,,,,,,,,,,,,,,,,
159,,5,,159,JALAN ROBINSON,4:02 pm,01/06/2026,23.2,77,,,,,,,,,,,,,,,,,,,,,,,,,,,,,,,,,,,,,,,,,,,,,,,,
160,,5,,160,JALAN ROBINSON,4:02 pm,01/06/2026,23.2,77,,,,,,,,,,,,,,,,,,,,,,,,,,,,,,,,,,,,,,,,,,,,,,,,
160,,5,,160,JALAN ROBINSON,4:02 pm,01/06/2026,23.2,77,,,,,,,,,,,,,,,,,,,,,,,,,,,,,,,,,,,,,,,,,,,,,,,,
161,,5,,161,JALAN ROBINSON,4:02 pm,01/06/2026,23.2,77,,,,,,,,,,,,,,,,,,,,,,,,,,,,,,,,,,,,,,,,,,,,,,,,
161,,5,,161,JALAN ROBINSON,4:02 pm,01/06/2026,23.2,77,,,,,,,,,,,,,,,,,,,,,,,,,,,,,,,,,,,,,,,,,,,,,,,,
162,,5,,162,JALAN ROBINSON,4:02 pm,01/06/2026,23.2,77,,,,,,,,,,,,,,,,,,,,,,,,,,,,,,,,,,,,,,,,,,,,,,,,
162,,5,,162,JALAN ROBINSON,4:02 pm,01/06/2026,23.2,77,,,,,,,,,,,,,,,,,,,,,,,,,,,,,,,,,,,,,,,,,,,,,,,,
163,,5,,163,JALAN ROBINSON,4:02 pm,01/06/2026,23.2,77,,,,,,,,,,,,,,,,,,,,,,,,,,,,,,,,,,,,,,,,,,,,,,,,
163,,5,,163,JALAN ROBINSON,4:02 pm,01/06/2026,23.2,77,,,,,,,,,,,,,,,,,,,,,,,,,,,,,,,,,,,,,,,,,,,,,,,,
164,,5,,164,JALAN ROBINSON,4:02 pm,01/06/2026,23.2,77,,,,,,,,,,,,,,,,,,,,,,,,,,,,,,,,,,,,,,,,,,,,,,,,
164,,5,,164,JALAN ROBINSON,4:02 pm,01/06/2026,23.2,77,,,,,,,,,,,,,,,,,,,,,,,,,,,,,,,,,,,,,,,,,,,,,,,,
165,,5,,165,JALAN ROBINSON,4:02 pm,01/06/2026,23.2,77,,,,,,,,,,,,,,,,,,,,,,,,,,,,,,,,,,,,,,,,,,,,,,,,
165,,5,,165,JALAN ROBINSON,4:02 pm,01/06/2026,23.2,77,,,,,,,,,,,,,,,,,,,,,,,,,,,,,,,,,,,,,,,,,,,,,,,,
166,,5,,166,JALAN ROBINSON,4:02 pm,01/06/2026,23.2,77,,,,,,,,,,,,,,,,,,,,,,,,,,,,,,,,,,,,,,,,,,,,,,,,
166,,5,,166,JALAN ROBINSON,4:02 pm,01/06/2026,23.2,77,,,,,,,,,,,,,,,,,,,,,,,,,,,,,,,,,,,,,,,,,,,,,,,,
167,,5,,167,JALAN ROBINSON,4:02 pm,01/06/2026,23.2,77,,,,,,,,,,,,,,,,,,,,,,,,,,,,,,,,,,,,,,,,,,,,,,,,
167,,5,,167,JALAN ROBINSON,4:02 pm,01/06/2026,23.2,77,,,,,,,,,,,,,,,,,,,,,,,,,,,,,,,,,,,,,,,,,,,,,,,,
168,,5,,168,JALAN ROBINSON,4:02 pm,01/06/2026,23.2,77,,,,,,,,,,,,,,,,,,,,,,,,,,,,,,,,,,,,,,,,,,,,,,,,
168,,5,,168,JALAN ROBINSON,4:02 pm,01/06/2026,23.2,77,,,,,,,,,,,,,,,,,,,,,,,,,,,,,,,,,,,,,,,,,,,,,,,,
169,,5,,169,JALAN ROBINSON,4:02 pm,01/06/2026,23.2,77,,,,,,,,,,,,,,,,,,,,,,,,,,,,,,,,,,,,,,,,,,,,,,,,
169,,5,,169,JALAN ROBINSON,4:02 pm,01/06/2026,23.2,77,,,,,,,,,,,,,,,,,,,,,,,,,,,,,,,,,,,,,,,,,,,,,,,,
170,,5,,170,JALAN ROBINSON,4:02 pm,01/06/2026,23.2,77,,,,,,,,,,,,,,,,,,,,,,,,,,,,,,,,,,,,,,,,,,,,,,,,
170,,5,,170,JALAN ROBINSON,4:02 pm,01/06/2026,23.2,77,,,,,,,,,,,,,,,,,,,,,,,,,,,,,,,,,,,,,,,,,,,,,,,,
171,,5,,171,JALAN ROBINSON,4:02 pm,01/06/2026,23.2,77,,,,,,,,,,,,,,,,,,,,,,,,,,,,,,,,,,,,,,,,,,,,,,,,
171,,5,,171,JALAN ROBINSON,4:02 pm,01/06/2026,23.2,77,,,,,,,,,,,,,,,,,,,,,,,,,,,,,,,,,,,,,,,,,,,,,,,,
172,,5,,172,JALAN ROBINSON,4:02 pm,01/06/2026,23.2,77,,,,,,,,,,,,,,,,,,,,,,,,,,,,,,,,,,,,,,,,,,,,,,,,
172,,5,,172,JALAN ROBINSON,4:02 pm,01/06/2026,23.2,77,,,,,,,,,,,,,,,,,,,,,,,,,,,,,,,,,,,,,,,,,,,,,,,,
173,,6,,173,JALAN ROBINSON,4:02 pm,01/06/2026,23.2,77,,,,,,,,,,,,,,,,,,,,,,,,,,,,,,,,,,,,,,,,,,,,,,,,
173,,6,,173,JALAN ROBINSON,4:02 pm,01/06/2026,23.2,77,,,,,,,,,,,,,,,,,,,,,,,,,,,,,,,,,,,,,,,,,,,,,,,,
174,,6,,174,JALAN ROBINSON,4:02 pm,01/06/2026,23.2,77,,,,,,,,,,,,,,,,,,,,,,,,,,,,,,,,,,,,,,,,,,,,,,,,
174,,6,,174,JALAN ROBINSON,4:02 pm,01/06/2026,23.2,77,,,,,,,,,,,,,,,,,,,,,,,,,,,,,,,,,,,,,,,,,,,,,,,,
175,,6,,175,JALAN ROBINSON,4:02 pm,01/06/2026,23.2,77,,,,,,,,,,,,,,,,,,,,,,,,,,,,,,,,,,,,,,,,,,,,,,,,
175,,6,,175,JALAN ROBINSON,4:02 pm,01/06/2026,23.2,77,,,,,,,,,,,,,,,,,,,,,,,,,,,,,,,,,,,,,,,,,,,,,,,,
176,,6,,176,JALAN ROBINSON,4:02 pm,01/06/2026,23.2,77,,,,,,,,,,,,,,,,,,,,,,,,,,,,,,,,,,,,,,,,,,,,,,,,
176,,6,,176,JALAN ROBINSON,4:02 pm,01/06/2026,23.2,77,,,,,,,,,,,,,,,,,,,,,,,,,,,,,,,,,,,,,,,,,,,,,,,,
177,,6,,177,JALAN ROBINSON,4:02 pm,01/06/2026,23.2,77,,,,,,,,,,,,,,,,,,,,,,,,,,,,,,,,,,,,,,,,,,,,,,,,
177,,6,,177,JALAN ROBINSON,4:02 pm,01/06/2026,23.2,77,,,,,,,,,,,,,,,,,,,,,,,,,,,,,,,,,,,,,,,,,,,,,,,,
178,,6,,178,JALAN ROBINSON,4:02 pm,01/06/2026,23.2,77,,,,,,,,,,,,,,,,,,,,,,,,,,,,,,,,,,,,,,,,,,,,,,,,
178,,6,,178,JALAN ROBINSON,4:02 pm,01/06/2026,23.2,77,,,,,,,,,,,,,,,,,,,,,,,,,,,,,,,,,,,,,,,,,,,,,,,,
179,,6,,179,JALAN ROBINSON,4:02 pm,01/06/2026,23.2,77,,,,,,,,,,,,,,,,,,,,,,,,,,,,,,,,,,,,,,,,,,,,,,,,
179,,6,,179,JALAN ROBINSON,4:02 pm,01/06/2026,23.2,77,,,,,,,,,,,,,,,,,,,,,,,,,,,,,,,,,,,,,,,,,,,,,,,,
180,,6,,180,JALAN ROBINSON,4:02 pm,01/06/2026,23.2,77,,,,,,,,,,,,,,,,,,,,,,,,,,,,,,,,,,,,,,,,,,,,,,,,
180,,6,,180,JALAN ROBINSON,4:02 pm,01/06/2026,23.2,77,,,,,,,,,,,,,,,,,,,,,,,,,,,,,,,,,,,,,,,,,,,,,,,,
181,,6,,181,JALAN ROBINSON,4:02 pm,01/06/2026,23.2,77,,,,,,,,,,,,,,,,,,,,,,,,,,,,,,,,,,,,,,,,,,,,,,,,
181,,6,,181,JALAN ROBINSON,4:02 pm,01/06/2026,23.2,77,,,,,,,,,,,,,,,,,,,,,,,,,,,,,,,,,,,,,,,,,,,,,,,,
182,,6,,182,JALAN ROBINSON,4:02 pm,01/06/2026,23.2,77,,,,,,,,,,,,,,,,,,,,,,,,,,,,,,,,,,,,,,,,,,,,,,,,
182,,6,,182,JALAN ROBINSON,4:02 pm,01/06/2026,23.2,77,,,,,,,,,,,,,,,,,,,,,,,,,,,,,,,,,,,,,,,,,,,,,,,,
183,,6,,183,JALAN ROBINSON,4:02 pm,01/06/2026,23.2,77,,,,,,,,,,,,,,,,,,,,,,,,,,,,,,,,,,,,,,,,,,,,,,,,
183,,6,,183,JALAN ROBINSON,4:02 pm,01/06/2026,23.2,77,,,,,,,,,,,,,,,,,,,,,,,,,,,,,,,,,,,,,,,,,,,,,,,,
184,,6,,184,JALAN ROBINSON,4:02 pm,01/06/2026,23.2,77,,,,,,,,,,,,,,,,,,,,,,,,,,,,,,,,,,,,,,,,,,,,,,,,
184,,6,,184,JALAN ROBINSON,4:02 pm,01/06/2026,23.2,77,,,,,,,,,,,,,,,,,,,,,,,,,,,,,,,,,,,,,,,,,,,,,,,,
185,,6,,185,JALAN ROBINSON,4:02 pm,01/06/2026,23.2,77,,,,,,,,,,,,,,,,,,,,,,,,,,,,,,,,,,,,,,,,,,,,,,,,
185,,6,,185,JALAN ROBINSON,4:02 pm,01/06/2026,23.2,77,,,,,,,,,,,,,,,,,,,,,,,,,,,,,,,,,,,,,,,,,,,,,,,,
186,,6,,186,JALAN ROBINSON,4:02 pm,01/06/2026,23.2,77,,,,,,,,,,,,,,,,,,,,,,,,,,,,,,,,,,,,,,,,,,,,,,,,
186,,6,,186,JALAN ROBINSON,4:02 pm,01/06/2026,23.2,77,,,,,,,,,,,,,,,,,,,,,,,,,,,,,,,,,,,,,,,,,,,,,,,,
187,,6,,187,JALAN ROBINSON,4:02 pm,01/06/2026,23.2,77,,,,,,,,,,,,,,,,,,,,,,,,,,,,,,,,,,,,,,,,,,,,,,,,
187,,6,,187,JALAN ROBINSON,4:02 pm,01/06/2026,23.2,77,,,,,,,,,,,,,,,,,,,,,,,,,,,,,,,,,,,,,,,,,,,,,,,,
188,,6,,188,JALAN ROBINSON,4:02 pm,01/06/2026,23.2,77,,,,,,,,,,,,,,,,,,,,,,,,,,,,,,,,,,,,,,,,,,,,,,,,
188,,6,,188,JALAN ROBINSON,4:02 pm,01/06/2026,23.2,77,,,,,,,,,,,,,,,,,,,,,,,,,,,,,,,,,,,,,,,,,,,,,,,,
189,,6,,189,JALAN ROBINSON,4:02 pm,01/06/2026,23.2,77,,,,,,,,,,,,,,,,,,,,,,,,,,,,,,,,,,,,,,,,,,,,,,,,
189,,6,,189,JALAN ROBINSON,4:02 pm,01/06/2026,23.2,77,,,,,,,,,,,,,,,,,,,,,,,,,,,,,,,,,,,,,,,,,,,,,,,,
190,,6,,190,JALAN ROBINSON,4:02 pm,01/06/2026,23.2,77,,,,,,,,,,,,,,,,,,,,,,,,,,,,,,,,,,,,,,,,,,,,,,,,
190,,6,,190,JALAN ROBINSON,4:02 pm,01/06/2026,23.2,77,,,,,,,,,,,,,,,,,,,,,,,,,,,,,,,,,,,,,,,,,,,,,,,,
191,,6,,191,JALAN ROBINSON,4:02 pm,01/06/2026,23.2,77,,,,,,,,,,,,,,,,,,,,,,,,,,,,,,,,,,,,,,,,,,,,,,,,
191,,6,,191,JALAN ROBINSON,4:02 pm,01/06/2026,23.2,77,,,,,,,,,,,,,,,,,,,,,,,,,,,,,,,,,,,,,,,,,,,,,,,,
192,,6,,192,JALAN ROBINSON,4:02 pm,01/06/2026,23.2,77,,,,,,,,,,,,,,,,,,,,,,,,,,,,,,,,,,,,,,,,,,,,,,,,
192,,6,,192,JALAN ROBINSON,4:02 pm,01/06/2026,23.2,77,,,,,,,,,,,,,,,,,,,,,,,,,,,,,,,,,,,,,,,,,,,,,,,,
193,,6,,193,JALAN ROBINSON,4:02 pm,01/06/2026,23.2,77,,,,,,,,,,,,,,,,,,,,,,,,,,,,,,,,,,,,,,,,,,,,,,,,
193,,6,,193,JALAN ROBINSON,4:02 pm,01/06/2026,23.2,77,,,,,,,,,,,,,,,,,,,,,,,,,,,,,,,,,,,,,,,,,,,,,,,,
194,,6,,194,JALAN ROBINSON,4:02 pm,01/06/2026,23.2,77,,,,,,,,,,,,,,,,,,,,,,,,,,,,,,,,,,,,,,,,,,,,,,,,
194,,6,,194,JALAN ROBINSON,4:02 pm,01/06/2026,23.2,77,,,,,,,,,,,,,,,,,,,,,,,,,,,,,,,,,,,,,,,,,,,,,,,,
195,,6,,195,JALAN ROBINSON,4:02 pm,01/06/2026,23.2,77,,,,,,,,,,,,,,,,,,,,,,,,,,,,,,,,,,,,,,,,,,,,,,,,
195,,6,,195,JALAN ROBINSON,4:02 pm,01/06/2026,23.2,77,,,,,,,,,,,,,,,,,,,,,,,,,,,,,,,,,,,,,,,,,,,,,,,,
196,,6,,196,JALAN ROBINSON,4:02 pm,01/06/2026,23.2,77,,,,,,,,,,,,,,,,,,,,,,,,,,,,,,,,,,,,,,,,,,,,,,,,
196,,6,,196,JALAN ROBINSON,4:02 pm,01/06/2026,23.2,77,,,,,,,,,,,,,,,,,,,,,,,,,,,,,,,,,,,,,,,,,,,,,,,,
197,,6,,197,JALAN ROBINSON,4:02 pm,01/06/2026,23.2,77,,,,,,,,,,,,,,,,,,,,,,,,,,,,,,,,,,,,,,,,,,,,,,,,
197,,6,,197,JALAN ROBINSON,4:02 pm,01/06/2026,23.2,77,,,,,,,,,,,,,,,,,,,,,,,,,,,,,,,,,,,,,,,,,,,,,,,,
198,,6,,198,JALAN ROBINSON,4:02 pm,01/06/2026,23.2,77,,,,,,,,,,,,,,,,,,,,,,,,,,,,,,,,,,,,,,,,,,,,,,,,
198,,6,,198,JALAN ROBINSON,4:02 pm,01/06/2026,23.2,77,,,,,,,,,,,,,,,,,,,,,,,,,,,,,,,,,,,,,,,,,,,,,,,,
199,,6,,199,JALAN ROBINSON,4:02 pm,01/06/2026,23.2,77,,,,,,,,,,,,,,,,,,,,,,,,,,,,,,,,,,,,,,,,,,,,,,,,
199,,6,,199,JALAN ROBINSON,4:02 pm,01/06/2026,23.2,77,,,,,,,,,,,,,,,,,,,,,,,,,,,,,,,,,,,,,,,,,,,,,,,,
200,,6,,200,JALAN ROBINSON,4:02 pm,01/06/2026,23.2,77,,,,,,,,,,,,,,,,,,,,,,,,,,,,,,,,,,,,,,,,,,,,,,,,
200,,6,,200,JALAN ROBINSON,4:02 pm,01/06/2026,23.2,77,,,,,,,,,,,,,,,,,,,,,,,,,,,,,,,,,,,,,,,,,,,,,,,,
201,,6,,201,JALAN ROBINSON,4:02 pm,01/06/2026,23.2,77,,,,,,,,,,,,,,,,,,,,,,,,,,,,,,,,,,,,,,,,,,,,,,,,
201,,6,,201,JALAN ROBINSON,4:02 pm,01/06/2026,23.2,77,,,,,,,,,,,,,,,,,,,,,,,,,,,,,,,,,,,,,,,,,,,,,,,,
202,,6,,202,JALAN ROBINSON,4:02 pm,01/06/2026,23.2,77,,,,,,,,,,,,,,,,,,,,,,,,,,,,,,,,,,,,,,,,,,,,,,,,
202,,6,,202,JALAN ROBINSON,4:02 pm,01/06/2026,23.2,77,,,,,,,,,,,,,,,,,,,,,,,,,,,,,,,,,,,,,,,,,,,,,,,,
203,,6,,203,JALAN ROBINSON,4:02 pm,01/06/2026,23.2,77,,,,,,,,,,,,,,,,,,,,,,,,,,,,,,,,,,,,,,,,,,,,,,,,
203,,6,,203,JALAN ROBINSON,4:02 pm,01/06/2026,23.2,77,,,,,,,,,,,,,,,,,,,,,,,,,,,,,,,,,,,,,,,,,,,,,,,,
204,,6,,204,JALAN ROBINSON,4:02 pm,01/06/2026,23.2,77,,,,,,,,,,,,,,,,,,,,,,,,,,,,,,,,,,,,,,,,,,,,,,,,
204,,6,,204,JALAN ROBINSON,4:02 pm,01/06/2026,23.2,77,,,,,,,,,,,,,,,,,,,,,,,,,,,,,,,,,,,,,,,,,,,,,,,,
205,,6,,205,JALAN ROBINSON,4:02 pm,01/06/2026,23.2,77,,,,,,,,,,,,,,,,,,,,,,,,,,,,,,,,,,,,,,,,,,,,,,,,
205,,6,,205,JALAN ROBINSON,4:02 pm,01/06/2026,23.2,77,,,,,,,,,,,,,,,,,,,,,,,,,,,,,,,,,,,,,,,,,,,,,,,,
206,,6,,206,JALAN ROBINSON,4:02 pm,01/06/2026,23.2,77,,,,,,,,,,,,,,,,,,,,,,,,,,,,,,,,,,,,,,,,,,,,,,,,
206,,6,,206,JALAN ROBINSON,4:02 pm,01/06/2026,23.2,77,,,,,,,,,,,,,,,,,,,,,,,,,,,,,,,,,,,,,,,,,,,,,,,,
207,,6,,207,JALAN ROBINSON,4:02 pm,01/06/2026,23.2,77,,,,,,,,,,,,,,,,,,,,,,,,,,,,,,,,,,,,,,,,,,,,,,,,
207,,6,,207,JALAN ROBINSON,4:02 pm,01/06/2026,23.2,77,,,,,,,,,,,,,,,,,,,,,,,,,,,,,,,,,,,,,,,,,,,,,,,,
208,,6,,208,JALAN ROBINSON,4:02 pm,01/06/2026,23.2,77,,,,,,,,,,,,,,,,,,,,,,,,,,,,,,,,,,,,,,,,,,,,,,,,
208,,6,,208,JALAN ROBINSON,4:02 pm,01/06/2026,23.2,77,,,,,,,,,,,,,,,,,,,,,,,,,,,,,,,,,,,,,,,,,,,,,,,,
209,,6,,209,JALAN ROBINSON,4:02 pm,01/06/2026,23.2,77,,,,,,,,,,,,,,,,,,,,,,,,,,,,,,,,,,,,,,,,,,,,,,,,
209,,6,,209,JALAN ROBINSON,4:02 pm,01/06/2026,23.2,77,,,,,,,,,,,,,,,,,,,,,,,,,,,,,,,,,,,,,,,,,,,,,,,,
210,,6,,210,JALAN ROBINSON,4:02 pm,01/06/2026,23.2,77,,,,,,,,,,,,,,,,,,,,,,,,,,,,,,,,,,,,,,,,,,,,,,,,
210,,6,,210,JALAN ROBINSON,4:02 pm,01/06/2026,23.2,77,,,,,,,,,,,,,,,,,,,,,,,,,,,,,,,,,,,,,,,,,,,,,,,,
211,,6,,211,JALAN ROBINSON,4:02 pm,01/06/2026,23.2,77,,,,,,,,,,,,,,,,,,,,,,,,,,,,,,,,,,,,,,,,,,,,,,,,
211,,6,,211,JALAN ROBINSON,4:02 pm,01/06/2026,23.2,77,,,,,,,,,,,,,,,,,,,,,,,,,,,,,,,,,,,,,,,,,,,,,,,,
212,,6,,212,JALAN ROBINSON,4:02 pm,01/06/2026,23.2,77,,,,,,,,,,,,,,,,,,,,,,,,,,,,,,,,,,,,,,,,,,,,,,,,
212,,6,,212,JALAN ROBINSON,4:02 pm,01/06/2026,23.2,77,,,,,,,,,,,,,,,,,,,,,,,,,,,,,,,,,,,,,,,,,,,,,,,,
213,,7,,213,JALAN ROBINSON,4:02 pm,01/06/2026,23.2,77,,,,,,,,,,,,,,,,,,,,,,,,,,,,,,,,,,,,,,,,,,,,,,,,
213,,7,,213,JALAN ROBINSON,4:02 pm,01/06/2026,23.2,77,,,,,,,,,,,,,,,,,,,,,,,,,,,,,,,,,,,,,,,,,,,,,,,,
214,,7,,214,JALAN ROBINSON,4:02 pm,01/06/2026,23.2,77,,,,,,,,,,,,,,,,,,,,,,,,,,,,,,,,,,,,,,,,,,,,,,,,
214,,7,,214,JALAN ROBINSON,4:02 pm,01/06/2026,23.2,77,,,,,,,,,,,,,,,,,,,,,,,,,,,,,,,,,,,,,,,,,,,,,,,,
215,,7,,215,JALAN ROBINSON,4:02 pm,01/06/2026,23.2,77,,,,,,,,,,,,,,,,,,,,,,,,,,,,,,,,,,,,,,,,,,,,,,,,
215,,7,,215,JALAN ROBINSON,4:02 pm,01/06/2026,23.2,77,,,,,,,,,,,,,,,,,,,,,,,,,,,,,,,,,,,,,,,,,,,,,,,,
216,,7,,216,JALAN ROBINSON,4:02 pm,01/06/2026,23.2,77,,,,,,,,,,,,,,,,,,,,,,,,,,,,,,,,,,,,,,,,,,,,,,,,
216,,7,,216,JALAN ROBINSON,4:02 pm,01/06/2026,23.2,77,,,,,,,,,,,,,,,,,,,,,,,,,,,,,,,,,,,,,,,,,,,,,,,,
217,,7,,217,JALAN ROBINSON,4:02 pm,01/06/2026,23.2,77,,,,,,,,,,,,,,,,,,,,,,,,,,,,,,,,,,,,,,,,,,,,,,,,
217,,7,,217,JALAN ROBINSON,4:02 pm,01/06/2026,23.2,77,,,,,,,,,,,,,,,,,,,,,,,,,,,,,,,,,,,,,,,,,,,,,,,,
218,,7,,218,JALAN ROBINSON,4:02 pm,01/06/2026,23.2,77,,,,,,,,,,,,,,,,,,,,,,,,,,,,,,,,,,,,,,,,,,,,,,,,
218,,7,,218,JALAN ROBINSON,4:02 pm,01/06/2026,23.2,77,,,,,,,,,,,,,,,,,,,,,,,,,,,,,,,,,,,,,,,,,,,,,,,,
219,,7,,219,JALAN ROBINSON,4:02 pm,01/06/2026,23.2,77,,,,,,,,,,,,,,,,,,,,,,,,,,,,,,,,,,,,,,,,,,,,,,,,
219,,7,,219,JALAN ROBINSON,4:02 pm,01/06/2026,23.2,77,,,,,,,,,,,,,,,,,,,,,,,,,,,,,,,,,,,,,,,,,,,,,,,,
220,,7,,220,JALAN ROBINSON,4:02 pm,01/06/2026,23.2,77,,,,,,,,,,,,,,,,,,,,,,,,,,,,,,,,,,,,,,,,,,,,,,,,
220,,7,,220,JALAN ROBINSON,4:02 pm,01/06/2026,23.2,77,,,,,,,,,,,,,,,,,,,,,,,,,,,,,,,,,,,,,,,,,,,,,,,,
221,,7,,221,JALAN ROBINSON,4:02 pm,01/06/2026,23.2,77,,,,,,,,,,,,,,,,,,,,,,,,,,,,,,,,,,,,,,,,,,,,,,,,
221,,7,,221,JALAN ROBINSON,4:02 pm,01/06/2026,23.2,77,,,,,,,,,,,,,,,,,,,,,,,,,,,,,,,,,,,,,,,,,,,,,,,,
222,,7,,222,JALAN ROBINSON,4:02 pm,01/06/2026,23.2,77,,,,,,,,,,,,,,,,,,,,,,,,,,,,,,,,,,,,,,,,,,,,,,,,
222,,7,,222,JALAN ROBINSON,4:02 pm,01/06/2026,23.2,77,,,,,,,,,,,,,,,,,,,,,,,,,,,,,,,,,,,,,,,,,,,,,,,,
223,,7,,223,JALAN ROBINSON,4:02 pm,01/06/2026,23.2,77,,,,,,,,,,,,,,,,,,,,,,,,,,,,,,,,,,,,,,,,,,,,,,,,
223,,7,,223,JALAN ROBINSON,4:02 pm,01/06/2026,23.2,77,,,,,,,,,,,,,,,,,,,,,,,,,,,,,,,,,,,,,,,,,,,,,,,,
224,,7,,224,JALAN ROBINSON,4:02 pm,01/06/2026,23.2,77,,,,,,,,,,,,,,,,,,,,,,,,,,,,,,,,,,,,,,,,,,,,,,,,
224,,7,,224,JALAN ROBINSON,4:02 pm,01/06/2026,23.2,77,,,,,,,,,,,,,,,,,,,,,,,,,,,,,,,,,,,,,,,,,,,,,,,,
225,,8,,225,JALAN ROBINSON,4:02 pm,01/06/2026,23.2,77,,,,,,,,,,,,,,,,,,,,,,,,,,,,,,,,,,,,,,,,,,,,,,,,
225,,8,,225,JALAN ROBINSON,4:02 pm,01/06/2026,23.2,77,,,,,,,,,,,,,,,,,,,,,,,,,,,,,,,,,,,,,,,,,,,,,,,,
226,,8,,226,JALAN ROBINSON,4:02 pm,01/06/2026,23.2,77,,,,,,,,,,,,,,,,,,,,,,,,,,,,,,,,,,,,,,,,,,,,,,,,
226,,8,,226,JALAN ROBINSON,4:02 pm,01/06/2026,23.2,77,,,,,,,,,,,,,,,,,,,,,,,,,,,,,,,,,,,,,,,,,,,,,,,,
227,,8,,227,JALAN ROBINSON,4:02 pm,01/06/2026,23.2,77,,,,,,,,,,,,,,,,,,,,,,,,,,,,,,,,,,,,,,,,,,,,,,,,
227,,8,,227,JALAN ROBINSON,4:02 pm,01/06/2026,23.2,77,,,,,,,,,,,,,,,,,,,,,,,,,,,,,,,,,,,,,,,,,,,,,,,,
228,,8,,228,JALAN ROBINSON,4:02 pm,01/06/2026,23.2,77,,,,,,,,,,,,,,,,,,,,,,,,,,,,,,,,,,,,,,,,,,,,,,,,
228,,8,,228,JALAN ROBINSON,4:02 pm,01/06/2026,23.2,77,,,,,,,,,,,,,,,,,,,,,,,,,,,,,,,,,,,,,,,,,,,,,,,,
229,,8,,229,JALAN ROBINSON,4:02 pm,01/06/2026,23.2,77,,,,,,,,,,,,,,,,,,,,,,,,,,,,,,,,,,,,,,,,,,,,,,,,
229,,8,,229,JALAN ROBINSON,4:02 pm,01/06/2026,23.2,77,,,,,,,,,,,,,,,,,,,,,,,,,,,,,,,,,,,,,,,,,,,,,,,,
230,,8,,230,JALAN ROBINSON,4:02 pm,01/06/2026,23.2,77,,,,,,,,,,,,,,,,,,,,,,,,,,,,,,,,,,,,,,,,,,,,,,,,
230,,8,,230,JALAN ROBINSON,4:02 pm,01/06/2026,23.2,77,,,,,,,,,,,,,,,,,,,,,,,,,,,,,,,,,,,,,,,,,,,,,,,,
231,,8,,231,JALAN ROBINSON,4:02 pm,01/06/2026,23.2,77,,,,,,,,,,,,,,,,,,,,,,,,,,,,,,,,,,,,,,,,,,,,,,,,
231,,8,,231,JALAN ROBINSON,4:02 pm,01/06/2026,23.2,77,,,,,,,,,,,,,,,,,,,,,,,,,,,,,,,,,,,,,,,,,,,,,,,,
232,,8,,232,JALAN ROBINSON,4:02 pm,01/06/2026,23.2,77,,,,,,,,,,,,,,,,,,,,,,,,,,,,,,,,,,,,,,,,,,,,,,,,
232,,8,,232,JALAN ROBINSON,4:02 pm,01/06/2026,23.2,77,,,,,,,,,,,,,,,,,,,,,,,,,,,,,,,,,,,,,,,,,,,,,,,,
233,,8,,233,JALAN ROBINSON,4:02 pm,01/06/2026,23.2,77,,,,,,,,,,,,,,,,,,,,,,,,,,,,,,,,,,,,,,,,,,,,,,,,
233,,8,,233,JALAN ROBINSON,4:02 pm,01/06/2026,23.2,77,,,,,,,,,,,,,,,,,,,,,,,,,,,,,,,,,,,,,,,,,,,,,,,,
234,,8,,234,JALAN ROBINSON,4:02 pm,01/06/2026,23.2,77,,,,,,,,,,,,,,,,,,,,,,,,,,,,,,,,,,,,,,,,,,,,,,,,
234,,8,,234,JALAN ROBINSON,4:02 pm,01/06/2026,23.2,77,,,,,,,,,,,,,,,,,,,,,,,,,,,,,,,,,,,,,,,,,,,,,,,,
235,,8,,235,JALAN ROBINSON,4:02 pm,01/06/2026,23.2,77,,,,,,,,,,,,,,,,,,,,,,,,,,,,,,,,,,,,,,,,,,,,,,,,
235,,8,,235,JALAN ROBINSON,4:02 pm,01/06/2026,23.2,77,,,,,,,,,,,,,,,,,,,,,,,,,,,,,,,,,,,,,,,,,,,,,,,,
236,,8,,236,JALAN ROBINSON,4:02 pm,01/06/2026,23.2,77,,,,,,,,,,,,,,,,,,,,,,,,,,,,,,,,,,,,,,,,,,,,,,,,
236,,8,,236,JALAN ROBINSON,4:02 pm,01/06/2026,23.2,77,,,,,,,,,,,,,,,,,,,,,,,,,,,,,,,,,,,,,,,,,,,,,,,,
237,,8,,237,JALAN ROBINSON,4:02 pm,01/06/2026,23.2,77,,,,,,,,,,,,,,,,,,,,,,,,,,,,,,,,,,,,,,,,,,,,,,,,
237,,8,,237,JALAN ROBINSON,4:02 pm,01/06/2026,23.2,77,,,,,,,,,,,,,,,,,,,,,,,,,,,,,,,,,,,,,,,,,,,,,,,,
238,,8,,238,JALAN ROBINSON,4:02 pm,01/06/2026,23.2,77,,,,,,,,,,,,,,,,,,,,,,,,,,,,,,,,,,,,,,,,,,,,,,,,
238,,8,,238,JALAN ROBINSON,4:02 pm,01/06/2026,23.2,77,,,,,,,,,,,,,,,,,,,,,,,,,,,,,,,,,,,,,,,,,,,,,,,,
239,,8,,239,JALAN ROBINSON,4:02 pm,01/06/2026,23.2,77,,,,,,,,,,,,,,,,,,,,,,,,,,,,,,,,,,,,,,,,,,,,,,,,
239,,8,,239,JALAN ROBINSON,4:02 pm,01/06/2026,23.2,77,,,,,,,,,,,,,,,,,,,,,,,,,,,,,,,,,,,,,,,,,,,,,,,,
240,,8,,240,JALAN ROBINSON,4:02 pm,01/06/2026,23.2,77,,,,,,,,,,,,,,,,,,,,,,,,,,,,,,,,,,,,,,,,,,,,,,,,
240,,8,,240,JALAN ROBINSON,4:02 pm,01/06/2026,23.2,77,,,,,,,,,,,,,,,,,,,,,,,,,,,,,,,,,,,,,,,,,,,,,,,,
241,,8,,241,JALAN ROBINSON,4:02 pm,01/06/2026,23.2,77,,,,,,,,,,,,,,,,,,,,,,,,,,,,,,,,,,,,,,,,,,,,,,,,
241,,8,,241,JALAN ROBINSON,4:02 pm,01/06/2026,23.2,77,,,,,,,,,,,,,,,,,,,,,,,,,,,,,,,,,,,,,,,,,,,,,,,,
242,,8,,242,JALAN ROBINSON,4:02 pm,01/06/2026,23.2,77,,,,,,,,,,,,,,,,,,,,,,,,,,,,,,,,,,,,,,,,,,,,,,,,
242,,8,,242,JALAN ROBINSON,4:02 pm,01/06/2026,23.2,77,,,,,,,,,,,,,,,,,,,,,,,,,,,,,,,,,,,,,,,,,,,,,,,,
243,,8,,243,JALAN ROBINSON,4:02 pm,01/06/2026,23.2,77,,,,,,,,,,,,,,,,,,,,,,,,,,,,,,,,,,,,,,,,,,,,,,,,
243,,8,,243,JALAN ROBINSON,4:02 pm,01/06/2026,23.2,77,,,,,,,,,,,,,,,,,,,,,,,,,,,,,,,,,,,,,,,,,,,,,,,,
244,,8,,244,JALAN ROBINSON,4:02 pm,01/06/2026,23.2,77,,,,,,,,,,,,,,,,,,,,,,,,,,,,,,,,,,,,,,,,,,,,,,,,
244,,8,,244,JALAN ROBINSON,4:02 pm,01/06/2026,23.2,77,,,,,,,,,,,,,,,,,,,,,,,,,,,,,,,,,,,,,,,,,,,,,,,,
245,,8,,245,JALAN ROBINSON,4:02 pm,01/06/2026,23.2,77,,,,,,,,,,,,,,,,,,,,,,,,,,,,,,,,,,,,,,,,,,,,,,,,
245,,8,,245,JALAN ROBINSON,4:02 pm,01/06/2026,23.2,77,,,,,,,,,,,,,,,,,,,,,,,,,,,,,,,,,,,,,,,,,,,,,,,,
246,,8,,246,JALAN ROBINSON,4:02 pm,01/06/2026,23.2,77,,,,,,,,,,,,,,,,,,,,,,,,,,,,,,,,,,,,,,,,,,,,,,,,
246,,8,,246,JALAN ROBINSON,4:02 pm,01/06/2026,23.2,77,,,,,,,,,,,,,,,,,,,,,,,,,,,,,,,,,,,,,,,,,,,,,,,,
247,,8,,247,JALAN ROBINSON,4:02 pm,01/06/2026,23.2,77,,,,,,,,,,,,,,,,,,,,,,,,,,,,,,,,,,,,,,,,,,,,,,,,
247,,8,,247,JALAN ROBINSON,4:02 pm,01/06/2026,23.2,77,,,,,,,,,,,,,,,,,,,,,,,,,,,,,,,,,,,,,,,,,,,,,,,,
248,,8,,248,JALAN ROBINSON,4:02 pm,01/06/2026,23.2,77,,,,,,,,,,,,,,,,,,,,,,,,,,,,,,,,,,,,,,,,,,,,,,,,
248,,8,,248,JALAN ROBINSON,4:02 pm,01/06/2026,23.2,77,,,,,,,,,,,,,,,,,,,,,,,,,,,,,,,,,,,,,,,,,,,,,,,,
249,,8,,249,JALAN ROBINSON,4:02 pm,01/06/2026,23.2,77,,,,,,,,,,,,,,,,,,,,,,,,,,,,,,,,,,,,,,,,,,,,,,,,
249,,8,,249,JALAN ROBINSON,4:02 pm,01/06/2026,23.2,77,,,,,,,,,,,,,,,,,,,,,,,,,,,,,,,,,,,,,,,,,,,,,,,,
250,,8,,250,JALAN ROBINSON,4:02 pm,01/06/2026,23.2,77,,,,,,,,,,,,,,,,,,,,,,,,,,,,,,,,,,,,,,,,,,,,,,,,
250,,8,,250,JALAN ROBINSON,4:02 pm,01/06/2026,23.2,77,,,,,,,,,,,,,,,,,,,,,,,,,,,,,,,,,,,,,,,,,,,,,,,,
251,,8,,251,JALAN ROBINSON,4:02 pm,01/06/2026,23.2,77,,,,,,,,,,,,,,,,,,,,,,,,,,,,,,,,,,,,,,,,,,,,,,,,
251,,8,,251,JALAN ROBINSON,4:02 pm,01/06/2026,23.2,77,,,,,,,,,,,,,,,,,,,,,,,,,,,,,,,,,,,,,,,,,,,,,,,,
252,,8,,252,JALAN ROBINSON,4:02 pm,01/06/2026,23.2,77,,,,,,,,,,,,,,,,,,,,,,,,,,,,,,,,,,,,,,,,,,,,,,,,
252,,8,,252,JALAN ROBINSON,4:02 pm,01/06/2026,23.2,77,,,,,,,,,,,,,,,,,,,,,,,,,,,,,,,,,,,,,,,,,,,,,,,,
253,,8,,253,JALAN ROBINSON,4:02 pm,01/06/2026,23.2,77,,,,,,,,,,,,,,,,,,,,,,,,,,,,,,,,,,,,,,,,,,,,,,,,
253,,8,,253,JALAN ROBINSON,4:02 pm,01/06/2026,23.2,77,,,,,,,,,,,,,,,,,,,,,,,,,,,,,,,,,,,,,,,,,,,,,,,,
254,,8,,254,JALAN ROBINSON,4:02 pm,01/06/2026,23.2,77,,,,,,,,,,,,,,,,,,,,,,,,,,,,,,,,,,,,,,,,,,,,,,,,
254,,8,,254,JALAN ROBINSON,4:02 pm,01/06/2026,23.2,77,,,,,,,,,,,,,,,,,,,,,,,,,,,,,,,,,,,,,,,,,,,,,,,,
255,,8,,255,JALAN ROBINSON,4:02 pm,01/06/2026,23.2,77,,,,,,,,,,,,,,,,,,,,,,,,,,,,,,,,,,,,,,,,,,,,,,,,
255,,8,,255,JALAN ROBINSON,4:02 pm,01/06/2026,23.2,77,,,,,,,,,,,,,,,,,,,,,,,,,,,,,,,,,,,,,,,,,,,,,,,,
256,,8,,256,JALAN ROBINSON,4:02 pm,01/06/2026,23.2,77,,,,,,,,,,,,,,,,,,,,,,,,,,,,,,,,,,,,,,,,,,,,,,,,
256,,8,,256,JALAN ROBINSON,4:02 pm,01/06/2026,23.2,77,,,,,,,,,,,,,,,,,,,,,,,,,,,,,,,,,,,,,,,,,,,,,,,,
257,,8,,257,JALAN ROBINSON,4:02 pm,01/06/2026,23.2,77,,,,,,,,,,,,,,,,,,,,,,,,,,,,,,,,,,,,,,,,,,,,,,,,
257,,8,,257,JALAN ROBINSON,4:02 pm,01/06/2026,23.2,77,,,,,,,,,,,,,,,,,,,,,,,,,,,,,,,,,,,,,,,,,,,,,,,,
258,,8,,258,JALAN ROBINSON,4:02 pm,01/06/2026,23.2,77,,,,,,,,,,,,,,,,,,,,,,,,,,,,,,,,,,,,,,,,,,,,,,,,
258,,8,,258,JALAN ROBINSON,4:02 pm,01/06/2026,23.2,77,,,,,,,,,,,,,,,,,,,,,,,,,,,,,,,,,,,,,,,,,,,,,,,,
259,,8,,259,JALAN ROBINSON,4:02 pm,01/06/2026,23.2,77,,,,,,,,,,,,,,,,,,,,,,,,,,,,,,,,,,,,,,,,,,,,,,,,
259,,8,,259,JALAN ROBINSON,4:02 pm,01/06/2026,23.2,77,,,,,,,,,,,,,,,,,,,,,,,,,,,,,,,,,,,,,,,,,,,,,,,,
260,,8,,260,JALAN ROBINSON,4:02 pm,01/06/2026,23.2,77,,,,,,,,,,,,,,,,,,,,,,,,,,,,,,,,,,,,,,,,,,,,,,,,
260,,8,,260,JALAN ROBINSON,4:02 pm,01/06/2026,23.2,77,,,,,,,,,,,,,,,,,,,,,,,,,,,,,,,,,,,,,,,,,,,,,,,,
261,,8,,261,JALAN ROBINSON,4:02 pm,01/06/2026,23.2,77,,,,,,,,,,,,,,,,,,,,,,,,,,,,,,,,,,,,,,,,,,,,,,,,
261,,8,,261,JALAN ROBINSON,4:02 pm,01/06/2026,23.2,77,,,,,,,,,,,,,,,,,,,,,,,,,,,,,,,,,,,,,,,,,,,,,,,,
262,,8,,262,JALAN ROBINSON,4:02 pm,01/06/2026,23.2,77,,,,,,,,,,,,,,,,,,,,,,,,,,,,,,,,,,,,,,,,,,,,,,,,
262,,8,,262,JALAN ROBINSON,4:02 pm,01/06/2026,23.2,77,,,,,,,,,,,,,,,,,,,,,,,,,,,,,,,,,,,,,,,,,,,,,,,,
263,,8,,263,JALAN ROBINSON,4:02 pm,01/06/2026,23.2,77,,,,,,,,,,,,,,,,,,,,,,,,,,,,,,,,,,,,,,,,,,,,,,,,
263,,8,,263,JALAN ROBINSON,4:02 pm,01/06/2026,23.2,77,,,,,,,,,,,,,,,,,,,,,,,,,,,,,,,,,,,,,,,,,,,,,,,,
264,,8,,264,JALAN ROBINSON,4:02 pm,01/06/2026,23.2,77,,,,,,,,,,,,,,,,,,,,,,,,,,,,,,,,,,,,,,,,,,,,,,,,
264,,8,,264,JALAN ROBINSON,4:02 pm,01/06/2026,23.2,77,,,,,,,,,,,,,,,,,,,,,,,,,,,,,,,,,,,,,,,,,,,,,,,,
265,,9,,265,JALAN ROBINSON,4:02 pm,01/06/2026,23.2,77,,,,,,,,,,,,,,,,,,,,,,,,,,,,,,,,,,,,,,,,,,,,,,,,
265,,9,,265,JALAN ROBINSON,4:02 pm,01/06/2026,23.2,77,,,,,,,,,,,,,,,,,,,,,,,,,,,,,,,,,,,,,,,,,,,,,,,,
266,,9,,266,JALAN ROBINSON,4:02 pm,01/06/2026,23.2,77,,,,,,,,,,,,,,,,,,,,,,,,,,,,,,,,,,,,,,,,,,,,,,,,
266,,9,,266,JALAN ROBINSON,4:02 pm,01/06/2026,23.2,77,,,,,,,,,,,,,,,,,,,,,,,,,,,,,,,,,,,,,,,,,,,,,,,,
267,,9,,267,JALAN ROBINSON,4:02 pm,01/06/2026,23.2,77,,,,,,,,,,,,,,,,,,,,,,,,,,,,,,,,,,,,,,,,,,,,,,,,
267,,9,,267,JALAN ROBINSON,4:02 pm,01/06/2026,23.2,77,,,,,,,,,,,,,,,,,,,,,,,,,,,,,,,,,,,,,,,,,,,,,,,,
268,,9,,268,JALAN ROBINSON,4:02 pm,01/06/2026,23.2,77,,,,,,,,,,,,,,,,,,,,,,,,,,,,,,,,,,,,,,,,,,,,,,,,
268,,9,,268,JALAN ROBINSON,4:02 pm,01/06/2026,23.2,77,,,,,,,,,,,,,,,,,,,,,,,,,,,,,,,,,,,,,,,,,,,,,,,,
269,,9,,269,JALAN ROBINSON,4:02 pm,01/06/2026,23.2,77,,,,,,,,,,,,,,,,,,,,,,,,,,,,,,,,,,,,,,,,,,,,,,,,
269,,9,,269,JALAN ROBINSON,4:02 pm,01/06/2026,23.2,77,,,,,,,,,,,,,,,,,,,,,,,,,,,,,,,,,,,,,,,,,,,,,,,,
270,,9,,270,JALAN ROBINSON,4:02 pm,01/06/2026,23.2,77,,,,,,,,,,,,,,,,,,,,,,,,,,,,,,,,,,,,,,,,,,,,,,,,
270,,9,,270,JALAN ROBINSON,4:02 pm,01/06/2026,23.2,77,,,,,,,,,,,,,,,,,,,,,,,,,,,,,,,,,,,,,,,,,,,,,,,,
271,,9,,271,JALAN ROBINSON,4:02 pm,01/06/2026,23.2,77,,,,,,,,,,,,,,,,,,,,,,,,,,,,,,,,,,,,,,,,,,,,,,,,
271,,9,,271,JALAN ROBINSON,4:02 pm,01/06/2026,23.2,77,,,,,,,,,,,,,,,,,,,,,,,,,,,,,,,,,,,,,,,,,,,,,,,,
272,,9,,272,JALAN ROBINSON,4:02 pm,01/06/2026,23.2,77,,,,,,,,,,,,,,,,,,,,,,,,,,,,,,,,,,,,,,,,,,,,,,,,
272,,9,,272,JALAN ROBINSON,4:02 pm,01/06/2026,23.2,77,,,,,,,,,,,,,,,,,,,,,,,,,,,,,,,,,,,,,,,,,,,,,,,,
273,,9,,273,JALAN ROBINSON,4:02 pm,01/06/2026,23.2,77,,,,,,,,,,,,,,,,,,,,,,,,,,,,,,,,,,,,,,,,,,,,,,,,
273,,9,,273,JALAN ROBINSON,4:02 pm,01/06/2026,23.2,77,,,,,,,,,,,,,,,,,,,,,,,,,,,,,,,,,,,,,,,,,,,,,,,,
274,,9,,274,JALAN ROBINSON,4:02 pm,01/06/2026,23.2,77,,,,,,,,,,,,,,,,,,,,,,,,,,,,,,,,,,,,,,,,,,,,,,,,
274,,9,,274,JALAN ROBINSON,4:02 pm,01/06/2026,23.2,77,,,,,,,,,,,,,,,,,,,,,,,,,,,,,,,,,,,,,,,,,,,,,,,,
275,,9,,275,JALAN ROBINSON,4:02 pm,01/06/2026,23.2,77,,,,,,,,,,,,,,,,,,,,,,,,,,,,,,,,,,,,,,,,,,,,,,,,
275,,9,,275,JALAN ROBINSON,4:02 pm,01/06/2026,23.2,77,,,,,,,,,,,,,,,,,,,,,,,,,,,,,,,,,,,,,,,,,,,,,,,,
276,,9,,276,JALAN ROBINSON,4:02 pm,01/06/2026,23.2,77,,,,,,,,,,,,,,,,,,,,,,,,,,,,,,,,,,,,,,,,,,,,,,,,
276,,9,,276,JALAN ROBINSON,4:02 pm,01/06/2026,23.2,77,,,,,,,,,,,,,,,,,,,,,,,,,,,,,,,,,,,,,,,,,,,,,,,,
277,,9,,277,JALAN ROBINSON,4:02 pm,01/06/2026,23.2,77,,,,,,,,,,,,,,,,,,,,,,,,,,,,,,,,,,,,,,,,,,,,,,,,
277,,9,,277,JALAN ROBINSON,4:02 pm,01/06/2026,23.2,77,,,,,,,,,,,,,,,,,,,,,,,,,,,,,,,,,,,,,,,,,,,,,,,,
278,,9,,278,JALAN ROBINSON,4:02 pm,01/06/2026,23.2,77,,,,,,,,,,,,,,,,,,,,,,,,,,,,,,,,,,,,,,,,,,,,,,,,
278,,9,,278,JALAN ROBINSON,4:02 pm,01/06/2026,23.2,77,,,,,,,,,,,,,,,,,,,,,,,,,,,,,,,,,,,,,,,,,,,,,,,,
279,,9,,279,JALAN ROBINSON,4:02 pm,01/06/2026,23.2,77,,,,,,,,,,,,,,,,,,,,,,,,,,,,,,,,,,,,,,,,,,,,,,,,
279,,9,,279,JALAN ROBINSON,4:02 pm,01/06/2026,23.2,77,,,,,,,,,,,,,,,,,,,,,,,,,,,,,,,,,,,,,,,,,,,,,,,,
280,,9,,280,JALAN ROBINSON,4:02 pm,01/06/2026,23.2,77,,,,,,,,,,,,,,,,,,,,,,,,,,,,,,,,,,,,,,,,,,,,,,,,
280,,9,,280,JALAN ROBINSON,4:02 pm,01/06/2026,23.2,77,,,,,,,,,,,,,,,,,,,,,,,,,,,,,,,,,,,,,,,,,,,,,,,,
281,,9,,281,JALAN ROBINSON,4:02 pm,01/06/2026,23.2,77,,,,,,,,,,,,,,,,,,,,,,,,,,,,,,,,,,,,,,,,,,,,,,,,
281,,9,,281,JALAN ROBINSON,4:02 pm,01/06/2026,23.2,77,,,,,,,,,,,,,,,,,,,,,,,,,,,,,,,,,,,,,,,,,,,,,,,,
282,,9,,282,JALAN ROBINSON,4:02 pm,01/06/2026,23.2,77,,,,,,,,,,,,,,,,,,,,,,,,,,,,,,,,,,,,,,,,,,,,,,,,
282,,9,,282,JALAN ROBINSON,4:02 pm,01/06/2026,23.2,77,,,,,,,,,,,,,,,,,,,,,,,,,,,,,,,,,,,,,,,,,,,,,,,,
283,,9,,283,JALAN ROBINSON,4:02 pm,01/06/2026,23.2,77,,,,,,,,,,,,,,,,,,,,,,,,,,,,,,,,,,,,,,,,,,,,,,,,
283,,9,,283,JALAN ROBINSON,4:02 pm,01/06/2026,23.2,77,,,,,,,,,,,,,,,,,,,,,,,,,,,,,,,,,,,,,,,,,,,,,,,,
284,,9,,284,JALAN ROBINSON,4:02 pm,01/06/2026,23.2,77,,,,,,,,,,,,,,,,,,,,,,,,,,,,,,,,,,,,,,,,,,,,,,,,
284,,9,,284,JALAN ROBINSON,4:02 pm,01/06/2026,23.2,77,,,,,,,,,,,,,,,,,,,,,,,,,,,,,,,,,,,,,,,,,,,,,,,,
285,,9,,285,JALAN ROBINSON,4:02 pm,01/06/2026,23.2,77,,,,,,,,,,,,,,,,,,,,,,,,,,,,,,,,,,,,,,,,,,,,,,,,
285,,9,,285,JALAN ROBINSON,4:02 pm,01/06/2026,23.2,77,,,,,,,,,,,,,,,,,,,,,,,,,,,,,,,,,,,,,,,,,,,,,,,,
286,,9,,286,JALAN ROBINSON,4:02 pm,01/06/2026,23.2,77,,,,,,,,,,,,,,,,,,,,,,,,,,,,,,,,,,,,,,,,,,,,,,,,
286,,9,,286,JALAN ROBINSON,4:02 pm,01/06/2026,23.2,77,,,,,,,,,,,,,,,,,,,,,,,,,,,,,,,,,,,,,,,,,,,,,,,,
287,,9,,287,JALAN ROBINSON,4:02 pm,01/06/2026,23.2,77,,,,,,,,,,,,,,,,,,,,,,,,,,,,,,,,,,,,,,,,,,,,,,,,
287,,9,,287,JALAN ROBINSON,4:02 pm,01/06/2026,23.2,77,,,,,,,,,,,,,,,,,,,,,,,,,,,,,,,,,,,,,,,,,,,,,,,,
288,,9,,288,JALAN ROBINSON,4:02 pm,01/06/2026,23.2,77,,,,,,,,,,,,,,,,,,,,,,,,,,,,,,,,,,,,,,,,,,,,,,,,
288,,9,,288,JALAN ROBINSON,4:02 pm,01/06/2026,23.2,77,,,,,,,,,,,,,,,,,,,,,,,,,,,,,,,,,,,,,,,,,,,,,,,,
289,,9,,289,JALAN ROBINSON,4:02 pm,01/06/2026,23.2,77,,,,,,,,,,,,,,,,,,,,,,,,,,,,,,,,,,,,,,,,,,,,,,,,
289,,9,,289,JALAN ROBINSON,4:02 pm,01/06/2026,23.2,77,,,,,,,,,,,,,,,,,,,,,,,,,,,,,,,,,,,,,,,,,,,,,,,,
290,,9,,290,JALAN ROBINSON,4:02 pm,01/06/2026,23.2,77,,,,,,,,,,,,,,,,,,,,,,,,,,,,,,,,,,,,,,,,,,,,,,,,
290,,9,,290,JALAN ROBINSON,4:02 pm,01/06/2026,23.2,77,,,,,,,,,,,,,,,,,,,,,,,,,,,,,,,,,,,,,,,,,,,,,,,,
291,,9,,291,JALAN ROBINSON,4:02 pm,01/06/2026,23.2,77,,,,,,,,,,,,,,,,,,,,,,,,,,,,,,,,,,,,,,,,,,,,,,,,
291,,9,,291,JALAN ROBINSON,4:02 pm,01/06/2026,23.2,77,,,,,,,,,,,,,,,,,,,,,,,,,,,,,,,,,,,,,,,,,,,,,,,,
292,,9,,292,JALAN ROBINSON,4:02 pm,01/06/2026,23.2,77,,,,,,,,,,,,,,,,,,,,,,,,,,,,,,,,,,,,,,,,,,,,,,,,
292,,9,,292,JALAN ROBINSON,4:02 pm,01/06/2026,23.2,77,,,,,,,,,,,,,,,,,,,,,,,,,,,,,,,,,,,,,,,,,,,,,,,,
293,,9,,293,JALAN ROBINSON,4:02 pm,01/06/2026,23.2,77,,,,,,,,,,,,,,,,,,,,,,,,,,,,,,,,,,,,,,,,,,,,,,,,
293,,9,,293,JALAN ROBINSON,4:02 pm,01/06/2026,23.2,77,,,,,,,,,,,,,,,,,,,,,,,,,,,,,,,,,,,,,,,,,,,,,,,,
294,,9,,294,JALAN ROBINSON,4:02 pm,01/06/2026,23.2,77,,,,,,,,,,,,,,,,,,,,,,,,,,,,,,,,,,,,,,,,,,,,,,,,
294,,9,,294,JALAN ROBINSON,4:02 pm,01/06/2026,23.2,77,,,,,,,,,,,,,,,,,,,,,,,,,,,,,,,,,,,,,,,,,,,,,,,,
295,,9,,295,JALAN ROBINSON,4:02 pm,01/06/2026,23.2,77,,,,,,,,,,,,,,,,,,,,,,,,,,,,,,,,,,,,,,,,,,,,,,,,
295,,9,,295,JALAN ROBINSON,4:02 pm,01/06/2026,23.2,77,,,,,,,,,,,,,,,,,,,,,,,,,,,,,,,,,,,,,,,,,,,,,,,,
296,,9,,296,JALAN ROBINSON,4:02 pm,01/06/2026,23.2,77,,,,,,,,,,,,,,,,,,,,,,,,,,,,,,,,,,,,,,,,,,,,,,,,
296,,9,,296,JALAN ROBINSON,4:02 pm,01/06/2026,23.2,77,,,,,,,,,,,,,,,,,,,,,,,,,,,,,,,,,,,,,,,,,,,,,,,,
297,,9,,297,JALAN ROBINSON,4:02 pm,01/06/2026,23.2,77,,,,,,,,,,,,,,,,,,,,,,,,,,,,,,,,,,,,,,,,,,,,,,,,
297,,9,,297,JALAN ROBINSON,4:02 pm,01/06/2026,23.2,77,,,,,,,,,,,,,,,,,,,,,,,,,,,,,,,,,,,,,,,,,,,,,,,,
298,,9,,298,JALAN ROBINSON,4:02 pm,01/06/2026,23.2,77,,,,,,,,,,,,,,,,,,,,,,,,,,,,,,,,,,,,,,,,,,,,,,,,
298,,9,,298,JALAN ROBINSON,4:02 pm,01/06/2026,23.2,77,,,,,,,,,,,,,,,,,,,,,,,,,,,,,,,,,,,,,,,,,,,,,,,,
299,,9,,299,JALAN ROBINSON,4:02 pm,01/06/2026,23.2,77,,,,,,,,,,,,,,,,,,,,,,,,,,,,,,,,,,,,,,,,,,,,,,,,
299,,9,,299,JALAN ROBINSON,4:02 pm,01/06/2026,23.2,77,,,,,,,,,,,,,,,,,,,,,,,,,,,,,,,,,,,,,,,,,,,,,,,,
300,,9,,300,JALAN ROBINSON,4:02 pm,01/06/2026,23.2,77,,,,,,,,,,,,,,,,,,,,,,,,,,,,,,,,,,,,,,,,,,,,,,,,
300,,9,,300,JALAN ROBINSON,4:02 pm,01/06/2026,23.2,77,,,,,,,,,,,,,,,,,,,,,,,,,,,,,,,,,,,,,,,,,,,,,,,,
301,,9,,301,JALAN ROBINSON,4:02 pm,01/06/2026,23.2,77,,,,,,,,,,,,,,,,,,,,,,,,,,,,,,,,,,,,,,,,,,,,,,,,
301,,9,,301,JALAN ROBINSON,4:02 pm,01/06/2026,23.2,77,,,,,,,,,,,,,,,,,,,,,,,,,,,,,,,,,,,,,,,,,,,,,,,,
302,,9,,302,JALAN ROBINSON,4:02 pm,01/06/2026,23.2,77,,,,,,,,,,,,,,,,,,,,,,,,,,,,,,,,,,,,,,,,,,,,,,,,
302,,9,,302,JALAN ROBINSON,4:02 pm,01/06/2026,23.2,77,,,,,,,,,,,,,,,,,,,,,,,,,,,,,,,,,,,,,,,,,,,,,,,,
303,,9,,303,JALAN ROBINSON,4:02 pm,01/06/2026,23.2,77,,,,,,,,,,,,,,,,,,,,,,,,,,,,,,,,,,,,,,,,,,,,,,,,
303,,9,,303,JALAN ROBINSON,4:02 pm,01/06/2026,23.2,77,,,,,,,,,,,,,,,,,,,,,,,,,,,,,,,,,,,,,,,,,,,,,,,,
304,,9,,304,JALAN ROBINSON,4:02 pm,01/06/2026,23.2,77,,,,,,,,,,,,,,,,,,,,,,,,,,,,,,,,,,,,,,,,,,,,,,,,
304,,9,,304,JALAN ROBINSON,4:02 pm,01/06/2026,23.2,77,,,,,,,,,,,,,,,,,,,,,,,,,,,,,,,,,,,,,,,,,,,,,,,,
305,,10,,305,JALAN ROBINSON,4:02 pm,01/06/2026,23.2,77,,,,,,,,,,,,,,,,,,,,,,,,,,,,,,,,,,,,,,,,,,,,,,,,
305,,10,,305,JALAN ROBINSON,4:02 pm,01/06/2026,23.2,77,,,,,,,,,,,,,,,,,,,,,,,,,,,,,,,,,,,,,,,,,,,,,,,,
306,,10,,306,JALAN ROBINSON,4:02 pm,01/06/2026,23.2,77,,,,,,,,,,,,,,,,,,,,,,,,,,,,,,,,,,,,,,,,,,,,,,,,
306,,10,,306,JALAN ROBINSON,4:02 pm,01/06/2026,23.2,77,,,,,,,,,,,,,,,,,,,,,,,,,,,,,,,,,,,,,,,,,,,,,,,,
307,,10,,307,JALAN ROBINSON,4:02 pm,01/06/2026,23.2,77,,,,,,,,,,,,,,,,,,,,,,,,,,,,,,,,,,,,,,,,,,,,,,,,
307,,10,,307,JALAN ROBINSON,4:02 pm,01/06/2026,23.2,77,,,,,,,,,,,,,,,,,,,,,,,,,,,,,,,,,,,,,,,,,,,,,,,,
308,,10,,308,JALAN ROBINSON,4:02 pm,01/06/2026,23.2,77,,,,,,,,,,,,,,,,,,,,,,,,,,,,,,,,,,,,,,,,,,,,,,,,
308,,10,,308,JALAN ROBINSON,4:02 pm,01/06/2026,23.2,77,,,,,,,,,,,,,,,,,,,,,,,,,,,,,,,,,,,,,,,,,,,,,,,,
309,,10,,309,JALAN ROBINSON,4:02 pm,01/06/2026,23.2,77,,,,,,,,,,,,,,,,,,,,,,,,,,,,,,,,,,,,,,,,,,,,,,,,
309,,10,,309,JALAN ROBINSON,4:02 pm,01/06/2026,23.2,77,,,,,,,,,,,,,,,,,,,,,,,,,,,,,,,,,,,,,,,,,,,,,,,,
310,,10,,310,JALAN ROBINSON,4:02 pm,01/06/2026,23.2,77,,,,,,,,,,,,,,,,,,,,,,,,,,,,,,,,,,,,,,,,,,,,,,,,
310,,10,,310,JALAN ROBINSON,4:02 pm,01/06/2026,23.2,77,,,,,,,,,,,,,,,,,,,,,,,,,,,,,,,,,,,,,,,,,,,,,,,,
311,,10,,311,JALAN ROBINSON,4:02 pm,01/06/2026,23.2,77,,,,,,,,,,,,,,,,,,,,,,,,,,,,,,,,,,,,,,,,,,,,,,,,
311,,10,,311,JALAN ROBINSON,4:02 pm,01/06/2026,23.2,77,,,,,,,,,,,,,,,,,,,,,,,,,,,,,,,,,,,,,,,,,,,,,,,,
312,,10,,312,JALAN ROBINSON,4:02 pm,01/06/2026,23.2,77,,,,,,,,,,,,,,,,,,,,,,,,,,,,,,,,,,,,,,,,,,,,,,,,
312,,10,,312,JALAN ROBINSON,4:02 pm,01/06/2026,23.2,77,,,,,,,,,,,,,,,,,,,,,,,,,,,,,,,,,,,,,,,,,,,,,,,,
313,,10,,313,JALAN ROBINSON,4:02 pm,01/06/2026,23.2,77,,,,,,,,,,,,,,,,,,,,,,,,,,,,,,,,,,,,,,,,,,,,,,,,
313,,10,,313,JALAN ROBINSON,4:02 pm,01/06/2026,23.2,77,,,,,,,,,,,,,,,,,,,,,,,,,,,,,,,,,,,,,,,,,,,,,,,,
314,,10,,314,JALAN ROBINSON,4:02 pm,01/06/2026,23.2,77,,,,,,,,,,,,,,,,,,,,,,,,,,,,,,,,,,,,,,,,,,,,,,,,
314,,10,,314,JALAN ROBINSON,4:02 pm,01/06/2026,23.2,77,,,,,,,,,,,,,,,,,,,,,,,,,,,,,,,,,,,,,,,,,,,,,,,,
315,,10,,315,JALAN ROBINSON,4:02 pm,01/06/2026,23.2,77,,,,,,,,,,,,,,,,,,,,,,,,,,,,,,,,,,,,,,,,,,,,,,,,
315,,10,,315,JALAN ROBINSON,4:02 pm,01/06/2026,23.2,77,,,,,,,,,,,,,,,,,,,,,,,,,,,,,,,,,,,,,,,,,,,,,,,,
316,,10,,316,JALAN ROBINSON,4:02 pm,01/06/2026,23.2,77,,,,,,,,,,,,,,,,,,,,,,,,,,,,,,,,,,,,,,,,,,,,,,,,
316,,10,,316,JALAN ROBINSON,4:02 pm,01/06/2026,23.2,77,,,,,,,,,,,,,,,,,,,,,,,,,,,,,,,,,,,,,,,,,,,,,,,,
317,,10,,317,JALAN ROBINSON,4:02 pm,01/06/2026,23.2,77,,,,,,,,,,,,,,,,,,,,,,,,,,,,,,,,,,,,,,,,,,,,,,,,
317,,10,,317,JALAN ROBINSON,4:02 pm,01/06/2026,23.2,77,,,,,,,,,,,,,,,,,,,,,,,,,,,,,,,,,,,,,,,,,,,,,,,,
318,,10,,318,JALAN ROBINSON,4:02 pm,01/06/2026,23.2,77,,,,,,,,,,,,,,,,,,,,,,,,,,,,,,,,,,,,,,,,,,,,,,,,
318,,10,,318,JALAN ROBINSON,4:02 pm,01/06/2026,23.2,77,,,,,,,,,,,,,,,,,,,,,,,,,,,,,,,,,,,,,,,,,,,,,,,,
319,,10,,319,JALAN ROBINSON,4:02 pm,01/06/2026,23.2,77,,,,,,,,,,,,,,,,,,,,,,,,,,,,,,,,,,,,,,,,,,,,,,,,
319,,10,,319,JALAN ROBINSON,4:02 pm,01/06/2026,23.2,77,,,,,,,,,,,,,,,,,,,,,,,,,,,,,,,,,,,,,,,,,,,,,,,,
320,,10,,320,JALAN ROBINSON,4:02 pm,01/06/2026,23.2,77,,,,,,,,,,,,,,,,,,,,,,,,,,,,,,,,,,,,,,,,,,,,,,,,
320,,10,,320,JALAN ROBINSON,4:02 pm,01/06/2026,23.2,77,,,,,,,,,,,,,,,,,,,,,,,,,,,,,,,,,,,,,,,,,,,,,,,,
321,,10,,321,JALAN ROBINSON,4:02 pm,01/06/2026,23.2,77,,,,,,,,,,,,,,,,,,,,,,,,,,,,,,,,,,,,,,,,,,,,,,,,
321,,10,,321,JALAN ROBINSON,4:02 pm,01/06/2026,23.2,77,,,,,,,,,,,,,,,,,,,,,,,,,,,,,,,,,,,,,,,,,,,,,,,,
322,,10,,322,JALAN ROBINSON,4:02 pm,01/06/2026,23.2,77,,,,,,,,,,,,,,,,,,,,,,,,,,,,,,,,,,,,,,,,,,,,,,,,
322,,10,,322,JALAN ROBINSON,4:02 pm,01/06/2026,23.2,77,,,,,,,,,,,,,,,,,,,,,,,,,,,,,,,,,,,,,,,,,,,,,,,,
323,,10,,323,JALAN ROBINSON,4:02 pm,01/06/2026,23.2,77,,,,,,,,,,,,,,,,,,,,,,,,,,,,,,,,,,,,,,,,,,,,,,,,
323,,10,,323,JALAN ROBINSON,4:02 pm,01/06/2026,23.2,77,,,,,,,,,,,,,,,,,,,,,,,,,,,,,,,,,,,,,,,,,,,,,,,,
324,,10,,324,JALAN ROBINSON,4:02 pm,01/06/2026,23.2,77,,,,,,,,,,,,,,,,,,,,,,,,,,,,,,,,,,,,,,,,,,,,,,,,
324,,10,,324,JALAN ROBINSON,4:02 pm,01/06/2026,23.2,77,,,,,,,,,,,,,,,,,,,,,,,,,,,,,,,,,,,,,,,,,,,,,,,,
325,,10,,325,JALAN ROBINSON,4:02 pm,01/06/2026,23.2,77,,,,,,,,,,,,,,,,,,,,,,,,,,,,,,,,,,,,,,,,,,,,,,,,
325,,10,,325,JALAN ROBINSON,4:02 pm,01/06/2026,23.2,77,,,,,,,,,,,,,,,,,,,,,,,,,,,,,,,,,,,,,,,,,,,,,,,,
326,,10,,326,JALAN ROBINSON,4:02 pm,01/06/2026,23.2,77,,,,,,,,,,,,,,,,,,,,,,,,,,,,,,,,,,,,,,,,,,,,,,,,
326,,10,,326,JALAN ROBINSON,4:02 pm,01/06/2026,23.2,77,,,,,,,,,,,,,,,,,,,,,,,,,,,,,,,,,,,,,,,,,,,,,,,,
327,,10,,327,JALAN ROBINSON,4:02 pm,01/06/2026,23.2,77,,,,,,,,,,,,,,,,,,,,,,,,,,,,,,,,,,,,,,,,,,,,,,,,
327,,10,,327,JALAN ROBINSON,4:02 pm,01/06/2026,23.2,77,,,,,,,,,,,,,,,,,,,,,,,,,,,,,,,,,,,,,,,,,,,,,,,,
328,,10,,328,JALAN ROBINSON,4:02 pm,01/06/2026,23.2,77,,,,,,,,,,,,,,,,,,,,,,,,,,,,,,,,,,,,,,,,,,,,,,,,
328,,10,,328,JALAN ROBINSON,4:02 pm,01/06/2026,23.2,77,,,,,,,,,,,,,,,,,,,,,,,,,,,,,,,,,,,,,,,,,,,,,,,,
329,,10,,329,JALAN ROBINSON,4:02 pm,01/06/2026,23.2,77,,,,,,,,,,,,,,,,,,,,,,,,,,,,,,,,,,,,,,,,,,,,,,,,
329,,10,,329,JALAN ROBINSON,4:02 pm,01/06/2026,23.2,77,,,,,,,,,,,,,,,,,,,,,,,,,,,,,,,,,,,,,,,,,,,,,,,,
330,,10,,330,JALAN ROBINSON,4:02 pm,01/06/2026,23.2,77,,,,,,,,,,,,,,,,,,,,,,,,,,,,,,,,,,,,,,,,,,,,,,,,
330,,10,,330,JALAN ROBINSON,4:02 pm,01/06/2026,23.2,77,,,,,,,,,,,,,,,,,,,,,,,,,,,,,,,,,,,,,,,,,,,,,,,,
331,,10,,331,JALAN ROBINSON,4:02 pm,01/06/2026,23.2,77,,,,,,,,,,,,,,,,,,,,,,,,,,,,,,,,,,,,,,,,,,,,,,,,
331,,10,,331,JALAN ROBINSON,4:02 pm,01/06/2026,23.2,77,,,,,,,,,,,,,,,,,,,,,,,,,,,,,,,,,,,,,,,,,,,,,,,,
332,,10,,332,JALAN ROBINSON,4:02 pm,01/06/2026,23.2,77,,,,,,,,,,,,,,,,,,,,,,,,,,,,,,,,,,,,,,,,,,,,,,,,
332,,10,,332,JALAN ROBINSON,4:02 pm,01/06/2026,23.2,77,,,,,,,,,,,,,,,,,,,,,,,,,,,,,,,,,,,,,,,,,,,,,,,,
333,,10,,333,JALAN ROBINSON,4:02 pm,01/06/2026,23.2,77,,,,,,,,,,,,,,,,,,,,,,,,,,,,,,,,,,,,,,,,,,,,,,,,
333,,10,,333,JALAN ROBINSON,4:02 pm,01/06/2026,23.2,77,,,,,,,,,,,,,,,,,,,,,,,,,,,,,,,,,,,,,,,,,,,,,,,,
334,,10,,334,JALAN ROBINSON,4:02 pm,01/06/2026,23.2,77,,,,,,,,,,,,,,,,,,,,,,,,,,,,,,,,,,,,,,,,,,,,,,,,
334,,10,,334,JALAN ROBINSON,4:02 pm,01/06/2026,23.2,77,,,,,,,,,,,,,,,,,,,,,,,,,,,,,,,,,,,,,,,,,,,,,,,,
335,,10,,335,JALAN ROBINSON,4:02 pm,01/06/2026,23.2,77,,,,,,,,,,,,,,,,,,,,,,,,,,,,,,,,,,,,,,,,,,,,,,,,
335,,10,,335,JALAN ROBINSON,4:02 pm,01/06/2026,23.2,77,,,,,,,,,,,,,,,,,,,,,,,,,,,,,,,,,,,,,,,,,,,,,,,,
336,,10,,336,JALAN ROBINSON,4:02 pm,01/06/2026,23.2,77,,,,,,,,,,,,,,,,,,,,,,,,,,,,,,,,,,,,,,,,,,,,,,,,
336,,10,,336,JALAN ROBINSON,4:02 pm,01/06/2026,23.2,77,,,,,,,,,,,,,,,,,,,,,,,,,,,,,,,,,,,,,,,,,,,,,,,,
337,,10,,337,JALAN ROBINSON,4:02 pm,01/06/2026,23.2,77,,,,,,,,,,,,,,,,,,,,,,,,,,,,,,,,,,,,,,,,,,,,,,,,
337,,10,,337,JALAN ROBINSON,4:02 pm,01/06/2026,23.2,77,,,,,,,,,,,,,,,,,,,,,,,,,,,,,,,,,,,,,,,,,,,,,,,,
338,,10,,338,JALAN ROBINSON,4:02 pm,01/06/2026,23.2,77,,,,,,,,,,,,,,,,,,,,,,,,,,,,,,,,,,,,,,,,,,,,,,,,
338,,10,,338,JALAN ROBINSON,4:02 pm,01/06/2026,23.2,77,,,,,,,,,,,,,,,,,,,,,,,,,,,,,,,,,,,,,,,,,,,,,,,,
339,,10,,339,JALAN ROBINSON,4:02 pm,01/06/2026,23.2,77,,,,,,,,,,,,,,,,,,,,,,,,,,,,,,,,,,,,,,,,,,,,,,,,
339,,10,,339,JALAN ROBINSON,4:02 pm,01/06/2026,23.2,77,,,,,,,,,,,,,,,,,,,,,,,,,,,,,,,,,,,,,,,,,,,,,,,,
340,,10,,340,JALAN ROBINSON,4:02 pm,01/06/2026,23.2,77,,,,,,,,,,,,,,,,,,,,,,,,,,,,,,,,,,,,,,,,,,,,,,,,
340,,10,,340,JALAN ROBINSON,4:02 pm,01/06/2026,23.2,77,,,,,,,,,,,,,,,,,,,,,,,,,,,,,,,,,,,,,,,,,,,,,,,,
341,,10,,341,JALAN ROBINSON,4:02 pm,01/06/2026,23.2,77,,,,,,,,,,,,,,,,,,,,,,,,,,,,,,,,,,,,,,,,,,,,,,,,
341,,10,,341,JALAN ROBINSON,4:02 pm,01/06/2026,23.2,77,,,,,,,,,,,,,,,,,,,,,,,,,,,,,,,,,,,,,,,,,,,,,,,,
342,,10,,342,JALAN ROBINSON,4:02 pm,01/06/2026,23.2,77,,,,,,,,,,,,,,,,,,,,,,,,,,,,,,,,,,,,,,,,,,,,,,,,
342,,10,,342,JALAN ROBINSON,4:02 pm,01/06/2026,23.2,77,,,,,,,,,,,,,,,,,,,,,,,,,,,,,,,,,,,,,,,,,,,,,,,,
343,,10,,343,JALAN ROBINSON,4:02 pm,01/06/2026,23.2,77,,,,,,,,,,,,,,,,,,,,,,,,,,,,,,,,,,,,,,,,,,,,,,,,
343,,10,,343,JALAN ROBINSON,4:02 pm,01/06/2026,23.2,77,,,,,,,,,,,,,,,,,,,,,,,,,,,,,,,,,,,,,,,,,,,,,,,,
344,,10,,344,JALAN ROBINSON,4:02 pm,01/06/2026,23.2,77,,,,,,,,,,,,,,,,,,,,,,,,,,,,,,,,,,,,,,,,,,,,,,,,
344,,10,,344,JALAN ROBINSON,4:02 pm,01/06/2026,23.2,77,,,,,,,,,,,,,,,,,,,,,,,,,,,,,,,,,,,,,,,,,,,,,,,,
345,,11,,345,JALAN ROBINSON,4:02 pm,01/06/2026,23.2,77,,,,,,,,,,,,,,,,,,,,,,,,,,,,,,,,,,,,,,,,,,,,,,,,
345,,11,,345,JALAN ROBINSON,4:02 pm,01/06/2026,23.2,77,,,,,,,,,,,,,,,,,,,,,,,,,,,,,,,,,,,,,,,,,,,,,,,,
346,,11,,346,JALAN ROBINSON,4:02 pm,01/06/2026,23.2,77,,,,,,,,,,,,,,,,,,,,,,,,,,,,,,,,,,,,,,,,,,,,,,,,
346,,11,,346,JALAN ROBINSON,4:02 pm,01/06/2026,23.2,77,,,,,,,,,,,,,,,,,,,,,,,,,,,,,,,,,,,,,,,,,,,,,,,,
347,,11,,347,JALAN ROBINSON,4:02 pm,01/06/2026,23.2,77,,,,,,,,,,,,,,,,,,,,,,,,,,,,,,,,,,,,,,,,,,,,,,,,
347,,11,,347,JALAN ROBINSON,4:02 pm,01/06/2026,23.2,77,,,,,,,,,,,,,,,,,,,,,,,,,,,,,,,,,,,,,,,,,,,,,,,,
348,,11,,348,JALAN ROBINSON,4:02 pm,01/06/2026,23.2,77,,,,,,,,,,,,,,,,,,,,,,,,,,,,,,,,,,,,,,,,,,,,,,,,
348,,11,,348,JALAN ROBINSON,4:02 pm,01/06/2026,23.2,77,,,,,,,,,,,,,,,,,,,,,,,,,,,,,,,,,,,,,,,,,,,,,,,,
349,,11,,349,JALAN ROBINSON,4:02 pm,01/06/2026,23.2,77,,,,,,,,,,,,,,,,,,,,,,,,,,,,,,,,,,,,,,,,,,,,,,,,
349,,11,,349,JALAN ROBINSON,4:02 pm,01/06/2026,23.2,77,,,,,,,,,,,,,,,,,,,,,,,,,,,,,,,,,,,,,,,,,,,,,,,,
350,,11,,350,JALAN ROBINSON,4:02 pm,01/06/2026,23.2,77,,,,,,,,,,,,,,,,,,,,,,,,,,,,,,,,,,,,,,,,,,,,,,,,
350,,11,,350,JALAN ROBINSON,4:02 pm,01/06/2026,23.2,77,,,,,,,,,,,,,,,,,,,,,,,,,,,,,,,,,,,,,,,,,,,,,,,,
351,,11,,351,JALAN ROBINSON,4:02 pm,01/06/2026,23.2,77,,,,,,,,,,,,,,,,,,,,,,,,,,,,,,,,,,,,,,,,,,,,,,,,
351,,11,,351,JALAN ROBINSON,4:02 pm,01/06/2026,23.2,77,,,,,,,,,,,,,,,,,,,,,,,,,,,,,,,,,,,,,,,,,,,,,,,,
352,,11,,352,JALAN ROBINSON,4:02 pm,01/06/2026,23.2,77,,,,,,,,,,,,,,,,,,,,,,,,,,,,,,,,,,,,,,,,,,,,,,,,
352,,11,,352,JALAN ROBINSON,4:02 pm,01/06/2026,23.2,77,,,,,,,,,,,,,,,,,,,,,,,,,,,,,,,,,,,,,,,,,,,,,,,,
353,,11,,353,JALAN ROBINSON,4:02 pm,01/06/2026,23.2,77,,,,,,,,,,,,,,,,,,,,,,,,,,,,,,,,,,,,,,,,,,,,,,,,
353,,11,,353,JALAN ROBINSON,4:02 pm,01/06/2026,23.2,77,,,,,,,,,,,,,,,,,,,,,,,,,,,,,,,,,,,,,,,,,,,,,,,,
354,,11,,354,JALAN ROBINSON,4:02 pm,01/06/2026,23.2,77,,,,,,,,,,,,,,,,,,,,,,,,,,,,,,,,,,,,,,,,,,,,,,,,
354,,11,,354,JALAN ROBINSON,4:02 pm,01/06/2026,23.2,77,,,,,,,,,,,,,,,,,,,,,,,,,,,,,,,,,,,,,,,,,,,,,,,,
355,,11,,355,JALAN ROBINSON,4:02 pm,01/06/2026,23.2,77,,,,,,,,,,,,,,,,,,,,,,,,,,,,,,,,,,,,,,,,,,,,,,,,
355,,11,,355,JALAN ROBINSON,4:02 pm,01/06/2026,23.2,77,,,,,,,,,,,,,,,,,,,,,,,,,,,,,,,,,,,,,,,,,,,,,,,,
356,,11,,356,JALAN ROBINSON,4:02 pm,01/06/2026,23.2,77,,,,,,,,,,,,,,,,,,,,,,,,,,,,,,,,,,,,,,,,,,,,,,,,
356,,11,,356,JALAN ROBINSON,4:02 pm,01/06/2026,23.2,77,,,,,,,,,,,,,,,,,,,,,,,,,,,,,,,,,,,,,,,,,,,,,,,,
357,,11,,357,JALAN ROBINSON,4:02 pm,01/06/2026,23.2,77,,,,,,,,,,,,,,,,,,,,,,,,,,,,,,,,,,,,,,,,,,,,,,,,
357,,11,,357,JALAN ROBINSON,4:02 pm,01/06/2026,23.2,77,,,,,,,,,,,,,,,,,,,,,,,,,,,,,,,,,,,,,,,,,,,,,,,,
358,,11,,358,JALAN ROBINSON,4:02 pm,01/06/2026,23.2,77,,,,,,,,,,,,,,,,,,,,,,,,,,,,,,,,,,,,,,,,,,,,,,,,
358,,11,,358,JALAN ROBINSON,4:02 pm,01/06/2026,23.2,77,,,,,,,,,,,,,,,,,,,,,,,,,,,,,,,,,,,,,,,,,,,,,,,,
359,,11,,359,JALAN ROBINSON,4:02 pm,01/06/2026,23.2,77,,,,,,,,,,,,,,,,,,,,,,,,,,,,,,,,,,,,,,,,,,,,,,,,
359,,11,,359,JALAN ROBINSON,4:02 pm,01/06/2026,23.2,77,,,,,,,,,,,,,,,,,,,,,,,,,,,,,,,,,,,,,,,,,,,,,,,,
360,,11,,360,JALAN ROBINSON,4:02 pm,01/06/2026,23.2,77,,,,,,,,,,,,,,,,,,,,,,,,,,,,,,,,,,,,,,,,,,,,,,,,
360,,11,,360,JALAN ROBINSON,4:02 pm,01/06/2026,23.2,77,,,,,,,,,,,,,,,,,,,,,,,,,,,,,,,,,,,,,,,,,,,,,,,,
361,,11,,361,JALAN ROBINSON,4:02 pm,01/06/2026,23.2,77,,,,,,,,,,,,,,,,,,,,,,,,,,,,,,,,,,,,,,,,,,,,,,,,
361,,11,,361,JALAN ROBINSON,4:02 pm,01/06/2026,23.2,77,,,,,,,,,,,,,,,,,,,,,,,,,,,,,,,,,,,,,,,,,,,,,,,,
362,,11,,362,JALAN ROBINSON,4:02 pm,01/06/2026,23.2,77,,,,,,,,,,,,,,,,,,,,,,,,,,,,,,,,,,,,,,,,,,,,,,,,
362,,11,,362,JALAN ROBINSON,4:02 pm,01/06/2026,23.2,77,,,,,,,,,,,,,,,,,,,,,,,,,,,,,,,,,,,,,,,,,,,,,,,,
363,,11,,363,JALAN ROBINSON,4:02 pm,01/06/2026,23.2,77,,,,,,,,,,,,,,,,,,,,,,,,,,,,,,,,,,,,,,,,,,,,,,,,
363,,11,,363,JALAN ROBINSON,4:02 pm,01/06/2026,23.2,77,,,,,,,,,,,,,,,,,,,,,,,,,,,,,,,,,,,,,,,,,,,,,,,,
364,,11,,364,JALAN ROBINSON,4:02 pm,01/06/2026,23.2,77,,,,,,,,,,,,,,,,,,,,,,,,,,,,,,,,,,,,,,,,,,,,,,,,
364,,11,,364,JALAN ROBINSON,4:02 pm,01/06/2026,23.2,77,,,,,,,,,,,,,,,,,,,,,,,,,,,,,,,,,,,,,,,,,,,,,,,,
365,,11,,365,JALAN ROBINSON,4:02 pm,01/06/2026,23.2,77,,,,,,,,,,,,,,,,,,,,,,,,,,,,,,,,,,,,,,,,,,,,,,,,
365,,11,,365,JALAN ROBINSON,4:02 pm,01/06/2026,23.2,77,,,,,,,,,,,,,,,,,,,,,,,,,,,,,,,,,,,,,,,,,,,,,,,,
366,,11,,366,JALAN ROBINSON,4:02 pm,01/06/2026,23.2,77,,,,,,,,,,,,,,,,,,,,,,,,,,,,,,,,,,,,,,,,,,,,,,,,
366,,11,,366,JALAN ROBINSON,4:02 pm,01/06/2026,23.2,77,,,,,,,,,,,,,,,,,,,,,,,,,,,,,,,,,,,,,,,,,,,,,,,,
367,,11,,367,JALAN ROBINSON,4:02 pm,01/06/2026,23.2,77,,,,,,,,,,,,,,,,,,,,,,,,,,,,,,,,,,,,,,,,,,,,,,,,
367,,11,,367,JALAN ROBINSON,4:02 pm,01/06/2026,23.2,77,,,,,,,,,,,,,,,,,,,,,,,,,,,,,,,,,,,,,,,,,,,,,,,,
368,,11,,368,JALAN ROBINSON,4:02 pm,01/06/2026,23.2,77,,,,,,,,,,,,,,,,,,,,,,,,,,,,,,,,,,,,,,,,,,,,,,,,
368,,11,,368,JALAN ROBINSON,4:02 pm,01/06/2026,23.2,77,,,,,,,,,,,,,,,,,,,,,,,,,,,,,,,,,,,,,,,,,,,,,,,,
369,,11,,369,JALAN ROBINSON,4:02 pm,01/06/2026,23.2,77,,,,,,,,,,,,,,,,,,,,,,,,,,,,,,,,,,,,,,,,,,,,,,,,
369,,11,,369,JALAN ROBINSON,4:02 pm,01/06/2026,23.2,77,,,,,,,,,,,,,,,,,,,,,,,,,,,,,,,,,,,,,,,,,,,,,,,,
370,,11,,370,JALAN ROBINSON,4:02 pm,01/06/2026,23.2,77,,,,,,,,,,,,,,,,,,,,,,,,,,,,,,,,,,,,,,,,,,,,,,,,
370,,11,,370,JALAN ROBINSON,4:02 pm,01/06/2026,23.2,77,,,,,,,,,,,,,,,,,,,,,,,,,,,,,,,,,,,,,,,,,,,,,,,,
371,,11,,371,JALAN ROBINSON,4:02 pm,01/06/2026,23.2,77,,,,,,,,,,,,,,,,,,,,,,,,,,,,,,,,,,,,,,,,,,,,,,,,
371,,11,,371,JALAN ROBINSON,4:02 pm,01/06/2026,23.2,77,,,,,,,,,,,,,,,,,,,,,,,,,,,,,,,,,,,,,,,,,,,,,,,,
372,,11,,372,JALAN ROBINSON,4:02 pm,01/06/2026,23.2,77,,,,,,,,,,,,,,,,,,,,,,,,,,,,,,,,,,,,,,,,,,,,,,,,
372,,11,,372,JALAN ROBINSON,4:02 pm,01/06/2026,23.2,77,,,,,,,,,,,,,,,,,,,,,,,,,,,,,,,,,,,,,,,,,,,,,,,,
373,,11,,373,JALAN ROBINSON,4:02 pm,01/06/2026,23.2,77,,,,,,,,,,,,,,,,,,,,,,,,,,,,,,,,,,,,,,,,,,,,,,,,
373,,11,,373,JALAN ROBINSON,4:02 pm,01/06/2026,23.2,77,,,,,,,,,,,,,,,,,,,,,,,,,,,,,,,,,,,,,,,,,,,,,,,,
374,,11,,374,JALAN ROBINSON,4:02 pm,01/06/2026,23.2,77,,,,,,,,,,,,,,,,,,,,,,,,,,,,,,,,,,,,,,,,,,,,,,,,
374,,11,,374,JALAN ROBINSON,4:02 pm,01/06/2026,23.2,77,,,,,,,,,,,,,,,,,,,,,,,,,,,,,,,,,,,,,,,,,,,,,,,,
375,,11,,375,JALAN ROBINSON,4:02 pm,01/06/2026,23.2,77,,,,,,,,,,,,,,,,,,,,,,,,,,,,,,,,,,,,,,,,,,,,,,,,
375,,11,,375,JALAN ROBINSON,4:02 pm,01/06/2026,23.2,77,,,,,,,,,,,,,,,,,,,,,,,,,,,,,,,,,,,,,,,,,,,,,,,,
376,,11,,376,JALAN ROBINSON,4:02 pm,01/06/2026,23.2,77,,,,,,,,,,,,,,,,,,,,,,,,,,,,,,,,,,,,,,,,,,,,,,,,
376,,11,,376,JALAN ROBINSON,4:02 pm,01/06/2026,23.2,77,,,,,,,,,,,,,,,,,,,,,,,,,,,,,,,,,,,,,,,,,,,,,,,,
377,,11,,377,JALAN ROBINSON,4:02 pm,01/06/2026,23.2,77,,,,,,,,,,,,,,,,,,,,,,,,,,,,,,,,,,,,,,,,,,,,,,,,
377,,11,,377,JALAN ROBINSON,4:02 pm,01/06/2026,23.2,77,,,,,,,,,,,,,,,,,,,,,,,,,,,,,,,,,,,,,,,,,,,,,,,,
378,,11,,378,JALAN ROBINSON,4:02 pm,01/06/2026,23.2,77,,,,,,,,,,,,,,,,,,,,,,,,,,,,,,,,,,,,,,,,,,,,,,,,
378,,11,,378,JALAN ROBINSON,4:02 pm,01/06/2026,23.2,77,,,,,,,,,,,,,,,,,,,,,,,,,,,,,,,,,,,,,,,,,,,,,,,,
379,,11,,379,JALAN ROBINSON,4:02 pm,01/06/2026,23.2,77,,,,,,,,,,,,,,,,,,,,,,,,,,,,,,,,,,,,,,,,,,,,,,,,
379,,11,,379,JALAN ROBINSON,4:02 pm,01/06/2026,23.2,77,,,,,,,,,,,,,,,,,,,,,,,,,,,,,,,,,,,,,,,,,,,,,,,,
380,,11,,380,JALAN ROBINSON,4:02 pm,01/06/2026,23.2,77,,,,,,,,,,,,,,,,,,,,,,,,,,,,,,,,,,,,,,,,,,,,,,,,
380,,11,,380,JALAN ROBINSON,4:02 pm,01/06/2026,23.2,77,,,,,,,,,,,,,,,,,,,,,,,,,,,,,,,,,,,,,,,,,,,,,,,,
381,,11,,381,JALAN ROBINSON,4:02 pm,01/06/2026,23.2,77,,,,,,,,,,,,,,,,,,,,,,,,,,,,,,,,,,,,,,,,,,,,,,,,
381,,11,,381,JALAN ROBINSON,4:02 pm,01/06/2026,23.2,77,,,,,,,,,,,,,,,,,,,,,,,,,,,,,,,,,,,,,,,,,,,,,,,,
382,,11,,382,JALAN ROBINSON,4:02 pm,01/06/2026,23.2,77,,,,,,,,,,,,,,,,,,,,,,,,,,,,,,,,,,,,,,,,,,,,,,,,
382,,11,,382,JALAN ROBINSON,4:02 pm,01/06/2026,23.2,77,,,,,,,,,,,,,,,,,,,,,,,,,,,,,,,,,,,,,,,,,,,,,,,,
383,,11,,383,JALAN ROBINSON,4:02 pm,01/06/2026,23.2,77,,,,,,,,,,,,,,,,,,,,,,,,,,,,,,,,,,,,,,,,,,,,,,,,
383,,11,,383,JALAN ROBINSON,4:02 pm,01/06/2026,23.2,77,,,,,,,,,,,,,,,,,,,,,,,,,,,,,,,,,,,,,,,,,,,,,,,,
384,,11,,384,JALAN ROBINSON,4:02 pm,01/06/2026,23.2,77,,,,,,,,,,,,,,,,,,,,,,,,,,,,,,,,,,,,,,,,,,,,,,,,
384,,11,,384,JALAN ROBINSON,4:02 pm,01/06/2026,23.2,77,,,,,,,,,,,,,,,,,,,,,,,,,,,,,,,,,,,,,,,,,,,,,,,,
385,,12,,385,JALAN ROBINSON,4:02 pm,01/06/2026,23.2,77,,,,,,,,,,,,,,,,,,,,,,,,,,,,,,,,,,,,,,,,,,,,,,,,
385,,12,,385,JALAN ROBINSON,4:02 pm,01/06/2026,23.2,77,,,,,,,,,,,,,,,,,,,,,,,,,,,,,,,,,,,,,,,,,,,,,,,,
386,,12,,386,JALAN ROBINSON,4:02 pm,01/06/2026,23.2,77,,,,,,,,,,,,,,,,,,,,,,,,,,,,,,,,,,,,,,,,,,,,,,,,
386,,12,,386,JALAN ROBINSON,4:02 pm,01/06/2026,23.2,77,,,,,,,,,,,,,,,,,,,,,,,,,,,,,,,,,,,,,,,,,,,,,,,,
387,,12,,387,JALAN ROBINSON,4:02 pm,01/06/2026,23.2,77,,,,,,,,,,,,,,,,,,,,,,,,,,,,,,,,,,,,,,,,,,,,,,,,
387,,12,,387,JALAN ROBINSON,4:02 pm,01/06/2026,23.2,77,,,,,,,,,,,,,,,,,,,,,,,,,,,,,,,,,,,,,,,,,,,,,,,,
388,,12,,388,JALAN ROBINSON,4:02 pm,01/06/2026,23.2,77,,,,,,,,,,,,,,,,,,,,,,,,,,,,,,,,,,,,,,,,,,,,,,,,
388,,12,,388,JALAN ROBINSON,4:02 pm,01/06/2026,23.2,77,,,,,,,,,,,,,,,,,,,,,,,,,,,,,,,,,,,,,,,,,,,,,,,,
389,,12,,389,JALAN ROBINSON,4:02 pm,01/06/2026,23.2,77,,,,,,,,,,,,,,,,,,,,,,,,,,,,,,,,,,,,,,,,,,,,,,,,
389,,12,,389,JALAN ROBINSON,4:02 pm,01/06/2026,23.2,77,,,,,,,,,,,,,,,,,,,,,,,,,,,,,,,,,,,,,,,,,,,,,,,,
390,,12,,390,JALAN ROBINSON,4:02 pm,01/06/2026,23.2,77,,,,,,,,,,,,,,,,,,,,,,,,,,,,,,,,,,,,,,,,,,,,,,,,
390,,12,,390,JALAN ROBINSON,4:02 pm,01/06/2026,23.2,77,,,,,,,,,,,,,,,,,,,,,,,,,,,,,,,,,,,,,,,,,,,,,,,,
391,,12,,391,JALAN ROBINSON,4:02 pm,01/06/2026,23.2,77,,,,,,,,,,,,,,,,,,,,,,,,,,,,,,,,,,,,,,,,,,,,,,,,
391,,12,,391,JALAN ROBINSON,4:02 pm,01/06/2026,23.2,77,,,,,,,,,,,,,,,,,,,,,,,,,,,,,,,,,,,,,,,,,,,,,,,,
392,,12,,392,JALAN ROBINSON,4:02 pm,01/06/2026,23.2,77,,,,,,,,,,,,,,,,,,,,,,,,,,,,,,,,,,,,,,,,,,,,,,,,
392,,12,,392,JALAN ROBINSON,4:02 pm,01/06/2026,23.2,77,,,,,,,,,,,,,,,,,,,,,,,,,,,,,,,,,,,,,,,,,,,,,,,,
393,,12,,393,JALAN ROBINSON,4:02 pm,01/06/2026,23.2,77,,,,,,,,,,,,,,,,,,,,,,,,,,,,,,,,,,,,,,,,,,,,,,,,
393,,12,,393,JALAN ROBINSON,4:02 pm,01/06/2026,23.2,77,,,,,,,,,,,,,,,,,,,,,,,,,,,,,,,,,,,,,,,,,,,,,,,,
394,,12,,394,JALAN ROBINSON,4:02 pm,01/06/2026,23.2,77,,,,,,,,,,,,,,,,,,,,,,,,,,,,,,,,,,,,,,,,,,,,,,,,
394,,12,,394,JALAN ROBINSON,4:02 pm,01/06/2026,23.2,77,,,,,,,,,,,,,,,,,,,,,,,,,,,,,,,,,,,,,,,,,,,,,,,,
395,,12,,395,JALAN ROBINSON,4:02 pm,01/06/2026,23.2,77,,,,,,,,,,,,,,,,,,,,,,,,,,,,,,,,,,,,,,,,,,,,,,,,
395,,12,,395,JALAN ROBINSON,4:02 pm,01/06/2026,23.2,77,,,,,,,,,,,,,,,,,,,,,,,,,,,,,,,,,,,,,,,,,,,,,,,,
396,,12,,396,JALAN ROBINSON,4:02 pm,01/06/2026,23.2,77,,,,,,,,,,,,,,,,,,,,,,,,,,,,,,,,,,,,,,,,,,,,,,,,
396,,12,,396,JALAN ROBINSON,4:02 pm,01/06/2026,23.2,77,,,,,,,,,,,,,,,,,,,,,,,,,,,,,,,,,,,,,,,,,,,,,,,,
397,,12,,397,JALAN ROBINSON,4:02 pm,01/06/2026,23.2,77,,,,,,,,,,,,,,,,,,,,,,,,,,,,,,,,,,,,,,,,,,,,,,,,
397,,12,,397,JALAN ROBINSON,4:02 pm,01/06/2026,23.2,77,,,,,,,,,,,,,,,,,,,,,,,,,,,,,,,,,,,,,,,,,,,,,,,,
398,,12,,398,JALAN ROBINSON,4:02 pm,01/06/2026,23.2,77,,,,,,,,,,,,,,,,,,,,,,,,,,,,,,,,,,,,,,,,,,,,,,,,
398,,12,,398,JALAN ROBINSON,4:02 pm,01/06/2026,23.2,77,,,,,,,,,,,,,,,,,,,,,,,,,,,,,,,,,,,,,,,,,,,,,,,,
399,,12,,399,JALAN ROBINSON,4:02 pm,01/06/2026,23.2,77,,,,,,,,,,,,,,,,,,,,,,,,,,,,,,,,,,,,,,,,,,,,,,,,
399,,12,,399,JALAN ROBINSON,4:02 pm,01/06/2026,23.2,77,,,,,,,,,,,,,,,,,,,,,,,,,,,,,,,,,,,,,,,,,,,,,,,,
400,,12,,400,JALAN ROBINSON,4:02 pm,01/06/2026,23.2,77,,,,,,,,,,,,,,,,,,,,,,,,,,,,,,,,,,,,,,,,,,,,,,,,
400,,12,,400,JALAN ROBINSON,4:02 pm,01/06/2026,23.2,77,,,,,,,,,,,,,,,,,,,,,,,,,,,,,,,,,,,,,,,,,,,,,,,,
401,,12,,401,JALAN ROBINSON,4:02 pm,01/06/2026,23.2,77,,,,,,,,,,,,,,,,,,,,,,,,,,,,,,,,,,,,,,,,,,,,,,,,
401,,12,,401,JALAN ROBINSON,4:02 pm,01/06/2026,23.2,77,,,,,,,,,,,,,,,,,,,,,,,,,,,,,,,,,,,,,,,,,,,,,,,,
402,,12,,402,JALAN ROBINSON,4:02 pm,01/06/2026,23.2,77,,,,,,,,,,,,,,,,,,,,,,,,,,,,,,,,,,,,,,,,,,,,,,,,
402,,12,,402,JALAN ROBINSON,4:02 pm,01/06/2026,23.2,77,,,,,,,,,,,,,,,,,,,,,,,,,,,,,,,,,,,,,,,,,,,,,,,,
403,,12,,403,JALAN ROBINSON,4:02 pm,01/06/2026,23.2,77,,,,,,,,,,,,,,,,,,,,,,,,,,,,,,,,,,,,,,,,,,,,,,,,
403,,12,,403,JALAN ROBINSON,4:02 pm,01/06/2026,23.2,77,,,,,,,,,,,,,,,,,,,,,,,,,,,,,,,,,,,,,,,,,,,,,,,,
404,,12,,404,JALAN ROBINSON,4:02 pm,01/06/2026,23.2,77,,,,,,,,,,,,,,,,,,,,,,,,,,,,,,,,,,,,,,,,,,,,,,,,
404,,12,,404,JALAN ROBINSON,4:02 pm,01/06/2026,23.2,77,,,,,,,,,,,,,,,,,,,,,,,,,,,,,,,,,,,,,,,,,,,,,,,,
405,,12,,405,JALAN ROBINSON,4:02 pm,01/06/2026,23.2,77,,,,,,,,,,,,,,,,,,,,,,,,,,,,,,,,,,,,,,,,,,,,,,,,
405,,12,,405,JALAN ROBINSON,4:02 pm,01/06/2026,23.2,77,,,,,,,,,,,,,,,,,,,,,,,,,,,,,,,,,,,,,,,,,,,,,,,,
406,,12,,406,JALAN ROBINSON,4:02 pm,01/06/2026,23.2,77,,,,,,,,,,,,,,,,,,,,,,,,,,,,,,,,,,,,,,,,,,,,,,,,
406,,12,,406,JALAN ROBINSON,4:02 pm,01/06/2026,23.2,77,,,,,,,,,,,,,,,,,,,,,,,,,,,,,,,,,,,,,,,,,,,,,,,,
407,,12,,407,JALAN ROBINSON,4:02 pm,01/06/2026,23.2,77,,,,,,,,,,,,,,,,,,,,,,,,,,,,,,,,,,,,,,,,,,,,,,,,
407,,12,,407,JALAN ROBINSON,4:02 pm,01/06/2026,23.2,77,,,,,,,,,,,,,,,,,,,,,,,,,,,,,,,,,,,,,,,,,,,,,,,,
408,,12,,408,JALAN ROBINSON,4:02 pm,01/06/2026,23.2,77,,,,,,,,,,,,,,,,,,,,,,,,,,,,,,,,,,,,,,,,,,,,,,,,
408,,12,,408,JALAN ROBINSON,4:02 pm,01/06/2026,23.2,77,,,,,,,,,,,,,,,,,,,,,,,,,,,,,,,,,,,,,,,,,,,,,,,,
409,,12,,409,JALAN ROBINSON,4:02 pm,01/06/2026,23.2,77,,,,,,,,,,,,,,,,,,,,,,,,,,,,,,,,,,,,,,,,,,,,,,,,
409,,12,,409,JALAN ROBINSON,4:02 pm,01/06/2026,23.2,77,,,,,,,,,,,,,,,,,,,,,,,,,,,,,,,,,,,,,,,,,,,,,,,,
410,,12,,410,JALAN ROBINSON,4:02 pm,01/06/2026,23.2,77,,,,,,,,,,,,,,,,,,,,,,,,,,,,,,,,,,,,,,,,,,,,,,,,
410,,12,,410,JALAN ROBINSON,4:02 pm,01/06/2026,23.2,77,,,,,,,,,,,,,,,,,,,,,,,,,,,,,,,,,,,,,,,,,,,,,,,,
411,,12,,411,JALAN ROBINSON,4:02 pm,01/06/2026,23.2,77,,,,,,,,,,,,,,,,,,,,,,,,,,,,,,,,,,,,,,,,,,,,,,,,
411,,12,,411,JALAN ROBINSON,4:02 pm,01/06/2026,23.2,77,,,,,,,,,,,,,,,,,,,,,,,,,,,,,,,,,,,,,,,,,,,,,,,,
412,,12,,412,JALAN ROBINSON,4:02 pm,01/06/2026,23.2,77,,,,,,,,,,,,,,,,,,,,,,,,,,,,,,,,,,,,,,,,,,,,,,,,
412,,12,,412,JALAN ROBINSON,4:02 pm,01/06/2026,23.2,77,,,,,,,,,,,,,,,,,,,,,,,,,,,,,,,,,,,,,,,,,,,,,,,,
413,,12,,413,JALAN ROBINSON,4:02 pm,01/06/2026,23.2,77,,,,,,,,,,,,,,,,,,,,,,,,,,,,,,,,,,,,,,,,,,,,,,,,
413,,12,,413,JALAN ROBINSON,4:02 pm,01/06/2026,23.2,77,,,,,,,,,,,,,,,,,,,,,,,,,,,,,,,,,,,,,,,,,,,,,,,,
414,,12,,414,JALAN ROBINSON,4:02 pm,01/06/2026,23.2,77,,,,,,,,,,,,,,,,,,,,,,,,,,,,,,,,,,,,,,,,,,,,,,,,
414,,12,,414,JALAN ROBINSON,4:02 pm,01/06/2026,23.2,77,,,,,,,,,,,,,,,,,,,,,,,,,,,,,,,,,,,,,,,,,,,,,,,,
415,,12,,415,JALAN ROBINSON,4:02 pm,01/06/2026,23.2,77,,,,,,,,,,,,,,,,,,,,,,,,,,,,,,,,,,,,,,,,,,,,,,,,
415,,12,,415,JALAN ROBINSON,4:02 pm,01/06/2026,23.2,77,,,,,,,,,,,,,,,,,,,,,,,,,,,,,,,,,,,,,,,,,,,,,,,,
416,,12,,416,JALAN ROBINSON,4:02 pm,01/06/2026,23.2,77,,,,,,,,,,,,,,,,,,,,,,,,,,,,,,,,,,,,,,,,,,,,,,,,
416,,12,,416,JALAN ROBINSON,4:02 pm,01/06/2026,23.2,77,,,,,,,,,,,,,,,,,,,,,,,,,,,,,,,,,,,,,,,,,,,,,,,,
417,,12,,417,JALAN ROBINSON,4:02 pm,01/06/2026,23.2,77,,,,,,,,,,,,,,,,,,,,,,,,,,,,,,,,,,,,,,,,,,,,,,,,
417,,12,,417,JALAN ROBINSON,4:02 pm,01/06/2026,23.2,77,,,,,,,,,,,,,,,,,,,,,,,,,,,,,,,,,,,,,,,,,,,,,,,,
418,,12,,418,JALAN ROBINSON,4:02 pm,01/06/2026,23.2,77,,,,,,,,,,,,,,,,,,,,,,,,,,,,,,,,,,,,,,,,,,,,,,,,
418,,12,,418,JALAN ROBINSON,4:02 pm,01/06/2026,23.2,77,,,,,,,,,,,,,,,,,,,,,,,,,,,,,,,,,,,,,,,,,,,,,,,,
419,,12,,419,JALAN ROBINSON,4:02 pm,01/06/2026,23.2,77,,,,,,,,,,,,,,,,,,,,,,,,,,,,,,,,,,,,,,,,,,,,,,,,
419,,12,,419,JALAN ROBINSON,4:02 pm,01/06/2026,23.2,77,,,,,,,,,,,,,,,,,,,,,,,,,,,,,,,,,,,,,,,,,,,,,,,,
420,,12,,420,JALAN ROBINSON,4:02 pm,01/06/2026,23.2,77,,,,,,,,,,,,,,,,,,,,,,,,,,,,,,,,,,,,,,,,,,,,,,,,
420,,12,,420,JALAN ROBINSON,4:02 pm,01/06/2026,23.2,77,,,,,,,,,,,,,,,,,,,,,,,,,,,,,,,,,,,,,,,,,,,,,,,,
421,,12,,421,JALAN ROBINSON,4:02 pm,01/06/2026,23.2,77,,,,,,,,,,,,,,,,,,,,,,,,,,,,,,,,,,,,,,,,,,,,,,,,
421,,12,,421,JALAN ROBINSON,4:02 pm,01/06/2026,23.2,77,,,,,,,,,,,,,,,,,,,,,,,,,,,,,,,,,,,,,,,,,,,,,,,,
422,,12,,422,JALAN ROBINSON,4:02 pm,01/06/2026,23.2,77,,,,,,,,,,,,,,,,,,,,,,,,,,,,,,,,,,,,,,,,,,,,,,,,
422,,12,,422,JALAN ROBINSON,4:02 pm,01/06/2026,23.2,77,,,,,,,,,,,,,,,,,,,,,,,,,,,,,,,,,,,,,,,,,,,,,,,,
423,,12,,423,JALAN ROBINSON,4:02 pm,01/06/2026,23.2,77,,,,,,,,,,,,,,,,,,,,,,,,,,,,,,,,,,,,,,,,,,,,,,,,
423,,12,,423,JALAN ROBINSON,4:02 pm,01/06/2026,23.2,77,,,,,,,,,,,,,,,,,,,,,,,,,,,,,,,,,,,,,,,,,,,,,,,,
424,,12,,424,JALAN ROBINSON,4:02 pm,01/06/2026,23.2,77,,,,,,,,,,,,,,,,,,,,,,,,,,,,,,,,,,,,,,,,,,,,,,,,
424,,12,,424,JALAN ROBINSON,4:02 pm,01/06/2026,23.2,77,,,,,,,,,,,,,,,,,,,,,,,,,,,,,,,,,,,,,,,,,,,,,,,,
425,,13,,425,JALAN ROBINSON,4:02 pm,01/06/2026,23.2,77,,,,,,,,,,,,,,,,,,,,,,,,,,,,,,,,,,,,,,,,,,,,,,,,
425,,13,,425,JALAN ROBINSON,4:02 pm,01/06/2026,23.2,77,,,,,,,,,,,,,,,,,,,,,,,,,,,,,,,,,,,,,,,,,,,,,,,,
426,,13,,426,JALAN ROBINSON,4:02 pm,01/06/2026,23.2,77,,,,,,,,,,,,,,,,,,,,,,,,,,,,,,,,,,,,,,,,,,,,,,,,
426,,13,,426,JALAN ROBINSON,4:02 pm,01/06/2026,23.2,77,,,,,,,,,,,,,,,,,,,,,,,,,,,,,,,,,,,,,,,,,,,,,,,,
427,,13,,427,JALAN ROBINSON,4:02 pm,01/06/2026,23.2,77,,,,,,,,,,,,,,,,,,,,,,,,,,,,,,,,,,,,,,,,,,,,,,,,
427,,13,,427,JALAN ROBINSON,4:02 pm,01/06/2026,23.2,77,,,,,,,,,,,,,,,,,,,,,,,,,,,,,,,,,,,,,,,,,,,,,,,,
428,,13,,428,JALAN ROBINSON,4:02 pm,01/06/2026,23.2,77,,,,,,,,,,,,,,,,,,,,,,,,,,,,,,,,,,,,,,,,,,,,,,,,
428,,13,,428,JALAN ROBINSON,4:02 pm,01/06/2026,23.2,77,,,,,,,,,,,,,,,,,,,,,,,,,,,,,,,,,,,,,,,,,,,,,,,,
429,,13,,429,JALAN ROBINSON,4:02 pm,01/06/2026,23.2,77,,,,,,,,,,,,,,,,,,,,,,,,,,,,,,,,,,,,,,,,,,,,,,,,
429,,13,,429,JALAN ROBINSON,4:02 pm,01/06/2026,23.2,77,,,,,,,,,,,,,,,,,,,,,,,,,,,,,,,,,,,,,,,,,,,,,,,,
430,,13,,430,JALAN ROBINSON,4:02 pm,01/06/2026,23.2,77,,,,,,,,,,,,,,,,,,,,,,,,,,,,,,,,,,,,,,,,,,,,,,,,
430,,13,,430,JALAN ROBINSON,4:02 pm,01/06/2026,23.2,77,,,,,,,,,,,,,,,,,,,,,,,,,,,,,,,,,,,,,,,,,,,,,,,,
431,,13,,431,JALAN ROBINSON,4:02 pm,01/06/2026,23.2,77,,,,,,,,,,,,,,,,,,,,,,,,,,,,,,,,,,,,,,,,,,,,,,,,
431,,13,,431,JALAN ROBINSON,4:02 pm,01/06/2026,23.2,77,,,,,,,,,,,,,,,,,,,,,,,,,,,,,,,,,,,,,,,,,,,,,,,,
432,,13,,432,JALAN ROBINSON,4:02 pm,01/06/2026,23.2,77,,,,,,,,,,,,,,,,,,,,,,,,,,,,,,,,,,,,,,,,,,,,,,,,
432,,13,,432,JALAN ROBINSON,4:02 pm,01/06/2026,23.2,77,,,,,,,,,,,,,,,,,,,,,,,,,,,,,,,,,,,,,,,,,,,,,,,,
433,,13,,433,JALAN ROBINSON,4:02 pm,01/06/2026,23.2,77,,,,,,,,,,,,,,,,,,,,,,,,,,,,,,,,,,,,,,,,,,,,,,,,
433,,13,,433,JALAN ROBINSON,4:02 pm,01/06/2026,23.2,77,,,,,,,,,,,,,,,,,,,,,,,,,,,,,,,,,,,,,,,,,,,,,,,,
434,,13,,434,JALAN ROBINSON,4:02 pm,01/06/2026,23.2,77,,,,,,,,,,,,,,,,,,,,,,,,,,,,,,,,,,,,,,,,,,,,,,,,
434,,13,,434,JALAN ROBINSON,4:02 pm,01/06/2026,23.2,77,,,,,,,,,,,,,,,,,,,,,,,,,,,,,,,,,,,,,,,,,,,,,,,,
435,,13,,435,JALAN ROBINSON,4:02 pm,01/06/2026,23.2,77,,,,,,,,,,,,,,,,,,,,,,,,,,,,,,,,,,,,,,,,,,,,,,,,
435,,13,,435,JALAN ROBINSON,4:02 pm,01/06/2026,23.2,77,,,,,,,,,,,,,,,,,,,,,,,,,,,,,,,,,,,,,,,,,,,,,,,,
436,,13,,436,JALAN ROBINSON,4:02 pm,01/06/2026,23.2,77,,,,,,,,,,,,,,,,,,,,,,,,,,,,,,,,,,,,,,,,,,,,,,,,
436,,13,,436,JALAN ROBINSON,4:02 pm,01/06/2026,23.2,77,,,,,,,,,,,,,,,,,,,,,,,,,,,,,,,,,,,,,,,,,,,,,,,,
437,,13,,437,JALAN ROBINSON,4:02 pm,01/06/2026,23.2,77,,,,,,,,,,,,,,,,,,,,,,,,,,,,,,,,,,,,,,,,,,,,,,,,
437,,13,,437,JALAN ROBINSON,4:02 pm,01/06/2026,23.2,77,,,,,,,,,,,,,,,,,,,,,,,,,,,,,,,,,,,,,,,,,,,,,,,,
438,,13,,438,JALAN ROBINSON,4:02 pm,01/06/2026,23.2,77,,,,,,,,,,,,,,,,,,,,,,,,,,,,,,,,,,,,,,,,,,,,,,,,
438,,13,,438,JALAN ROBINSON,4:02 pm,01/06/2026,23.2,77,,,,,,,,,,,,,,,,,,,,,,,,,,,,,,,,,,,,,,,,,,,,,,,,
439,,13,,439,JALAN ROBINSON,4:02 pm,01/06/2026,23.2,77,,,,,,,,,,,,,,,,,,,,,,,,,,,,,,,,,,,,,,,,,,,,,,,,
439,,13,,439,JALAN ROBINSON,4:02 pm,01/06/2026,23.2,77,,,,,,,,,,,,,,,,,,,,,,,,,,,,,,,,,,,,,,,,,,,,,,,,
440,,13,,440,JALAN ROBINSON,4:02 pm,01/06/2026,23.2,77,,,,,,,,,,,,,,,,,,,,,,,,,,,,,,,,,,,,,,,,,,,,,,,,
440,,13,,440,JALAN ROBINSON,4:02 pm,01/06/2026,23.2,77,,,,,,,,,,,,,,,,,,,,,,,,,,,,,,,,,,,,,,,,,,,,,,,,
441,,13,,441,JALAN ROBINSON,4:02 pm,01/06/2026,23.2,77,,,,,,,,,,,,,,,,,,,,,,,,,,,,,,,,,,,,,,,,,,,,,,,,
441,,13,,441,JALAN ROBINSON,4:02 pm,01/06/2026,23.2,77,,,,,,,,,,,,,,,,,,,,,,,,,,,,,,,,,,,,,,,,,,,,,,,,
442,,13,,442,JALAN ROBINSON,4:02 pm,01/06/2026,23.2,77,,,,,,,,,,,,,,,,,,,,,,,,,,,,,,,,,,,,,,,,,,,,,,,,
442,,13,,442,JALAN ROBINSON,4:02 pm,01/06/2026,23.2,77,,,,,,,,,,,,,,,,,,,,,,,,,,,,,,,,,,,,,,,,,,,,,,,,
443,,13,,443,JALAN ROBINSON,4:02 pm,01/06/2026,23.2,77,,,,,,,,,,,,,,,,,,,,,,,,,,,,,,,,,,,,,,,,,,,,,,,,
443,,13,,443,JALAN ROBINSON,4:02 pm,01/06/2026,23.2,77,,,,,,,,,,,,,,,,,,,,,,,,,,,,,,,,,,,,,,,,,,,,,,,,
444,,13,,444,JALAN ROBINSON,4:02 pm,01/06/2026,23.2,77,,,,,,,,,,,,,,,,,,,,,,,,,,,,,,,,,,,,,,,,,,,,,,,,
444,,13,,444,JALAN ROBINSON,4:02 pm,01/06/2026,23.2,77,,,,,,,,,,,,,,,,,,,,,,,,,,,,,,,,,,,,,,,,,,,,,,,,
445,,13,,445,JALAN ROBINSON,4:02 pm,01/06/2026,23.2,77,,,,,,,,,,,,,,,,,,,,,,,,,,,,,,,,,,,,,,,,,,,,,,,,
445,,13,,445,JALAN ROBINSON,4:02 pm,01/06/2026,23.2,77,,,,,,,,,,,,,,,,,,,,,,,,,,,,,,,,,,,,,,,,,,,,,,,,
446,,13,,446,JALAN ROBINSON,4:02 pm,01/06/2026,23.2,77,,,,,,,,,,,,,,,,,,,,,,,,,,,,,,,,,,,,,,,,,,,,,,,,
446,,13,,446,JALAN ROBINSON,4:02 pm,01/06/2026,23.2,77,,,,,,,,,,,,,,,,,,,,,,,,,,,,,,,,,,,,,,,,,,,,,,,,
447,,13,,447,JALAN ROBINSON,4:02 pm,01/06/2026,23.2,77,,,,,,,,,,,,,,,,,,,,,,,,,,,,,,,,,,,,,,,,,,,,,,,,
447,,13,,447,JALAN ROBINSON,4:02 pm,01/06/2026,23.2,77,,,,,,,,,,,,,,,,,,,,,,,,,,,,,,,,,,,,,,,,,,,,,,,,
448,,13,,448,JALAN ROBINSON,4:02 pm,01/06/2026,23.2,77,,,,,,,,,,,,,,,,,,,,,,,,,,,,,,,,,,,,,,,,,,,,,,,,
448,,13,,448,JALAN ROBINSON,4:02 pm,01/06/2026,23.2,77,,,,,,,,,,,,,,,,,,,,,,,,,,,,,,,,,,,,,,,,,,,,,,,,
449,,13,,449,JALAN ROBINSON,4:02 pm,01/06/2026,23.2,77,,,,,,,,,,,,,,,,,,,,,,,,,,,,,,,,,,,,,,,,,,,,,,,,
449,,13,,449,JALAN ROBINSON,4:02 pm,01/06/2026,23.2,77,,,,,,,,,,,,,,,,,,,,,,,,,,,,,,,,,,,,,,,,,,,,,,,,
450,,13,,450,JALAN ROBINSON,4:02 pm,01/06/2026,23.2,77,,,,,,,,,,,,,,,,,,,,,,,,,,,,,,,,,,,,,,,,,,,,,,,,
450,,13,,450,JALAN ROBINSON,4:02 pm,01/06/2026,23.2,77,,,,,,,,,,,,,,,,,,,,,,,,,,,,,,,,,,,,,,,,,,,,,,,,
451,,13,,451,JALAN ROBINSON,4:02 pm,01/06/2026,23.2,77,,,,,,,,,,,,,,,,,,,,,,,,,,,,,,,,,,,,,,,,,,,,,,,,
451,,13,,451,JALAN ROBINSON,4:02 pm,01/06/2026,23.2,77,,,,,,,,,,,,,,,,,,,,,,,,,,,,,,,,,,,,,,,,,,,,,,,,
452,,13,,452,JALAN ROBINSON,4:02 pm,01/06/2026,23.2,77,,,,,,,,,,,,,,,,,,,,,,,,,,,,,,,,,,,,,,,,,,,,,,,,
452,,13,,452,JALAN ROBINSON,4:02 pm,01/06/2026,23.2,77,,,,,,,,,,,,,,,,,,,,,,,,,,,,,,,,,,,,,,,,,,,,,,,,
