No,Type,Group,Word Template,Template Page No,{{ substation.name_erms }},{{ substation.time }},{{ substation.date }},{{ substation.ambient }},{{ substation.humidity }},{{ swg.area }},{{ panel.linknumber }},{{ panel.name }},{{ panel.cabletype }},{{ panel.breakerstatus }},{{ panel.busbarposition }},{{ panel.loadamp }},{{ panel.heateramp }},{{ swg.serialnumber }},{{ swg.manufacturer }},{{ swg.type }},{{ swg.rating }},{{ swg.model }},{{ tx1.manufacturer }},{{ tx1.model }},{{ tx1.rating }},{{ tx1.serialnumber }},{{ tx2.manufacturer }},{{ tx2.model }},{{ tx2.rating }},{{ tx2.serialnumber }},{{ fp1.manufacturer }},{{ fp1.model }},{{ fp1.rating }},{{ fp1.serialnumber }},{{ fp1.labelsource }},{{ fp2.manufacturer }},{{ fp2.model }},{{ fp2.rating }},{{ fp2.serialnumber }},{{ fp2.labelsource }},{{ batt1.manufacturer }},{{ batt1.model }},{{ batt1.serialnumber }},{{ batt2.manufacturer }},{{ batt2.model }},{{ batt2.serialnumber }},{{ batt3.manufacturer }},{{ batt3.model }},{{ batt3.serialnumber }},{{ batt4.manufacturer }},{{ batt4.model }},{{ batt4.serialnumber }},Field Overrides,Output File Name,Attribute,Folder,Image File Name
1,Overview,1,01. swg-overview.docx,1,S/S LOJI AIR HABU,4:21 pm,01/06/2026,21.2,80,OVERVIEW,-,-,-,-,-,-,-,,TAMCO,RMU SF6,12kV,FALCON BETA,,,,,,,,,,,,,,,,,,,,,,,,,,,,,,,{},page1,Visual Image Path,C:\Users\aremi\Desktop\REPORT CBM\PO 42289580 - Pahang 11kV SECOND CYCLE AZZAD 2026\RAW MATERIAL\152. SS LOJI AIR HABU (VI)\RAW DATA\IR,1.jpg
1,Overview,1,01. swg-overview.docx,1,S/S LOJI AIR HABU,4:21 pm,01/06/2026,21.2,80,OVERVIEW,-,-,-,-,-,-,-,,TAMCO,RMU SF6,12kV,FALCON BETA,,,,,,,,,,,,,,,,,,,,,,,,,,,,,,,{},page1,IR Image Path,C:\Users\aremi\Desktop\REPORT CBM\PO 42289580 - Pahang 11kV SECOND CYCLE AZZAD 2026\RAW MATERIAL\152. SS LOJI AIR HABU (VI)\RAW DATA\IR,2.jpg
2,Overview,1,01. swg-overview.docx,2,S/S LOJI AIR HABU,4:21 pm,01/06/2026,21.2,80,OVERVIEW TOP,-,-,-,-,-,-,-,,TAMCO,RMU SF6,12kV,FALCON BETA,,,,,,,,,,,,,,,,,,,,,,,,,,,,,,,{},page2,Visual Image Path,C:\Users\aremi\Desktop\REPORT CBM\PO 42289580 - Pahang 11kV SECOND CYCLE AZZAD 2026\RAW MATERIAL\152. SS LOJI AIR HABU (VI)\RAW DATA\IR,3.jpg
2,Overview,1,01. swg-overview.docx,2,S/S LOJI AIR HABU,4:21 pm,01/06/2026,21.2,80,OVERVIEW TOP,-,-,-,-,-,-,-,,TAMCO,RMU SF6,12kV,FALCON BETA,,,,,,,,,,,,,,,,,,,,,,,,,,,,,,,{},page2,IR Image Path,C:\Users\aremi\Desktop\REPORT CBM\PO 42289580 - Pahang 11kV SECOND CYCLE AZZAD 2026\RAW MATERIAL\152. SS LOJI AIR HABU (VI)\RAW DATA\IR,4.jpg
3,Overview,1,01. swg-overview.docx,3,S/S LOJI AIR HABU,4:21 pm,01/06/2026,21.2,80,OVERVIEW BOTTOM,-,-,-,-,-,-,-,,TAMCO,RMU SF6,12kV,FALCON BETA,,,,,,,,,,,,,,,,,,,,,,,,,,,,,,,{},page3,Visual Image Path,C:\Users\aremi\Desktop\REPORT CBM\PO 42289580 - Pahang 11kV SECOND CYCLE AZZAD 2026\RAW MATERIAL\152. SS LOJI AIR HABU (VI)\RAW DATA\IR,5.jpg
3,Overview,1,01. swg-overview.docx,3,S/S LOJI AIR HABU,4:21 pm,01/06/2026,21.2,80,OVERVIEW BOTTOM,-,-,-,-,-,-,-,,TAMCO,RMU SF6,12kV,FALCON BETA,,,,,,,,,,,,,,,,,,,,,,,,,,,,,,,{},page3,IR Image Path,C:\Users\aremi\Desktop\REPORT CBM\PO 42289580 - Pahang 11kV SECOND CYCLE AZZAD 2026\RAW MATERIAL\152. SS LOJI AIR HABU (VI)\RAW DATA\IR,6.jpg
4,Overview,1,01. swg-overview.docx,4,S/S LOJI AIR HABU,4:21 pm,01/06/2026,21.2,80,OVERVIEW REAR,-,-,-,-,-,-,-,,TAMCO,RMU SF6,12kV,FALCON BETA,,,,,,,,,,,,,,,,,,,,,,,,,,,,,,,{},page4,Visual Image Path,C:\Users\aremi\Desktop\REPORT CBM\PO 42289580 - Pahang 11kV SECOND CYCLE AZZAD 2026\RAW MATERIAL\152. SS LOJI AIR HABU (VI)\RAW DATA\IR,7.jpg
4,Overview,1,01. swg-overview.docx,4,S/S LOJI AIR HABU,4:21 pm,01/06/2026,21.2,80,OVERVIEW REAR,-,-,-,-,-,-,-,,TAMCO,RMU SF6,12kV,FALCON BETA,,,,,,,,,,,,,,,,,,,,,,,,,,,,,,,{},page4,IR Image Path,C:\Users\aremi\Desktop\REPORT CBM\PO 42289580 - Pahang 11kV SECOND CYCLE AZZAD 2026\RAW MATERIAL\152. SS LOJI AIR HABU (VI)\RAW DATA\IR,8.jpg
5,Overview,1,01. swg-overview.docx,5,S/S LOJI AIR HABU,4:21 pm,01/06/2026,21.2,80,OVERVIEW SIDE (LHS),-,-,-,-,-,-,-,,TAMCO,RMU SF6,12kV,FALCON BETA,,,,,,,,,,,,,,,,,,,,,,,,,,,,,,,{},page5,Visual Image Path,C:\Users\aremi\Desktop\REPORT CBM\PO 42289580 - Pahang 11kV SECOND CYCLE AZZAD 2026\RAW MATERIAL\152. SS LOJI AIR HABU (VI)\RAW DATA\IR,9.jpg
5,Overview,1,01. swg-overview.docx,5,S/S LOJI AIR HABU,4:21 pm,01/06/2026,21.2,80,OVERVIEW SIDE (LHS),-,-,-,-,-,-,-,,TAMCO,RMU SF6,12kV,FALCON BETA,,,,,,,,,,,,,,,,,,,,,,,,,,,,,,,{},page5,IR Image Path,C:\Users\aremi\Desktop\REPORT CBM\PO 42289580 - Pahang 11kV SECOND CYCLE AZZAD 2026\RAW MATERIAL\152. SS LOJI AIR HABU (VI)\RAW DATA\IR,10.jpg
6,Overview,1,01. swg-overview.docx,6,S/S LOJI AIR HABU,4:21 pm,01/06/2026,21.2,80,OVERVIEW SIDE (RHS),-,-,-,-,-,-,-,,TAMCO,RMU SF6,12kV,FALCON BETA,,,,,,,,,,,,,,,,,,,,,,,,,,,,,,,{},page6,Visual Image Path,C:\Users\aremi\Desktop\REPORT CBM\PO 42289580 - Pahang 11kV SECOND CYCLE AZZAD 2026\RAW MATERIAL\152. SS LOJI AIR HABU (VI)\RAW DATA\IR,11.jpg
6,Overview,1,01. swg-overview.docx,6,S/S LOJI AIR HABU,4:21 pm,01/06/2026,21.2,80,OVERVIEW SIDE (RHS),-,-,-,-,-,-,-,,TAMCO,RMU SF6,12kV,FALCON BETA,,,,,,,,,,,,,,,,,,,,,,,,,,,,,,,{},page6,IR Image Path,C:\Users\aremi\Desktop\REPORT CBM\PO 42289580 - Pahang 11kV SECOND CYCLE AZZAD 2026\RAW MATERIAL\152. SS LOJI AIR HABU (VI)\RAW DATA\IR,12.jpg
7,Panel1,1,02. swg-panel.docx,7,S/S LOJI AIR HABU,4:21 pm,01/06/2026,21.2,80,CABLE COMPARTMENT,CCH00347,KTRS TNB,XLPE,CLOSE,-,-,-,B971569,TAMCO,RMU SF6,12kV,FALCON BETA,,,,,,,,,,,,,,,,,,,,,,,,,,,,,,,{},page7,Visual Image Path,C:\Users\aremi\Desktop\REPORT CBM\PO 42289580 - Pahang 11kV SECOND CYCLE AZZAD 2026\RAW MATERIAL\152. SS LOJI AIR HABU (VI)\RAW DATA\IR,13.jpg
7,Panel1,1,02. swg-panel.docx,7,S/S LOJI AIR HABU,4:21 pm,01/06/2026,21.2,80,CABLE COMPARTMENT,CCH00347,KTRS TNB,XLPE,CLOSE,-,-,-,B971569,TAMCO,RMU SF6,12kV,FALCON BETA,,,,,,,,,,,,,,,,,,,,,,,,,,,,,,,{},page7,IR Image Path,C:\Users\aremi\Desktop\REPORT CBM\PO 42289580 - Pahang 11kV SECOND CYCLE AZZAD 2026\RAW MATERIAL\152. SS LOJI AIR HABU (VI)\RAW DATA\IR,14.jpg
8,Panel1,1,02. swg-panel.docx,8,S/S LOJI AIR HABU,4:21 pm,01/06/2026,21.2,80,CABLE ENTRY,CCH00347,KTRS TNB,XLPE,CLOSE,-,-,-,B971569,TAMCO,RMU SF6,12kV,FALCON BETA,,,,,,,,,,,,,,,,,,,,,,,,,,,,,,,{},page8,Visual Image Path,C:\Users\aremi\Desktop\REPORT CBM\PO 42289580 - Pahang 11kV SECOND CYCLE AZZAD 2026\RAW MATERIAL\152. SS LOJI AIR HABU (VI)\RAW DATA\IR,15.jpg
8,Panel1,1,02. swg-panel.docx,8,S/S LOJI AIR HABU,4:21 pm,01/06/2026,21.2,80,CABLE ENTRY,CCH00347,KTRS TNB,XLPE,CLOSE,-,-,-,B971569,TAMCO,RMU SF6,12kV,FALCON BETA,,,,,,,,,,,,,,,,,,,,,,,,,,,,,,,{},page8,IR Image Path,C:\Users\aremi\Desktop\REPORT CBM\PO 42289580 - Pahang 11kV SECOND CYCLE AZZAD 2026\RAW MATERIAL\152. SS LOJI AIR HABU (VI)\RAW DATA\IR,16.jpg
9,Panel2,1,02. swg-panel.docx,9,S/S LOJI AIR HABU,4:21 pm,01/06/2026,21.2,80,CABLE COMPARTMENT,CCH00346,LOJI AIR,XLPE,CLOSE,-,-,-,B971569,TAMCO,RMU SF6,12kV,FALCON BETA,,,,,,,,,,,,,,,,,,,,,,,,,,,,,,,{},page9,Visual Image Path,C:\Users\aremi\Desktop\REPORT CBM\PO 42289580 - Pahang 11kV SECOND CYCLE AZZAD 2026\RAW MATERIAL\152. SS LOJI AIR HABU (VI)\RAW DATA\IR,17.jpg
9,Panel2,1,02. swg-panel.docx,9,S/S LOJI AIR HABU,4:21 pm,01/06/2026,21.2,80,CABLE COMPARTMENT,CCH00346,LOJI AIR,XLPE,CLOSE,-,-,-,B971569,TAMCO,RMU SF6,12kV,FALCON BETA,,,,,,,,,,,,,,,,,,,,,,,,,,,,,,,{},page9,IR Image Path,C:\Users\aremi\Desktop\REPORT CBM\PO 42289580 - Pahang 11kV SECOND CYCLE AZZAD 2026\RAW MATERIAL\152. SS LOJI AIR HABU (VI)\RAW DATA\IR,18.jpg
10,Panel2,1,02. swg-panel.docx,10,S/S LOJI AIR HABU,4:21 pm,01/06/2026,21.2,80,CABLE ENTRY,CCH00346,LOJI AIR,XLPE,CLOSE,-,-,-,B971569,TAMCO,RMU SF6,12kV,FALCON BETA,,,,,,,,,,,,,,,,,,,,,,,,,,,,,,,{},page10,Visual Image Path,C:\Users\aremi\Desktop\REPORT CBM\PO 42289580 - Pahang 11kV SECOND CYCLE AZZAD 2026\RAW MATERIAL\152. SS LOJI AIR HABU (VI)\RAW DATA\IR,19.jpg
10,Panel2,1,02. swg-panel.docx,10,S/S LOJI AIR HABU,4:21 pm,01/06/2026,21.2,80,CABLE ENTRY,CCH00346,LOJI AIR,XLPE,CLOSE,-,-,-,B971569,TAMCO,RMU SF6,12kV,FALCON BETA,,,,,,,,,,,,,,,,,,,,,,,,,,,,,,,{},page10,IR Image Path,C:\Users\aremi\Desktop\REPORT CBM\PO 42289580 - Pahang 11kV SECOND CYCLE AZZAD 2026\RAW MATERIAL\152. SS LOJI AIR HABU (VI)\RAW DATA\IR,20.jpg
11,Panel3,1,02. swg-panel.docx,11,S/S LOJI AIR HABU,4:21 pm,01/06/2026,21.2,80,CABLE COMPARTMENT,CCH00345,SSU HABU,XLPE,CLOSE,-,-,-,B971569,TAMCO,RMU SF6,12kV,FALCON BETA,,,,,,,,,,,,,,,,,,,,,,,,,,,,,,,{},page11,Visual Image Path,C:\Users\aremi\Desktop\REPORT CBM\PO 42289580 - Pahang 11kV SECOND CYCLE AZZAD 2026\RAW MATERIAL\152. SS LOJI AIR HABU (VI)\RAW DATA\IR,21.jpg
11,Panel3,1,02. swg-panel.docx,11,S/S LOJI AIR HABU,4:21 pm,01/06/2026,21.2,80,CABLE COMPARTMENT,CCH00345,SSU HABU,XLPE,CLOSE,-,-,-,B971569,TAMCO,RMU SF6,12kV,FALCON BETA,,,,,,,,,,,,,,,,,,,,,,,,,,,,,,,{},page11,IR Image Path,C:\Users\aremi\Desktop\REPORT CBM\PO 42289580 - Pahang 11kV SECOND CYCLE AZZAD 2026\RAW MATERIAL\152. SS LOJI AIR HABU (VI)\RAW DATA\IR,22.jpg
12,Panel3,1,02. swg-panel.docx,12,S/S LOJI AIR HABU,4:21 pm,01/06/2026,21.2,80,CABLE ENTRY,CCH00345,SSU HABU,XLPE,CLOSE,-,-,-,B971569,TAMCO,RMU SF6,12kV,FALCON BETA,,,,,,,,,,,,,,,,,,,,,,,,,,,,,,,{},page12,Visual Image Path,C:\Users\aremi\Desktop\REPORT CBM\PO 42289580 - Pahang 11kV SECOND CYCLE AZZAD 2026\RAW MATERIAL\152. SS LOJI AIR HABU (VI)\RAW DATA\IR,23.jpg
12,Panel3,1,02. swg-panel.docx,12,S/S LOJI AIR HABU,4:21 pm,01/06/2026,21.2,80,CABLE ENTRY,CCH00345,SSU HABU,XLPE,CLOSE,-,-,-,B971569,TAMCO,RMU SF6,12kV,FALCON BETA,,,,,,,,,,,,,,,,,,,,,,,,,,,,,,,{},page12,IR Image Path,C:\Users\aremi\Desktop\REPORT CBM\PO 42289580 - Pahang 11kV SECOND CYCLE AZZAD 2026\RAW MATERIAL\152. SS LOJI AIR HABU (VI)\RAW DATA\IR,24.jpg
13,Panel4,2,02. swg-panel.docx,13,S/S LOJI AIR HABU,4:21 pm,01/06/2026,21.2,80,CABLE COMPARTMENT,,,,,,,,,TAMCO,RMU SF6,12kV,FALCON BETA,,,,,,,,,,,,,,,,,,,,,,,,,,,,,,,{},page13,Visual Image Path,C:\Users\aremi\Desktop\REPORT CBM\PO 42289580 - Pahang 11kV SECOND CYCLE AZZAD 2026\RAW MATERIAL\152. SS LOJI AIR HABU (VI)\RAW DATA\IR,25.jpg
13,Panel4,2,02. swg-panel.docx,13,S/S LOJI AIR HABU,4:21 pm,01/06/2026,21.2,80,CABLE COMPARTMENT,,,,,,,,,TAMCO,RMU SF6,12kV,FALCON BETA,,,,,,,,,,,,,,,,,,,,,,,,,,,,,,,{},page13,IR Image Path,C:\Users\aremi\Desktop\REPORT CBM\PO 42289580 - Pahang 11kV SECOND CYCLE AZZAD 2026\RAW MATERIAL\152. SS LOJI AIR HABU (VI)\RAW DATA\IR,26.jpg
14,Panel4,2,02. swg-panel.docx,14,S/S LOJI AIR HABU,4:21 pm,01/06/2026,21.2,80,CABLE ENTRY,,,,,,,,,TAMCO,RMU SF6,12kV,FALCON BETA,,,,,,,,,,,,,,,,,,,,,,,,,,,,,,,{},page14,Visual Image Path,C:\Users\aremi\Desktop\REPORT CBM\PO 42289580 - Pahang 11kV SECOND CYCLE AZZAD 2026\RAW MATERIAL\152. SS LOJI AIR HABU (VI)\RAW DATA\IR,27.jpg
14,Panel4,2,02. swg-panel.docx,14,S/S LOJI AIR HABU,4:21 pm,01/06/2026,21.2,80,CABLE ENTRY,,,,,,,,,TAMCO,RMU SF6,12kV,FALCON BETA,,,,,,,,,,,,,,,,,,,,,,,,,,,,,,,{},page14,IR Image Path,C:\Users\aremi\Desktop\REPORT CBM\PO 42289580 - Pahang 11kV SECOND CYCLE AZZAD 2026\RAW MATERIAL\152. SS LOJI AIR HABU (VI)\RAW DATA\IR,28.jpg
15,Panel5,2,02. swg-panel.docx,15,S/S LOJI AIR HABU,4:21 pm,01/06/2026,21.2,80,CABLE COMPARTMENT,,,,,,,,,TAMCO,RMU SF6,12kV,FALCON BETA,,,,,,,,,,,,,,,,,,,,,,,,,,,,,,,{},page15,Visual Image Path,C:\Users\aremi\Desktop\REPORT CBM\PO 42289580 - Pahang 11kV SECOND CYCLE AZZAD 2026\RAW MATERIAL\152. SS LOJI AIR HABU (VI)\RAW DATA\IR,29.jpg
15,Panel5,2,02. swg-panel.docx,15,S/S LOJI AIR HABU,4:21 pm,01/06/2026,21.2,80,CABLE COMPARTMENT,,,,,,,,,TAMCO,RMU SF6,12kV,FALCON BETA,,,,,,,,,,,,,,,,,,,,,,,,,,,,,,,{},page15,IR Image Path,C:\Users\aremi\Desktop\REPORT CBM\PO 42289580 - Pahang 11kV SECOND CYCLE AZZAD 2026\RAW MATERIAL\152. SS LOJI AIR HABU (VI)\RAW DATA\IR,30.jpg
16,Panel5,2,02. swg-panel.docx,16,S/S LOJI AIR HABU,4:21 pm,01/06/2026,21.2,80,CABLE ENTRY,,,,,,,,,TAMCO,RMU SF6,12kV,FALCON BETA,,,,,,,,,,,,,,,,,,,,,,,,,,,,,,,{},page16,Visual Image Path,C:\Users\aremi\Desktop\REPORT CBM\PO 42289580 - Pahang 11kV SECOND CYCLE AZZAD 2026\RAW MATERIAL\152. SS LOJI AIR HABU (VI)\RAW DATA\IR,31.jpg
16,Panel5,2,02. swg-panel.docx,16,S/S LOJI AIR HABU,4:21 pm,01/06/2026,21.2,80,CABLE ENTRY,,,,,,,,,TAMCO,RMU SF6,12kV,FALCON BETA,,,,,,,,,,,,,,,,,,,,,,,,,,,,,,,{},page16,IR Image Path,C:\Users\aremi\Desktop\REPORT CBM\PO 42289580 - Pahang 11kV SECOND CYCLE AZZAD 2026\RAW MATERIAL\152. SS LOJI AIR HABU (VI)\RAW DATA\IR,32.jpg
17,Panel6,2,02. swg-panel.docx,17,S/S LOJI AIR HABU,4:21 pm,01/06/2026,21.2,80,CABLE COMPARTMENT,,,,,,,,,TAMCO,RMU SF6,12kV,FALCON BETA,,,,,,,,,,,,,,,,,,,,,,,,,,,,,,,{},page17,Visual Image Path,C:\Users\aremi\Desktop\REPORT CBM\PO 42289580 - Pahang 11kV SECOND CYCLE AZZAD 2026\RAW MATERIAL\152. SS LOJI AIR HABU (VI)\RAW DATA\IR,33.jpg
17,Panel6,2,02. swg-panel.docx,17,S/S LOJI AIR HABU,4:21 pm,01/06/2026,21.2,80,CABLE COMPARTMENT,,,,,,,,,TAMCO,RMU SF6,12kV,FALCON BETA,,,,,,,,,,,,,,,,,,,,,,,,,,,,,,,{},page17,IR Image Path,C:\Users\aremi\Desktop\REPORT CBM\PO 42289580 - Pahang 11kV SECOND CYCLE AZZAD 2026\RAW MATERIAL\152. SS LOJI AIR HABU (VI)\RAW DATA\IR,34.jpg
18,Panel6,2,02. swg-panel.docx,18,S/S LOJI AIR HABU,4:21 pm,01/06/2026,21.2,80,CABLE ENTRY,,,,,,,,,TAMCO,RMU SF6,12kV,FALCON BETA,,,,,,,,,,,,,,,,,,,,,,,,,,,,,,,{},page18,Visual Image Path,C:\Users\aremi\Desktop\REPORT CBM\PO 42289580 - Pahang 11kV SECOND CYCLE AZZAD 2026\RAW MATERIAL\152. SS LOJI AIR HABU (VI)\RAW DATA\IR,35.jpg
18,Panel6,2,02. swg-panel.docx,18,S/S LOJI AIR HABU,4:21 pm,01/06/2026,21.2,80,CABLE ENTRY,,,,,,,,,TAMCO,RMU SF6,12kV,FALCON BETA,,,,,,,,,,,,,,,,,,,,,,,,,,,,,,,{},page18,IR Image Path,C:\Users\aremi\Desktop\REPORT CBM\PO 42289580 - Pahang 11kV SECOND CYCLE AZZAD 2026\RAW MATERIAL\152. SS LOJI AIR HABU (VI)\RAW DATA\IR,36.jpg
19,Panel7,2,02. swg-panel.docx,19,S/S LOJI AIR HABU,4:21 pm,01/06/2026,21.2,80,CABLE COMPARTMENT,,,,,,,,,TAMCO,RMU SF6,12kV,FALCON BETA,,,,,,,,,,,,,,,,,,,,,,,,,,,,,,,{},page19,Visual Image Path,C:\Users\aremi\Desktop\REPORT CBM\PO 42289580 - Pahang 11kV SECOND CYCLE AZZAD 2026\RAW MATERIAL\152. SS LOJI AIR HABU (VI)\RAW DATA\IR,37.jpg
19,Panel7,2,02. swg-panel.docx,19,S/S LOJI AIR HABU,4:21 pm,01/06/2026,21.2,80,CABLE COMPARTMENT,,,,,,,,,TAMCO,RMU SF6,12kV,FALCON BETA,,,,,,,,,,,,,,,,,,,,,,,,,,,,,,,{},page19,IR Image Path,C:\Users\aremi\Desktop\REPORT CBM\PO 42289580 - Pahang 11kV SECOND CYCLE AZZAD 2026\RAW MATERIAL\152. SS LOJI AIR HABU (VI)\RAW DATA\IR,38.jpg
20,Panel7,2,02. swg-panel.docx,20,S/S LOJI AIR HABU,4:21 pm,01/06/2026,21.2,80,CABLE ENTRY,,,,,,,,,TAMCO,RMU SF6,12kV,FALCON BETA,,,,,,,,,,,,,,,,,,,,,,,,,,,,,,,{},page20,Visual Image Path,C:\Users\aremi\Desktop\REPORT CBM\PO 42289580 - Pahang 11kV SECOND CYCLE AZZAD 2026\RAW MATERIAL\152. SS LOJI AIR HABU (VI)\RAW DATA\IR,39.jpg
20,Panel7,2,02. swg-panel.docx,20,S/S LOJI AIR HABU,4:21 pm,01/06/2026,21.2,80,CABLE ENTRY,,,,,,,,,TAMCO,RMU SF6,12kV,FALCON BETA,,,,,,,,,,,,,,,,,,,,,,,,,,,,,,,{},page20,IR Image Path,C:\Users\aremi\Desktop\REPORT CBM\PO 42289580 - Pahang 11kV SECOND CYCLE AZZAD 2026\RAW MATERIAL\152. SS LOJI AIR HABU (VI)\RAW DATA\IR,40.jpg
21,Panel8,2,02. swg-panel.docx,21,S/S LOJI AIR HABU,4:21 pm,01/06/2026,21.2,80,CABLE COMPARTMENT,,,,,,,,,TAMCO,RMU SF6,12kV,FALCON BETA,,,,,,,,,,,,,,,,,,,,,,,,,,,,,,,{},page21,Visual Image Path,C:\Users\aremi\Desktop\REPORT CBM\PO 42289580 - Pahang 11kV SECOND CYCLE AZZAD 2026\RAW MATERIAL\152. SS LOJI AIR HABU (VI)\RAW DATA\IR,41.jpg
21,Panel8,2,02. swg-panel.docx,21,S/S LOJI AIR HABU,4:21 pm,01/06/2026,21.2,80,CABLE COMPARTMENT,,,,,,,,,TAMCO,RMU SF6,12kV,FALCON BETA,,,,,,,,,,,,,,,,,,,,,,,,,,,,,,,{},page21,IR Image Path,C:\Users\aremi\Desktop\REPORT CBM\PO 42289580 - Pahang 11kV SECOND CYCLE AZZAD 2026\RAW MATERIAL\152. SS LOJI AIR HABU (VI)\RAW DATA\IR,42.jpg
22,Panel8,2,02. swg-panel.docx,22,S/S LOJI AIR HABU,4:21 pm,01/06/2026,21.2,80,CABLE ENTRY,,,,,,,,,TAMCO,RMU SF6,12kV,FALCON BETA,,,,,,,,,,,,,,,,,,,,,,,,,,,,,,,{},page22,Visual Image Path,C:\Users\aremi\Desktop\REPORT CBM\PO 42289580 - Pahang 11kV SECOND CYCLE AZZAD 2026\RAW MATERIAL\152. SS LOJI AIR HABU (VI)\RAW DATA\IR,43.jpg
22,Panel8,2,02. swg-panel.docx,22,S/S LOJI AIR HABU,4:21 pm,01/06/2026,21.2,80,CABLE ENTRY,,,,,,,,,TAMCO,RMU SF6,12kV,FALCON BETA,,,,,,,,,,,,,,,,,,,,,,,,,,,,,,,{},page22,IR Image Path,C:\Users\aremi\Desktop\REPORT CBM\PO 42289580 - Pahang 11kV SECOND CYCLE AZZAD 2026\RAW MATERIAL\152. SS LOJI AIR HABU (VI)\RAW DATA\IR,44.jpg
23,Panel9,2,02. swg-panel.docx,23,S/S LOJI AIR HABU,4:21 pm,01/06/2026,21.2,80,CABLE COMPARTMENT,,,,,,,,,TAMCO,RMU SF6,12kV,FALCON BETA,,,,,,,,,,,,,,,,,,,,,,,,,,,,,,,{},page23,Visual Image Path,C:\Users\aremi\Desktop\REPORT CBM\PO 42289580 - Pahang 11kV SECOND CYCLE AZZAD 2026\RAW MATERIAL\152. SS LOJI AIR HABU (VI)\RAW DATA\IR,45.jpg
23,Panel9,2,02. swg-panel.docx,23,S/S LOJI AIR HABU,4:21 pm,01/06/2026,21.2,80,CABLE COMPARTMENT,,,,,,,,,TAMCO,RMU SF6,12kV,FALCON BETA,,,,,,,,,,,,,,,,,,,,,,,,,,,,,,,{},page23,IR Image Path,C:\Users\aremi\Desktop\REPORT CBM\PO 42289580 - Pahang 11kV SECOND CYCLE AZZAD 2026\RAW MATERIAL\152. SS LOJI AIR HABU (VI)\RAW DATA\IR,46.jpg
24,Panel9,2,02. swg-panel.docx,24,S/S LOJI AIR HABU,4:21 pm,01/06/2026,21.2,80,CABLE ENTRY,,,,,,,,,TAMCO,RMU SF6,12kV,FALCON BETA,,,,,,,,,,,,,,,,,,,,,,,,,,,,,,,{},page24,Visual Image Path,C:\Users\aremi\Desktop\REPORT CBM\PO 42289580 - Pahang 11kV SECOND CYCLE AZZAD 2026\RAW MATERIAL\152. SS LOJI AIR HABU (VI)\RAW DATA\IR,47.jpg
24,Panel9,2,02. swg-panel.docx,24,S/S LOJI AIR HABU,4:21 pm,01/06/2026,21.2,80,CABLE ENTRY,,,,,,,,,TAMCO,RMU SF6,12kV,FALCON BETA,,,,,,,,,,,,,,,,,,,,,,,,,,,,,,,{},page24,IR Image Path,C:\Users\aremi\Desktop\REPORT CBM\PO 42289580 - Pahang 11kV SECOND CYCLE AZZAD 2026\RAW MATERIAL\152. SS LOJI AIR HABU (VI)\RAW DATA\IR,48.jpg
25,Panel10,2,02. swg-panel.docx,25,S/S LOJI AIR HABU,4:21 pm,01/06/2026,21.2,80,CABLE COMPARTMENT,,,,,,,,,TAMCO,RMU SF6,12kV,FALCON BETA,,,,,,,,,,,,,,,,,,,,,,,,,,,,,,,{},page25,Visual Image Path,C:\Users\aremi\Desktop\REPORT CBM\PO 42289580 - Pahang 11kV SECOND CYCLE AZZAD 2026\RAW MATERIAL\152. SS LOJI AIR HABU (VI)\RAW DATA\IR,49.jpg
25,Panel10,2,02. swg-panel.docx,25,S/S LOJI AIR HABU,4:21 pm,01/06/2026,21.2,80,CABLE COMPARTMENT,,,,,,,,,TAMCO,RMU SF6,12kV,FALCON BETA,,,,,,,,,,,,,,,,,,,,,,,,,,,,,,,{},page25,IR Image Path,C:\Users\aremi\Desktop\REPORT CBM\PO 42289580 - Pahang 11kV SECOND CYCLE AZZAD 2026\RAW MATERIAL\152. SS LOJI AIR HABU (VI)\RAW DATA\IR,50.jpg
26,Panel10,2,02. swg-panel.docx,26,S/S LOJI AIR HABU,4:21 pm,01/06/2026,21.2,80,CABLE ENTRY,,,,,,,,,TAMCO,RMU SF6,12kV,FALCON BETA,,,,,,,,,,,,,,,,,,,,,,,,,,,,,,,{},page26,Visual Image Path,C:\Users\aremi\Desktop\REPORT CBM\PO 42289580 - Pahang 11kV SECOND CYCLE AZZAD 2026\RAW MATERIAL\152. SS LOJI AIR HABU (VI)\RAW DATA\IR,51.jpg
26,Panel10,2,02. swg-panel.docx,26,S/S LOJI AIR HABU,4:21 pm,01/06/2026,21.2,80,CABLE ENTRY,,,,,,,,,TAMCO,RMU SF6,12kV,FALCON BETA,,,,,,,,,,,,,,,,,,,,,,,,,,,,,,,{},page26,IR Image Path,C:\Users\aremi\Desktop\REPORT CBM\PO 42289580 - Pahang 11kV SECOND CYCLE AZZAD 2026\RAW MATERIAL\152. SS LOJI AIR HABU (VI)\RAW DATA\IR,52.jpg
27,TX1,2,03. tx1-overview.docx,41,S/S LOJI AIR HABU,4:21 pm,01/06/2026,21.2,80,OVERVIEW,1,,,,,,,,TAMCO,RMU SF6,12kV,FALCON BETA,,,,,,,,,,,,,,,,,,,,,,,,,,,,,,,{},page27,Visual Image Path,C:\Users\aremi\Desktop\REPORT CBM\PO 42289580 - Pahang 11kV SECOND CYCLE AZZAD 2026\RAW MATERIAL\152. SS LOJI AIR HABU (VI)\RAW DATA\IR,53.jpg
27,TX1,2,03. tx1-overview.docx,41,S/S LOJI AIR HABU,4:21 pm,01/06/2026,21.2,80,OVERVIEW,1,,,,,,,,TAMCO,RMU SF6,12kV,FALCON BETA,,,,,,,,,,,,,,,,,,,,,,,,,,,,,,,{},page27,IR Image Path,C:\Users\aremi\Desktop\REPORT CBM\PO 42289580 - Pahang 11kV SECOND CYCLE AZZAD 2026\RAW MATERIAL\152. SS LOJI AIR HABU (VI)\RAW DATA\IR,54.jpg
28,TX1,2,03. tx1-overview.docx,42,S/S LOJI AIR HABU,4:21 pm,01/06/2026,21.2,80,OVERVIEW TOP,1,,,,,,,,TAMCO,RMU SF6,12kV,FALCON BETA,,,,,,,,,,,,,,,,,,,,,,,,,,,,,,,{},page28,Visual Image Path,C:\Users\aremi\Desktop\REPORT CBM\PO 42289580 - Pahang 11kV SECOND CYCLE AZZAD 2026\RAW MATERIAL\152. SS LOJI AIR HABU (VI)\RAW DATA\IR,55.jpg
28,TX1,2,03. tx1-overview.docx,42,S/S LOJI AIR HABU,4:21 pm,01/06/2026,21.2,80,OVERVIEW TOP,1,,,,,,,,TAMCO,RMU SF6,12kV,FALCON BETA,,,,,,,,,,,,,,,,,,,,,,,,,,,,,,,{},page28,IR Image Path,C:\Users\aremi\Desktop\REPORT CBM\PO 42289580 - Pahang 11kV SECOND CYCLE AZZAD 2026\RAW MATERIAL\152. SS LOJI AIR HABU (VI)\RAW DATA\IR,56.jpg
29,TX1,2,04. tx1-hv-sides.docx,43,S/S LOJI AIR HABU,4:21 pm,01/06/2026,21.2,80,BUSHING,1,HV SIDE,,,,,,,TAMCO,RMU SF6,12kV,FALCON BETA,,,,,,,,,,,,,,,,,,,,,,,,,,,,,,,{},page29,Visual Image Path,C:\Users\aremi\Desktop\REPORT CBM\PO 42289580 - Pahang 11kV SECOND CYCLE AZZAD 2026\RAW MATERIAL\152. SS LOJI AIR HABU (VI)\RAW DATA\IR,57.jpg
29,TX1,2,04. tx1-hv-sides.docx,43,S/S LOJI AIR HABU,4:21 pm,01/06/2026,21.2,80,BUSHING,1,HV SIDE,,,,,,,TAMCO,RMU SF6,12kV,FALCON BETA,,,,,,,,,,,,,,,,,,,,,,,,,,,,,,,{},page29,IR Image Path,C:\Users\aremi\Desktop\REPORT CBM\PO 42289580 - Pahang 11kV SECOND CYCLE AZZAD 2026\RAW MATERIAL\152. SS LOJI AIR HABU (VI)\RAW DATA\IR,58.jpg
30,TX1,2,04. tx1-hv-sides.docx,44,S/S LOJI AIR HABU,4:21 pm,01/06/2026,21.2,80,CABLE,1,HV SIDE,,,,,,,TAMCO,RMU SF6,12kV,FALCON BETA,,,,,,,,,,,,,,,,,,,,,,,,,,,,,,,{},page30,Visual Image Path,C:\Users\aremi\Desktop\REPORT CBM\PO 42289580 - Pahang 11kV SECOND CYCLE AZZAD 2026\RAW MATERIAL\152. SS LOJI AIR HABU (VI)\RAW DATA\IR,59.jpg
30,TX1,2,04. tx1-hv-sides.docx,44,S/S LOJI AIR HABU,4:21 pm,01/06/2026,21.2,80,CABLE,1,HV SIDE,,,,,,,TAMCO,RMU SF6,12kV,FALCON BETA,,,,,,,,,,,,,,,,,,,,,,,,,,,,,,,{},page30,IR Image Path,C:\Users\aremi\Desktop\REPORT CBM\PO 42289580 - Pahang 11kV SECOND CYCLE AZZAD 2026\RAW MATERIAL\152. SS LOJI AIR HABU (VI)\RAW DATA\IR,60.jpg
31,TX1,2,04. tx1-hv-sides.docx,45,S/S LOJI AIR HABU,4:21 pm,01/06/2026,21.2,80,CABLE SPLIT,1,HV SIDE,,,,,,,TAMCO,RMU SF6,12kV,FALCON BETA,,,,,,,,,,,,,,,,,,,,,,,,,,,,,,,{},page31,Visual Image Path,C:\Users\aremi\Desktop\REPORT CBM\PO 42289580 - Pahang 11kV SECOND CYCLE AZZAD 2026\RAW MATERIAL\152. SS LOJI AIR HABU (VI)\RAW DATA\IR,61.jpg
31,TX1,2,04. tx1-hv-sides.docx,45,S/S LOJI AIR HABU,4:21 pm,01/06/2026,21.2,80,CABLE SPLIT,1,HV SIDE,,,,,,,TAMCO,RMU SF6,12kV,FALCON BETA,,,,,,,,,,,,,,,,,,,,,,,,,,,,,,,{},page31,IR Image Path,C:\Users\aremi\Desktop\REPORT CBM\PO 42289580 - Pahang 11kV SECOND CYCLE AZZAD 2026\RAW MATERIAL\152. SS LOJI AIR HABU (VI)\RAW DATA\IR,62.jpg
32,TX1,2,05. tx1-lv-sides.docx,46,S/S LOJI AIR HABU,4:21 pm,01/06/2026,21.2,80,BUSHING,1,LV SIDE,,,,,,,TAMCO,RMU SF6,12kV,FALCON BETA,,,,,,,,,,,,,,,,,,,,,,,,,,,,,,,{},page32,Visual Image Path,C:\Users\aremi\Desktop\REPORT CBM\PO 42289580 - Pahang 11kV SECOND CYCLE AZZAD 2026\RAW MATERIAL\152. SS LOJI AIR HABU (VI)\RAW DATA\IR,63.jpg
32,TX1,2,05. tx1-lv-sides.docx,46,S/S LOJI AIR HABU,4:21 pm,01/06/2026,21.2,80,BUSHING,1,LV SIDE,,,,,,,TAMCO,RMU SF6,12kV,FALCON BETA,,,,,,,,,,,,,,,,,,,,,,,,,,,,,,,{},page32,IR Image Path,C:\Users\aremi\Desktop\REPORT CBM\PO 42289580 - Pahang 11kV SECOND CYCLE AZZAD 2026\RAW MATERIAL\152. SS LOJI AIR HABU (VI)\RAW DATA\IR,64.jpg
33,TX1,2,05. tx1-lv-sides.docx,47,S/S LOJI AIR HABU,4:21 pm,01/06/2026,21.2,80,CABLE,1,LV SIDE,,,,,,,TAMCO,RMU SF6,12kV,FALCON BETA,,,,,,,,,,,,,,,,,,,,,,,,,,,,,,,{},page33,Visual Image Path,C:\Users\aremi\Desktop\REPORT CBM\PO 42289580 - Pahang 11kV SECOND CYCLE AZZAD 2026\RAW MATERIAL\152. SS LOJI AIR HABU (VI)\RAW DATA\IR,65.jpg
33,TX1,2,05. tx1-lv-sides.docx,47,S/S LOJI AIR HABU,4:21 pm,01/06/2026,21.2,80,CABLE,1,LV SIDE,,,,,,,TAMCO,RMU SF6,12kV,FALCON BETA,,,,,,,,,,,,,,,,,,,,,,,,,,,,,,,{},page33,IR Image Path,C:\Users\aremi\Desktop\REPORT CBM\PO 42289580 - Pahang 11kV SECOND CYCLE AZZAD 2026\RAW MATERIAL\152. SS LOJI AIR HABU (VI)\RAW DATA\IR,66.jpg
34,TX1,2,05. tx1-lv-sides.docx,48,S/S LOJI AIR HABU,4:21 pm,01/06/2026,21.2,80,CABLE SPLIT,1,LV SIDE,,,,,,,TAMCO,RMU SF6,12kV,FALCON BETA,,,,,,,,,,,,,,,,,,,,,,,,,,,,,,,{},page34,Visual Image Path,C:\Users\aremi\Desktop\REPORT CBM\PO 42289580 - Pahang 11kV SECOND CYCLE AZZAD 2026\RAW MATERIAL\152. SS LOJI AIR HABU (VI)\RAW DATA\IR,67.jpg
34,TX1,2,05. tx1-lv-sides.docx,48,S/S LOJI AIR HABU,4:21 pm,01/06/2026,21.2,80,CABLE SPLIT,1,LV SIDE,,,,,,,TAMCO,RMU SF6,12kV,FALCON BETA,,,,,,,,,,,,,,,,,,,,,,,,,,,,,,,{},page34,IR Image Path,C:\Users\aremi\Desktop\REPORT CBM\PO 42289580 - Pahang 11kV SECOND CYCLE AZZAD 2026\RAW MATERIAL\152. SS LOJI AIR HABU (VI)\RAW DATA\IR,68.jpg
35,TX2,2,06. tx2-overview.docx,49,S/S LOJI AIR HABU,4:21 pm,01/06/2026,21.2,80,OVERVIEW,2,,,,,,,,TAMCO,RMU SF6,12kV,FALCON BETA,,,,,,,,,,,,,,,,,,,,,,,,,,,,,,,{},page35,Visual Image Path,C:\Users\aremi\Desktop\REPORT CBM\PO 42289580 - Pahang 11kV SECOND CYCLE AZZAD 2026\RAW MATERIAL\152. SS LOJI AIR HABU (VI)\RAW DATA\IR,69.jpg
35,TX2,2,06. tx2-overview.docx,49,S/S LOJI AIR HABU,4:21 pm,01/06/2026,21.2,80,OVERVIEW,2,,,,,,,,TAMCO,RMU SF6,12kV,FALCON BETA,,,,,,,,,,,,,,,,,,,,,,,,,,,,,,,{},page35,IR Image Path,C:\Users\aremi\Desktop\REPORT CBM\PO 42289580 - Pahang 11kV SECOND CYCLE AZZAD 2026\RAW MATERIAL\152. SS LOJI AIR HABU (VI)\RAW DATA\IR,70.jpg
36,TX2,2,06. tx2-overview.docx,50,S/S LOJI AIR HABU,4:21 pm,01/06/2026,21.2,80,OVERVIEW TOP,2,,,,,,,,TAMCO,RMU SF6,12kV,FALCON BETA,,,,,,,,,,,,,,,,,,,,,,,,,,,,,,,{},page36,Visual Image Path,C:\Users\aremi\Desktop\REPORT CBM\PO 42289580 - Pahang 11kV SECOND CYCLE AZZAD 2026\RAW MATERIAL\152. SS LOJI AIR HABU (VI)\RAW DATA\IR,71.jpg
36,TX2,2,06. tx2-overview.docx,50,S/S LOJI AIR HABU,4:21 pm,01/06/2026,21.2,80,OVERVIEW TOP,2,,,,,,,,TAMCO,RMU SF6,12kV,FALCON BETA,,,,,,,,,,,,,,,,,,,,,,,,,,,,,,,{},page36,IR Image Path,C:\Users\aremi\Desktop\REPORT CBM\PO 42289580 - Pahang 11kV SECOND CYCLE AZZAD 2026\RAW MATERIAL\152. SS LOJI AIR HABU (VI)\RAW DATA\IR,72.jpg
37,TX2,2,07. tx2-hv-sides.docx,51,S/S LOJI AIR HABU,4:21 pm,01/06/2026,21.2,80,BUSHING,2,HV SIDE,,,,,,,TAMCO,RMU SF6,12kV,FALCON BETA,,,,,,,,,,,,,,,,,,,,,,,,,,,,,,,{},page37,Visual Image Path,C:\Users\aremi\Desktop\REPORT CBM\PO 42289580 - Pahang 11kV SECOND CYCLE AZZAD 2026\RAW MATERIAL\152. SS LOJI AIR HABU (VI)\RAW DATA\IR,73.jpg
37,TX2,2,07. tx2-hv-sides.docx,51,S/S LOJI AIR HABU,4:21 pm,01/06/2026,21.2,80,BUSHING,2,HV SIDE,,,,,,,TAMCO,RMU SF6,12kV,FALCON BETA,,,,,,,,,,,,,,,,,,,,,,,,,,,,,,,{},page37,IR Image Path,C:\Users\aremi\Desktop\REPORT CBM\PO 42289580 - Pahang 11kV SECOND CYCLE AZZAD 2026\RAW MATERIAL\152. SS LOJI AIR HABU (VI)\RAW DATA\IR,74.jpg
38,TX2,2,07. tx2-hv-sides.docx,52,S/S LOJI AIR HABU,4:21 pm,01/06/2026,21.2,80,CABLE,2,HV SIDE,,,,,,,TAMCO,RMU SF6,12kV,FALCON BETA,,,,,,,,,,,,,,,,,,,,,,,,,,,,,,,{},page38,Visual Image Path,C:\Users\aremi\Desktop\REPORT CBM\PO 42289580 - Pahang 11kV SECOND CYCLE AZZAD 2026\RAW MATERIAL\152. SS LOJI AIR HABU (VI)\RAW DATA\IR,75.jpg
38,TX2,2,07. tx2-hv-sides.docx,52,S/S LOJI AIR HABU,4:21 pm,01/06/2026,21.2,80,CABLE,2,HV SIDE,,,,,,,TAMCO,RMU SF6,12kV,FALCON BETA,,,,,,,,,,,,,,,,,,,,,,,,,,,,,,,{},page38,IR Image Path,C:\Users\aremi\Desktop\REPORT CBM\PO 42289580 - Pahang 11kV SECOND CYCLE AZZAD 2026\RAW MATERIAL\152. SS LOJI AIR HABU (VI)\RAW DATA\IR,76.jpg
39,TX2,2,07. tx2-hv-sides.docx,53,S/S LOJI AIR HABU,4:21 pm,01/06/2026,21.2,80,CABLE SPLIT,2,HV SIDE,,,,,,,TAMCO,RMU SF6,12kV,FALCON BETA,,,,,,,,,,,,,,,,,,,,,,,,,,,,,,,{},page39,Visual Image Path,C:\Users\aremi\Desktop\REPORT CBM\PO 42289580 - Pahang 11kV SECOND CYCLE AZZAD 2026\RAW MATERIAL\152. SS LOJI AIR HABU (VI)\RAW DATA\IR,77.jpg
39,TX2,2,08. tx2-lv-sides.docx,53,S/S LOJI AIR HABU,4:21 pm,01/06/2026,21.2,80,CABLE SPLIT,2,HV SIDE,,,,,,,TAMCO,RMU SF6,12kV,FALCON BETA,,,,,,,,,,,,,,,,,,,,,,,,,,,,,,,{},page39,IR Image Path,C:\Users\aremi\Desktop\REPORT CBM\PO 42289580 - Pahang 11kV SECOND CYCLE AZZAD 2026\RAW MATERIAL\152. SS LOJI AIR HABU (VI)\RAW DATA\IR,78.jpg
40,TX2,2,08. tx2-lv-sides.docx,54,S/S LOJI AIR HABU,4:21 pm,01/06/2026,21.2,80,BUSHING,2,LV SIDE,,,,,,,TAMCO,RMU SF6,12kV,FALCON BETA,,,,,,,,,,,,,,,,,,,,,,,,,,,,,,,{},page40,Visual Image Path,C:\Users\aremi\Desktop\REPORT CBM\PO 42289580 - Pahang 11kV SECOND CYCLE AZZAD 2026\RAW MATERIAL\152. SS LOJI AIR HABU (VI)\RAW DATA\IR,79.jpg
40,TX2,2,08. tx2-lv-sides.docx,54,S/S LOJI AIR HABU,4:21 pm,01/06/2026,21.2,80,BUSHING,2,LV SIDE,,,,,,,TAMCO,RMU SF6,12kV,FALCON BETA,,,,,,,,,,,,,,,,,,,,,,,,,,,,,,,{},page40,IR Image Path,C:\Users\aremi\Desktop\REPORT CBM\PO 42289580 - Pahang 11kV SECOND CYCLE AZZAD 2026\RAW MATERIAL\152. SS LOJI AIR HABU (VI)\RAW DATA\IR,80.jpg
41,TX2,2,08. tx2-lv-sides.docx,55,S/S LOJI AIR HABU,4:21 pm,01/06/2026,21.2,80,CABLE,2,LV SIDE,,,,,,,TAMCO,RMU SF6,12kV,FALCON BETA,,,,,,,,,,,,,,,,,,,,,,,,,,,,,,,{},page41,Visual Image Path,C:\Users\aremi\Desktop\REPORT CBM\PO 42289580 - Pahang 11kV SECOND CYCLE AZZAD 2026\RAW MATERIAL\152. SS LOJI AIR HABU (VI)\RAW DATA\IR,81.jpg
41,TX2,2,08. tx2-lv-sides.docx,55,S/S LOJI AIR HABU,4:21 pm,01/06/2026,21.2,80,CABLE,2,LV SIDE,,,,,,,TAMCO,RMU SF6,12kV,FALCON BETA,,,,,,,,,,,,,,,,,,,,,,,,,,,,,,,{},page41,IR Image Path,C:\Users\aremi\Desktop\REPORT CBM\PO 42289580 - Pahang 11kV SECOND CYCLE AZZAD 2026\RAW MATERIAL\152. SS LOJI AIR HABU (VI)\RAW DATA\IR,82.jpg
42,TX2,2,08. tx2-lv-sides.docx,56,S/S LOJI AIR HABU,4:21 pm,01/06/2026,21.2,80,CABLE SPLIT,2,LV SIDE,,,,,,,TAMCO,RMU SF6,12kV,FALCON BETA,,,,,,,,,,,,,,,,,,,,,,,,,,,,,,,{},page42,Visual Image Path,C:\Users\aremi\Desktop\REPORT CBM\PO 42289580 - Pahang 11kV SECOND CYCLE AZZAD 2026\RAW MATERIAL\152. SS LOJI AIR HABU (VI)\RAW DATA\IR,83.jpg
42,TX2,2,08. tx2-lv-sides.docx,56,S/S LOJI AIR HABU,4:21 pm,01/06/2026,21.2,80,CABLE SPLIT,2,LV SIDE,,,,,,,TAMCO,RMU SF6,12kV,FALCON BETA,,,,,,,,,,,,,,,,,,,,,,,,,,,,,,,{},page42,IR Image Path,C:\Users\aremi\Desktop\REPORT CBM\PO 42289580 - Pahang 11kV SECOND CYCLE AZZAD 2026\RAW MATERIAL\152. SS LOJI AIR HABU (VI)\RAW DATA\IR,84.jpg
43,FP 1,2,09. fp1-overview.docx,57,S/S LOJI AIR HABU,4:21 pm,01/06/2026,21.2,80,OVERVIEW,-,,,,,,,,TAMCO,RMU SF6,12kV,FALCON BETA,,,,,,,,,,,,,,,,,,,,,,,,,,,,,,,{},page43,Visual Image Path,C:\Users\aremi\Desktop\REPORT CBM\PO 42289580 - Pahang 11kV SECOND CYCLE AZZAD 2026\RAW MATERIAL\152. SS LOJI AIR HABU (VI)\RAW DATA\IR,85.jpg
43,FP1,2,09. fp1-overview.docx,57,S/S LOJI AIR HABU,4:21 pm,01/06/2026,21.2,80,OVERVIEW,-,,,,,,,,TAMCO,RMU SF6,12kV,FALCON BETA,,,,,,,,,,,,,,,,,,,,,,,,,,,,,,,{},page43,IR Image Path,C:\Users\aremi\Desktop\REPORT CBM\PO 42289580 - Pahang 11kV SECOND CYCLE AZZAD 2026\RAW MATERIAL\152. SS LOJI AIR HABU (VI)\RAW DATA\IR,86.jpg
44,FP2,2,10. fp2-overview.docx,58,S/S LOJI AIR HABU,4:21 pm,01/06/2026,21.2,80,OVERVIEW,-,,,,,,,,TAMCO,RMU SF6,12kV,FALCON BETA,,,,,,,,,,,,,,,,,,,,,,,,,,,,,,,{},page44,Visual Image Path,C:\Users\aremi\Desktop\REPORT CBM\PO 42289580 - Pahang 11kV SECOND CYCLE AZZAD 2026\RAW MATERIAL\152. SS LOJI AIR HABU (VI)\RAW DATA\IR,87.jpg
44,FP2,2,10. fp2-overview.docx,58,S/S LOJI AIR HABU,4:21 pm,01/06/2026,21.2,80,OVERVIEW,-,,,,,,,,TAMCO,RMU SF6,12kV,FALCON BETA,,,,,,,,,,,,,,,,,,,,,,,,,,,,,,,{},page44,IR Image Path,C:\Users\aremi\Desktop\REPORT CBM\PO 42289580 - Pahang 11kV SECOND CYCLE AZZAD 2026\RAW MATERIAL\152. SS LOJI AIR HABU (VI)\RAW DATA\IR,88.jpg
45,BLACK BOX 1,2,11. blackbox1-overview.docx,59,S/S LOJI AIR HABU,4:21 pm,01/06/2026,21.2,80,OVERVIEW,-,,,,,,,,TAMCO,RMU SF6,12kV,FALCON BETA,,,,,,,,,,,,,,,,,,,,,,,,,,,,,,,{},page45,Visual Image Path,C:\Users\aremi\Desktop\REPORT CBM\PO 42289580 - Pahang 11kV SECOND CYCLE AZZAD 2026\RAW MATERIAL\152. SS LOJI AIR HABU (VI)\RAW DATA\IR,89.jpg
45,BLACK BOX 1,2,11. blackbox1-overview.docx,59,S/S LOJI AIR HABU,4:21 pm,01/06/2026,21.2,80,OVERVIEW,-,,,,,,,,TAMCO,RMU SF6,12kV,FALCON BETA,,,,,,,,,,,,,,,,,,,,,,,,,,,,,,,{},page45,IR Image Path,C:\Users\aremi\Desktop\REPORT CBM\PO 42289580 - Pahang 11kV SECOND CYCLE AZZAD 2026\RAW MATERIAL\152. SS LOJI AIR HABU (VI)\RAW DATA\IR,90.jpg
46,BLACK BOX 2,2,12. blackbox2-overview.docx,60,S/S LOJI AIR HABU,4:21 pm,01/06/2026,21.2,80,OVERVIEW,-,,,,,,,,TAMCO,RMU SF6,12kV,FALCON BETA,,,,,,,,,,,,,,,,,,,,,,,,,,,,,,,{},page46,Visual Image Path,C:\Users\aremi\Desktop\REPORT CBM\PO 42289580 - Pahang 11kV SECOND CYCLE AZZAD 2026\RAW MATERIAL\152. SS LOJI AIR HABU (VI)\RAW DATA\IR,91.jpg
46,BLACK BOX 2,2,12. blackbox2-overview.docx,60,S/S LOJI AIR HABU,4:21 pm,01/06/2026,21.2,80,OVERVIEW,-,,,,,,,,TAMCO,RMU SF6,12kV,FALCON BETA,,,,,,,,,,,,,,,,,,,,,,,,,,,,,,,{},page46,IR Image Path,C:\Users\aremi\Desktop\REPORT CBM\PO 42289580 - Pahang 11kV SECOND CYCLE AZZAD 2026\RAW MATERIAL\152. SS LOJI AIR HABU (VI)\RAW DATA\IR,92.jpg
47,BATTERY BANK 1,2,13. battery1-overview.docx,61,S/S LOJI AIR HABU,4:21 pm,01/06/2026,21.2,80,OVERVIEW,-,,,,,,,,TAMCO,RMU SF6,12kV,FALCON BETA,,,,,,,,,,,,,,,,,,,,,,,,,,,,,,,{},page47,Visual Image Path,C:\Users\aremi\Desktop\REPORT CBM\PO 42289580 - Pahang 11kV SECOND CYCLE AZZAD 2026\RAW MATERIAL\152. SS LOJI AIR HABU (VI)\RAW DATA\IR,93.jpg
47,BATTERY BANK 1,2,13. battery1-overview.docx,61,S/S LOJI AIR HABU,4:21 pm,01/06/2026,21.2,80,OVERVIEW,-,,,,,,,,TAMCO,RMU SF6,12kV,FALCON BETA,,,,,,,,,,,,,,,,,,,,,,,,,,,,,,,{},page47,IR Image Path,C:\Users\aremi\Desktop\REPORT CBM\PO 42289580 - Pahang 11kV SECOND CYCLE AZZAD 2026\RAW MATERIAL\152. SS LOJI AIR HABU (VI)\RAW DATA\IR,94.jpg
48,BATTERY BANK 2,2,14. battery2-overview.docx,62,S/S LOJI AIR HABU,4:21 pm,01/06/2026,21.2,80,OVERVIEW,-,,,,,,,,TAMCO,RMU SF6,12kV,FALCON BETA,,,,,,,,,,,,,,,,,,,,,,,,,,,,,,,{},page48,Visual Image Path,C:\Users\aremi\Desktop\REPORT CBM\PO 42289580 - Pahang 11kV SECOND CYCLE AZZAD 2026\RAW MATERIAL\152. SS LOJI AIR HABU (VI)\RAW DATA\IR,95.jpg
48,BATTERY BANK 2,2,14. battery2-overview.docx,62,S/S LOJI AIR HABU,4:21 pm,01/06/2026,21.2,80,OVERVIEW,-,,,,,,,,TAMCO,RMU SF6,12kV,FALCON BETA,,,,,,,,,,,,,,,,,,,,,,,,,,,,,,,{},page48,IR Image Path,C:\Users\aremi\Desktop\REPORT CBM\PO 42289580 - Pahang 11kV SECOND CYCLE AZZAD 2026\RAW MATERIAL\152. SS LOJI AIR HABU (VI)\RAW DATA\IR,96.jpg
49,BATTERY BANK 3,2,15. battery3-overview.docx,63,S/S LOJI AIR HABU,4:21 pm,01/06/2026,21.2,80,OVERVIEW,-,,,,,,,,TAMCO,RMU SF6,12kV,FALCON BETA,,,,,,,,,,,,,,,,,,,,,,,,,,,,,,,{},page49,Visual Image Path,C:\Users\aremi\Desktop\REPORT CBM\PO 42289580 - Pahang 11kV SECOND CYCLE AZZAD 2026\RAW MATERIAL\152. SS LOJI AIR HABU (VI)\RAW DATA\IR,97.jpg
49,BATTERY BANK 3,2,15. battery3-overview.docx,63,S/S LOJI AIR HABU,4:21 pm,01/06/2026,21.2,80,OVERVIEW,-,,,,,,,,TAMCO,RMU SF6,12kV,FALCON BETA,,,,,,,,,,,,,,,,,,,,,,,,,,,,,,,{},page49,IR Image Path,C:\Users\aremi\Desktop\REPORT CBM\PO 42289580 - Pahang 11kV SECOND CYCLE AZZAD 2026\RAW MATERIAL\152. SS LOJI AIR HABU (VI)\RAW DATA\IR,98.jpg
50,BATTERY BANK 4,2,16. battery4-overview.docx,64,S/S LOJI AIR HABU,4:21 pm,01/06/2026,21.2,80,OVERVIEW,-,,,,,,,,TAMCO,RMU SF6,12kV,FALCON BETA,,,,,,,,,,,,,,,,,,,,,,,,,,,,,,,{},page50,Visual Image Path,C:\Users\aremi\Desktop\REPORT CBM\PO 42289580 - Pahang 11kV SECOND CYCLE AZZAD 2026\RAW MATERIAL\152. SS LOJI AIR HABU (VI)\RAW DATA\IR,99.jpg
50,BATTERY BANK 4,2,16. battery4-overview.docx,64,S/S LOJI AIR HABU,4:21 pm,01/06/2026,21.2,80,OVERVIEW,-,,,,,,,,TAMCO,RMU SF6,12kV,FALCON BETA,,,,,,,,,,,,,,,,,,,,,,,,,,,,,,,{},page50,IR Image Path,C:\Users\aremi\Desktop\REPORT CBM\PO 42289580 - Pahang 11kV SECOND CYCLE AZZAD 2026\RAW MATERIAL\152. SS LOJI AIR HABU (VI)\RAW DATA\IR,100.jpg
51,,2,,51,S/S LOJI AIR HABU,4:21 pm,01/06/2026,21.2,80,,,,,,,,,,,,,,,,,,,,,,,,,,,,,,,,,,,,,,,,,,,,,,,,
51,,2,,51,S/S LOJI AIR HABU,4:21 pm,01/06/2026,21.2,80,,,,,,,,,,,,,,,,,,,,,,,,,,,,,,,,,,,,,,,,,,,,,,,,
52,,2,,52,S/S LOJI AIR HABU,4:21 pm,01/06/2026,21.2,80,,,,,,,,,,,,,,,,,,,,,,,,,,,,,,,,,,,,,,,,,,,,,,,,
52,,2,,52,S/S LOJI AIR HABU,4:21 pm,01/06/2026,21.2,80,,,,,,,,,,,,,,,,,,,,,,,,,,,,,,,,,,,,,,,,,,,,,,,,
53,,2,,53,S/S LOJI AIR HABU,4:21 pm,01/06/2026,21.2,80,,,,,,,,,,,,,,,,,,,,,,,,,,,,,,,,,,,,,,,,,,,,,,,,
53,,2,,53,S/S LOJI AIR HABU,4:21 pm,01/06/2026,21.2,80,,,,,,,,,,,,,,,,,,,,,,,,,,,,,,,,,,,,,,,,,,,,,,,,
54,,2,,54,S/S LOJI AIR HABU,4:21 pm,01/06/2026,21.2,80,,,,,,,,,,,,,,,,,,,,,,,,,,,,,,,,,,,,,,,,,,,,,,,,
54,,2,,54,S/S LOJI AIR HABU,4:21 pm,01/06/2026,21.2,80,,,,,,,,,,,,,,,,,,,,,,,,,,,,,,,,,,,,,,,,,,,,,,,,
55,,2,,55,S/S LOJI AIR HABU,4:21 pm,01/06/2026,21.2,80,,,,,,,,,,,,,,,,,,,,,,,,,,,,,,,,,,,,,,,,,,,,,,,,
55,,2,,55,S/S LOJI AIR HABU,4:21 pm,01/06/2026,21.2,80,,,,,,,,,,,,,,,,,,,,,,,,,,,,,,,,,,,,,,,,,,,,,,,,
56,,2,,56,S/S LOJI AIR HABU,4:21 pm,01/06/2026,21.2,80,,,,,,,,,,,,,,,,,,,,,,,,,,,,,,,,,,,,,,,,,,,,,,,,
56,,2,,56,S/S LOJI AIR HABU,4:21 pm,01/06/2026,21.2,80,,,,,,,,,,,,,,,,,,,,,,,,,,,,,,,,,,,,,,,,,,,,,,,,
57,,2,,57,S/S LOJI AIR HABU,4:21 pm,01/06/2026,21.2,80,,,,,,,,,,,,,,,,,,,,,,,,,,,,,,,,,,,,,,,,,,,,,,,,
57,,2,,57,S/S LOJI AIR HABU,4:21 pm,01/06/2026,21.2,80,,,,,,,,,,,,,,,,,,,,,,,,,,,,,,,,,,,,,,,,,,,,,,,,
58,,2,,58,S/S LOJI AIR HABU,4:21 pm,01/06/2026,21.2,80,,,,,,,,,,,,,,,,,,,,,,,,,,,,,,,,,,,,,,,,,,,,,,,,
58,,2,,58,S/S LOJI AIR HABU,4:21 pm,01/06/2026,21.2,80,,,,,,,,,,,,,,,,,,,,,,,,,,,,,,,,,,,,,,,,,,,,,,,,
59,,2,,59,S/S LOJI AIR HABU,4:21 pm,01/06/2026,21.2,80,,,,,,,,,,,,,,,,,,,,,,,,,,,,,,,,,,,,,,,,,,,,,,,,
59,,2,,59,S/S LOJI AIR HABU,4:21 pm,01/06/2026,21.2,80,,,,,,,,,,,,,,,,,,,,,,,,,,,,,,,,,,,,,,,,,,,,,,,,
60,,2,,60,S/S LOJI AIR HABU,4:21 pm,01/06/2026,21.2,80,,,,,,,,,,,,,,,,,,,,,,,,,,,,,,,,,,,,,,,,,,,,,,,,
60,,2,,60,S/S LOJI AIR HABU,4:21 pm,01/06/2026,21.2,80,,,,,,,,,,,,,,,,,,,,,,,,,,,,,,,,,,,,,,,,,,,,,,,,
61,,2,,61,S/S LOJI AIR HABU,4:21 pm,01/06/2026,21.2,80,,,,,,,,,,,,,,,,,,,,,,,,,,,,,,,,,,,,,,,,,,,,,,,,
61,,2,,61,S/S LOJI AIR HABU,4:21 pm,01/06/2026,21.2,80,,,,,,,,,,,,,,,,,,,,,,,,,,,,,,,,,,,,,,,,,,,,,,,,
62,,2,,62,S/S LOJI AIR HABU,4:21 pm,01/06/2026,21.2,80,,,,,,,,,,,,,,,,,,,,,,,,,,,,,,,,,,,,,,,,,,,,,,,,
62,,2,,62,S/S LOJI AIR HABU,4:21 pm,01/06/2026,21.2,80,,,,,,,,,,,,,,,,,,,,,,,,,,,,,,,,,,,,,,,,,,,,,,,,
63,,2,,63,S/S LOJI AIR HABU,4:21 pm,01/06/2026,21.2,80,,,,,,,,,,,,,,,,,,,,,,,,,,,,,,,,,,,,,,,,,,,,,,,,
63,,2,,63,S/S LOJI AIR HABU,4:21 pm,01/06/2026,21.2,80,,,,,,,,,,,,,,,,,,,,,,,,,,,,,,,,,,,,,,,,,,,,,,,,
64,,2,,64,S/S LOJI AIR HABU,4:21 pm,01/06/2026,21.2,80,,,,,,,,,,,,,,,,,,,,,,,,,,,,,,,,,,,,,,,,,,,,,,,,
64,,2,,64,S/S LOJI AIR HABU,4:21 pm,01/06/2026,21.2,80,,,,,,,,,,,,,,,,,,,,,,,,,,,,,,,,,,,,,,,,,,,,,,,,
65,,3,,65,S/S LOJI AIR HABU,4:21 pm,01/06/2026,21.2,80,,,,,,,,,,,,,,,,,,,,,,,,,,,,,,,,,,,,,,,,,,,,,,,,
65,,3,,65,S/S LOJI AIR HABU,4:21 pm,01/06/2026,21.2,80,,,,,,,,,,,,,,,,,,,,,,,,,,,,,,,,,,,,,,,,,,,,,,,,
66,,3,,66,S/S LOJI AIR HABU,4:21 pm,01/06/2026,21.2,80,,,,,,,,,,,,,,,,,,,,,,,,,,,,,,,,,,,,,,,,,,,,,,,,
66,,3,,66,S/S LOJI AIR HABU,4:21 pm,01/06/2026,21.2,80,,,,,,,,,,,,,,,,,,,,,,,,,,,,,,,,,,,,,,,,,,,,,,,,
67,,3,,67,S/S LOJI AIR HABU,4:21 pm,01/06/2026,21.2,80,,,,,,,,,,,,,,,,,,,,,,,,,,,,,,,,,,,,,,,,,,,,,,,,
67,,3,,67,S/S LOJI AIR HABU,4:21 pm,01/06/2026,21.2,80,,,,,,,,,,,,,,,,,,,,,,,,,,,,,,,,,,,,,,,,,,,,,,,,
68,,3,,68,S/S LOJI AIR HABU,4:21 pm,01/06/2026,21.2,80,,,,,,,,,,,,,,,,,,,,,,,,,,,,,,,,,,,,,,,,,,,,,,,,
68,,3,,68,S/S LOJI AIR HABU,4:21 pm,01/06/2026,21.2,80,,,,,,,,,,,,,,,,,,,,,,,,,,,,,,,,,,,,,,,,,,,,,,,,
69,,3,,69,S/S LOJI AIR HABU,4:21 pm,01/06/2026,21.2,80,,,,,,,,,,,,,,,,,,,,,,,,,,,,,,,,,,,,,,,,,,,,,,,,
69,,3,,69,S/S LOJI AIR HABU,4:21 pm,01/06/2026,21.2,80,,,,,,,,,,,,,,,,,,,,,,,,,,,,,,,,,,,,,,,,,,,,,,,,
70,,3,,70,S/S LOJI AIR HABU,4:21 pm,01/06/2026,21.2,80,,,,,,,,,,,,,,,,,,,,,,,,,,,,,,,,,,,,,,,,,,,,,,,,
70,,3,,70,S/S LOJI AIR HABU,4:21 pm,01/06/2026,21.2,80,,,,,,,,,,,,,,,,,,,,,,,,,,,,,,,,,,,,,,,,,,,,,,,,
71,,3,,71,S/S LOJI AIR HABU,4:21 pm,01/06/2026,21.2,80,,,,,,,,,,,,,,,,,,,,,,,,,,,,,,,,,,,,,,,,,,,,,,,,
71,,3,,71,S/S LOJI AIR HABU,4:21 pm,01/06/2026,21.2,80,,,,,,,,,,,,,,,,,,,,,,,,,,,,,,,,,,,,,,,,,,,,,,,,
72,,3,,72,S/S LOJI AIR HABU,4:21 pm,01/06/2026,21.2,80,,,,,,,,,,,,,,,,,,,,,,,,,,,,,,,,,,,,,,,,,,,,,,,,
72,,3,,72,S/S LOJI AIR HABU,4:21 pm,01/06/2026,21.2,80,,,,,,,,,,,,,,,,,,,,,,,,,,,,,,,,,,,,,,,,,,,,,,,,
73,,3,,73,S/S LOJI AIR HABU,4:21 pm,01/06/2026,21.2,80,,,,,,,,,,,,,,,,,,,,,,,,,,,,,,,,,,,,,,,,,,,,,,,,
73,,3,,73,S/S LOJI AIR HABU,4:21 pm,01/06/2026,21.2,80,,,,,,,,,,,,,,,,,,,,,,,,,,,,,,,,,,,,,,,,,,,,,,,,
74,,3,,74,S/S LOJI AIR HABU,4:21 pm,01/06/2026,21.2,80,,,,,,,,,,,,,,,,,,,,,,,,,,,,,,,,,,,,,,,,,,,,,,,,
74,,3,,74,S/S LOJI AIR HABU,4:21 pm,01/06/2026,21.2,80,,,,,,,,,,,,,,,,,,,,,,,,,,,,,,,,,,,,,,,,,,,,,,,,
75,,3,,75,S/S LOJI AIR HABU,4:21 pm,01/06/2026,21.2,80,,,,,,,,,,,,,,,,,,,,,,,,,,,,,,,,,,,,,,,,,,,,,,,,
75,,3,,75,S/S LOJI AIR HABU,4:21 pm,01/06/2026,21.2,80,,,,,,,,,,,,,,,,,,,,,,,,,,,,,,,,,,,,,,,,,,,,,,,,
76,,3,,76,S/S LOJI AIR HABU,4:21 pm,01/06/2026,21.2,80,,,,,,,,,,,,,,,,,,,,,,,,,,,,,,,,,,,,,,,,,,,,,,,,
76,,3,,76,S/S LOJI AIR HABU,4:21 pm,01/06/2026,21.2,80,,,,,,,,,,,,,,,,,,,,,,,,,,,,,,,,,,,,,,,,,,,,,,,,
77,,3,,77,S/S LOJI AIR HABU,4:21 pm,01/06/2026,21.2,80,,,,,,,,,,,,,,,,,,,,,,,,,,,,,,,,,,,,,,,,,,,,,,,,
77,,3,,77,S/S LOJI AIR HABU,4:21 pm,01/06/2026,21.2,80,,,,,,,,,,,,,,,,,,,,,,,,,,,,,,,,,,,,,,,,,,,,,,,,
78,,3,,78,S/S LOJI AIR HABU,4:21 pm,01/06/2026,21.2,80,,,,,,,,,,,,,,,,,,,,,,,,,,,,,,,,,,,,,,,,,,,,,,,,
78,,3,,78,S/S LOJI AIR HABU,4:21 pm,01/06/2026,21.2,80,,,,,,,,,,,,,,,,,,,,,,,,,,,,,,,,,,,,,,,,,,,,,,,,
79,,3,,79,S/S LOJI AIR HABU,4:21 pm,01/06/2026,21.2,80,,,,,,,,,,,,,,,,,,,,,,,,,,,,,,,,,,,,,,,,,,,,,,,,
79,,3,,79,S/S LOJI AIR HABU,4:21 pm,01/06/2026,21.2,80,,,,,,,,,,,,,,,,,,,,,,,,,,,,,,,,,,,,,,,,,,,,,,,,
80,,3,,80,S/S LOJI AIR HABU,4:21 pm,01/06/2026,21.2,80,,,,,,,,,,,,,,,,,,,,,,,,,,,,,,,,,,,,,,,,,,,,,,,,
80,,3,,80,S/S LOJI AIR HABU,4:21 pm,01/06/2026,21.2,80,,,,,,,,,,,,,,,,,,,,,,,,,,,,,,,,,,,,,,,,,,,,,,,,
81,,3,,81,S/S LOJI AIR HABU,4:21 pm,01/06/2026,21.2,80,,,,,,,,,,,,,,,,,,,,,,,,,,,,,,,,,,,,,,,,,,,,,,,,
81,,3,,81,S/S LOJI AIR HABU,4:21 pm,01/06/2026,21.2,80,,,,,,,,,,,,,,,,,,,,,,,,,,,,,,,,,,,,,,,,,,,,,,,,
82,,3,,82,S/S LOJI AIR HABU,4:21 pm,01/06/2026,21.2,80,,,,,,,,,,,,,,,,,,,,,,,,,,,,,,,,,,,,,,,,,,,,,,,,
82,,3,,82,S/S LOJI AIR HABU,4:21 pm,01/06/2026,21.2,80,,,,,,,,,,,,,,,,,,,,,,,,,,,,,,,,,,,,,,,,,,,,,,,,
83,,3,,83,S/S LOJI AIR HABU,4:21 pm,01/06/2026,21.2,80,,,,,,,,,,,,,,,,,,,,,,,,,,,,,,,,,,,,,,,,,,,,,,,,
83,,3,,83,S/S LOJI AIR HABU,4:21 pm,01/06/2026,21.2,80,,,,,,,,,,,,,,,,,,,,,,,,,,,,,,,,,,,,,,,,,,,,,,,,
84,,3,,84,S/S LOJI AIR HABU,4:21 pm,01/06/2026,21.2,80,,,,,,,,,,,,,,,,,,,,,,,,,,,,,,,,,,,,,,,,,,,,,,,,
84,,3,,84,S/S LOJI AIR HABU,4:21 pm,01/06/2026,21.2,80,,,,,,,,,,,,,,,,,,,,,,,,,,,,,,,,,,,,,,,,,,,,,,,,
85,,3,,85,S/S LOJI AIR HABU,4:21 pm,01/06/2026,21.2,80,,,,,,,,,,,,,,,,,,,,,,,,,,,,,,,,,,,,,,,,,,,,,,,,
85,,3,,85,S/S LOJI AIR HABU,4:21 pm,01/06/2026,21.2,80,,,,,,,,,,,,,,,,,,,,,,,,,,,,,,,,,,,,,,,,,,,,,,,,
86,,3,,86,S/S LOJI AIR HABU,4:21 pm,01/06/2026,21.2,80,,,,,,,,,,,,,,,,,,,,,,,,,,,,,,,,,,,,,,,,,,,,,,,,
86,,3,,86,S/S LOJI AIR HABU,4:21 pm,01/06/2026,21.2,80,,,,,,,,,,,,,,,,,,,,,,,,,,,,,,,,,,,,,,,,,,,,,,,,
87,,3,,87,S/S LOJI AIR HABU,4:21 pm,01/06/2026,21.2,80,,,,,,,,,,,,,,,,,,,,,,,,,,,,,,,,,,,,,,,,,,,,,,,,
87,,3,,87,S/S LOJI AIR HABU,4:21 pm,01/06/2026,21.2,80,,,,,,,,,,,,,,,,,,,,,,,,,,,,,,,,,,,,,,,,,,,,,,,,
88,,3,,88,S/S LOJI AIR HABU,4:21 pm,01/06/2026,21.2,80,,,,,,,,,,,,,,,,,,,,,,,,,,,,,,,,,,,,,,,,,,,,,,,,
88,,3,,88,S/S LOJI AIR HABU,4:21 pm,01/06/2026,21.2,80,,,,,,,,,,,,,,,,,,,,,,,,,,,,,,,,,,,,,,,,,,,,,,,,
89,,3,,89,S/S LOJI AIR HABU,4:21 pm,01/06/2026,21.2,80,,,,,,,,,,,,,,,,,,,,,,,,,,,,,,,,,,,,,,,,,,,,,,,,
89,,3,,89,S/S LOJI AIR HABU,4:21 pm,01/06/2026,21.2,80,,,,,,,,,,,,,,,,,,,,,,,,,,,,,,,,,,,,,,,,,,,,,,,,
90,,3,,90,S/S LOJI AIR HABU,4:21 pm,01/06/2026,21.2,80,,,,,,,,,,,,,,,,,,,,,,,,,,,,,,,,,,,,,,,,,,,,,,,,
90,,3,,90,S/S LOJI AIR HABU,4:21 pm,01/06/2026,21.2,80,,,,,,,,,,,,,,,,,,,,,,,,,,,,,,,,,,,,,,,,,,,,,,,,
91,,3,,91,S/S LOJI AIR HABU,4:21 pm,01/06/2026,21.2,80,,,,,,,,,,,,,,,,,,,,,,,,,,,,,,,,,,,,,,,,,,,,,,,,
91,,3,,91,S/S LOJI AIR HABU,4:21 pm,01/06/2026,21.2,80,,,,,,,,,,,,,,,,,,,,,,,,,,,,,,,,,,,,,,,,,,,,,,,,
92,,3,,92,S/S LOJI AIR HABU,4:21 pm,01/06/2026,21.2,80,,,,,,,,,,,,,,,,,,,,,,,,,,,,,,,,,,,,,,,,,,,,,,,,
92,,3,,92,S/S LOJI AIR HABU,4:21 pm,01/06/2026,21.2,80,,,,,,,,,,,,,,,,,,,,,,,,,,,,,,,,,,,,,,,,,,,,,,,,
93,,4,,93,S/S LOJI AIR HABU,4:21 pm,01/06/2026,21.2,80,,,,,,,,,,,,,,,,,,,,,,,,,,,,,,,,,,,,,,,,,,,,,,,,
93,,4,,93,S/S LOJI AIR HABU,4:21 pm,01/06/2026,21.2,80,,,,,,,,,,,,,,,,,,,,,,,,,,,,,,,,,,,,,,,,,,,,,,,,
94,,4,,94,S/S LOJI AIR HABU,4:21 pm,01/06/2026,21.2,80,,,,,,,,,,,,,,,,,,,,,,,,,,,,,,,,,,,,,,,,,,,,,,,,
94,,4,,94,S/S LOJI AIR HABU,4:21 pm,01/06/2026,21.2,80,,,,,,,,,,,,,,,,,,,,,,,,,,,,,,,,,,,,,,,,,,,,,,,,
95,,4,,95,S/S LOJI AIR HABU,4:21 pm,01/06/2026,21.2,80,,,,,,,,,,,,,,,,,,,,,,,,,,,,,,,,,,,,,,,,,,,,,,,,
95,,4,,95,S/S LOJI AIR HABU,4:21 pm,01/06/2026,21.2,80,,,,,,,,,,,,,,,,,,,,,,,,,,,,,,,,,,,,,,,,,,,,,,,,
96,,4,,96,S/S LOJI AIR HABU,4:21 pm,01/06/2026,21.2,80,,,,,,,,,,,,,,,,,,,,,,,,,,,,,,,,,,,,,,,,,,,,,,,,
96,,4,,96,S/S LOJI AIR HABU,4:21 pm,01/06/2026,21.2,80,,,,,,,,,,,,,,,,,,,,,,,,,,,,,,,,,,,,,,,,,,,,,,,,
97,,4,,97,S/S LOJI AIR HABU,4:21 pm,01/06/2026,21.2,80,,,,,,,,,,,,,,,,,,,,,,,,,,,,,,,,,,,,,,,,,,,,,,,,
97,,4,,97,S/S LOJI AIR HABU,4:21 pm,01/06/2026,21.2,80,,,,,,,,,,,,,,,,,,,,,,,,,,,,,,,,,,,,,,,,,,,,,,,,
98,,4,,98,S/S LOJI AIR HABU,4:21 pm,01/06/2026,21.2,80,,,,,,,,,,,,,,,,,,,,,,,,,,,,,,,,,,,,,,,,,,,,,,,,
98,,4,,98,S/S LOJI AIR HABU,4:21 pm,01/06/2026,21.2,80,,,,,,,,,,,,,,,,,,,,,,,,,,,,,,,,,,,,,,,,,,,,,,,,
99,,4,,99,S/S LOJI AIR HABU,4:21 pm,01/06/2026,21.2,80,,,,,,,,,,,,,,,,,,,,,,,,,,,,,,,,,,,,,,,,,,,,,,,,
99,,4,,99,S/S LOJI AIR HABU,4:21 pm,01/06/2026,21.2,80,,,,,,,,,,,,,,,,,,,,,,,,,,,,,,,,,,,,,,,,,,,,,,,,
100,,4,,100,S/S LOJI AIR HABU,4:21 pm,01/06/2026,21.2,80,,,,,,,,,,,,,,,,,,,,,,,,,,,,,,,,,,,,,,,,,,,,,,,,
100,,4,,100,S/S LOJI AIR HABU,4:21 pm,01/06/2026,21.2,80,,,,,,,,,,,,,,,,,,,,,,,,,,,,,,,,,,,,,,,,,,,,,,,,
101,,4,,101,S/S LOJI AIR HABU,4:21 pm,01/06/2026,21.2,80,,,,,,,,,,,,,,,,,,,,,,,,,,,,,,,,,,,,,,,,,,,,,,,,
101,,4,,101,S/S LOJI AIR HABU,4:21 pm,01/06/2026,21.2,80,,,,,,,,,,,,,,,,,,,,,,,,,,,,,,,,,,,,,,,,,,,,,,,,
102,,4,,102,S/S LOJI AIR HABU,4:21 pm,01/06/2026,21.2,80,,,,,,,,,,,,,,,,,,,,,,,,,,,,,,,,,,,,,,,,,,,,,,,,
102,,4,,102,S/S LOJI AIR HABU,4:21 pm,01/06/2026,21.2,80,,,,,,,,,,,,,,,,,,,,,,,,,,,,,,,,,,,,,,,,,,,,,,,,
103,,4,,103,S/S LOJI AIR HABU,4:21 pm,01/06/2026,21.2,80,,,,,,,,,,,,,,,,,,,,,,,,,,,,,,,,,,,,,,,,,,,,,,,,
103,,4,,103,S/S LOJI AIR HABU,4:21 pm,01/06/2026,21.2,80,,,,,,,,,,,,,,,,,,,,,,,,,,,,,,,,,,,,,,,,,,,,,,,,
104,,4,,104,S/S LOJI AIR HABU,4:21 pm,01/06/2026,21.2,80,,,,,,,,,,,,,,,,,,,,,,,,,,,,,,,,,,,,,,,,,,,,,,,,
104,,4,,104,S/S LOJI AIR HABU,4:21 pm,01/06/2026,21.2,80,,,,,,,,,,,,,,,,,,,,,,,,,,,,,,,,,,,,,,,,,,,,,,,,
105,,4,,105,S/S LOJI AIR HABU,4:21 pm,01/06/2026,21.2,80,,,,,,,,,,,,,,,,,,,,,,,,,,,,,,,,,,,,,,,,,,,,,,,,
105,,4,,105,S/S LOJI AIR HABU,4:21 pm,01/06/2026,21.2,80,,,,,,,,,,,,,,,,,,,,,,,,,,,,,,,,,,,,,,,,,,,,,,,,
106,,4,,106,S/S LOJI AIR HABU,4:21 pm,01/06/2026,21.2,80,,,,,,,,,,,,,,,,,,,,,,,,,,,,,,,,,,,,,,,,,,,,,,,,
106,,4,,106,S/S LOJI AIR HABU,4:21 pm,01/06/2026,21.2,80,,,,,,,,,,,,,,,,,,,,,,,,,,,,,,,,,,,,,,,,,,,,,,,,
107,,4,,107,S/S LOJI AIR HABU,4:21 pm,01/06/2026,21.2,80,,,,,,,,,,,,,,,,,,,,,,,,,,,,,,,,,,,,,,,,,,,,,,,,
107,,4,,107,S/S LOJI AIR HABU,4:21 pm,01/06/2026,21.2,80,,,,,,,,,,,,,,,,,,,,,,,,,,,,,,,,,,,,,,,,,,,,,,,,
108,,4,,108,S/S LOJI AIR HABU,4:21 pm,01/06/2026,21.2,80,,,,,,,,,,,,,,,,,,,,,,,,,,,,,,,,,,,,,,,,,,,,,,,,
108,,4,,108,S/S LOJI AIR HABU,4:21 pm,01/06/2026,21.2,80,,,,,,,,,,,,,,,,,,,,,,,,,,,,,,,,,,,,,,,,,,,,,,,,
109,,4,,109,S/S LOJI AIR HABU,4:21 pm,01/06/2026,21.2,80,,,,,,,,,,,,,,,,,,,,,,,,,,,,,,,,,,,,,,,,,,,,,,,,
109,,4,,109,S/S LOJI AIR HABU,4:21 pm,01/06/2026,21.2,80,,,,,,,,,,,,,,,,,,,,,,,,,,,,,,,,,,,,,,,,,,,,,,,,
110,,4,,110,S/S LOJI AIR HABU,4:21 pm,01/06/2026,21.2,80,,,,,,,,,,,,,,,,,,,,,,,,,,,,,,,,,,,,,,,,,,,,,,,,
110,,4,,110,S/S LOJI AIR HABU,4:21 pm,01/06/2026,21.2,80,,,,,,,,,,,,,,,,,,,,,,,,,,,,,,,,,,,,,,,,,,,,,,,,
111,,4,,111,S/S LOJI AIR HABU,4:21 pm,01/06/2026,21.2,80,,,,,,,,,,,,,,,,,,,,,,,,,,,,,,,,,,,,,,,,,,,,,,,,
111,,4,,111,S/S LOJI AIR HABU,4:21 pm,01/06/2026,21.2,80,,,,,,,,,,,,,,,,,,,,,,,,,,,,,,,,,,,,,,,,,,,,,,,,
112,,4,,112,S/S LOJI AIR HABU,4:21 pm,01/06/2026,21.2,80,,,,,,,,,,,,,,,,,,,,,,,,,,,,,,,,,,,,,,,,,,,,,,,,
112,,4,,112,S/S LOJI AIR HABU,4:21 pm,01/06/2026,21.2,80,,,,,,,,,,,,,,,,,,,,,,,,,,,,,,,,,,,,,,,,,,,,,,,,
113,,4,,113,S/S LOJI AIR HABU,4:21 pm,01/06/2026,21.2,80,,,,,,,,,,,,,,,,,,,,,,,,,,,,,,,,,,,,,,,,,,,,,,,,
113,,4,,113,S/S LOJI AIR HABU,4:21 pm,01/06/2026,21.2,80,,,,,,,,,,,,,,,,,,,,,,,,,,,,,,,,,,,,,,,,,,,,,,,,
114,,4,,114,S/S LOJI AIR HABU,4:21 pm,01/06/2026,21.2,80,,,,,,,,,,,,,,,,,,,,,,,,,,,,,,,,,,,,,,,,,,,,,,,,
114,,4,,114,S/S LOJI AIR HABU,4:21 pm,01/06/2026,21.2,80,,,,,,,,,,,,,,,,,,,,,,,,,,,,,,,,,,,,,,,,,,,,,,,,
115,,4,,115,S/S LOJI AIR HABU,4:21 pm,01/06/2026,21.2,80,,,,,,,,,,,,,,,,,,,,,,,,,,,,,,,,,,,,,,,,,,,,,,,,
115,,4,,115,S/S LOJI AIR HABU,4:21 pm,01/06/2026,21.2,80,,,,,,,,,,,,,,,,,,,,,,,,,,,,,,,,,,,,,,,,,,,,,,,,
116,,4,,116,S/S LOJI AIR HABU,4:21 pm,01/06/2026,21.2,80,,,,,,,,,,,,,,,,,,,,,,,,,,,,,,,,,,,,,,,,,,,,,,,,
116,,4,,116,S/S LOJI AIR HABU,4:21 pm,01/06/2026,21.2,80,,,,,,,,,,,,,,,,,,,,,,,,,,,,,,,,,,,,,,,,,,,,,,,,
117,,4,,117,S/S LOJI AIR HABU,4:21 pm,01/06/2026,21.2,80,,,,,,,,,,,,,,,,,,,,,,,,,,,,,,,,,,,,,,,,,,,,,,,,
117,,4,,117,S/S LOJI AIR HABU,4:21 pm,01/06/2026,21.2,80,,,,,,,,,,,,,,,,,,,,,,,,,,,,,,,,,,,,,,,,,,,,,,,,
118,,4,,118,S/S LOJI AIR HABU,4:21 pm,01/06/2026,21.2,80,,,,,,,,,,,,,,,,,,,,,,,,,,,,,,,,,,,,,,,,,,,,,,,,
118,,4,,118,S/S LOJI AIR HABU,4:21 pm,01/06/2026,21.2,80,,,,,,,,,,,,,,,,,,,,,,,,,,,,,,,,,,,,,,,,,,,,,,,,
119,,4,,119,S/S LOJI AIR HABU,4:21 pm,01/06/2026,21.2,80,,,,,,,,,,,,,,,,,,,,,,,,,,,,,,,,,,,,,,,,,,,,,,,,
119,,4,,119,S/S LOJI AIR HABU,4:21 pm,01/06/2026,21.2,80,,,,,,,,,,,,,,,,,,,,,,,,,,,,,,,,,,,,,,,,,,,,,,,,
120,,4,,120,S/S LOJI AIR HABU,4:21 pm,01/06/2026,21.2,80,,,,,,,,,,,,,,,,,,,,,,,,,,,,,,,,,,,,,,,,,,,,,,,,
120,,4,,120,S/S LOJI AIR HABU,4:21 pm,01/06/2026,21.2,80,,,,,,,,,,,,,,,,,,,,,,,,,,,,,,,,,,,,,,,,,,,,,,,,
121,,4,,121,S/S LOJI AIR HABU,4:21 pm,01/06/2026,21.2,80,,,,,,,,,,,,,,,,,,,,,,,,,,,,,,,,,,,,,,,,,,,,,,,,
121,,4,,121,S/S LOJI AIR HABU,4:21 pm,01/06/2026,21.2,80,,,,,,,,,,,,,,,,,,,,,,,,,,,,,,,,,,,,,,,,,,,,,,,,
122,,4,,122,S/S LOJI AIR HABU,4:21 pm,01/06/2026,21.2,80,,,,,,,,,,,,,,,,,,,,,,,,,,,,,,,,,,,,,,,,,,,,,,,,
122,,4,,122,S/S LOJI AIR HABU,4:21 pm,01/06/2026,21.2,80,,,,,,,,,,,,,,,,,,,,,,,,,,,,,,,,,,,,,,,,,,,,,,,,
123,,4,,123,S/S LOJI AIR HABU,4:21 pm,01/06/2026,21.2,80,,,,,,,,,,,,,,,,,,,,,,,,,,,,,,,,,,,,,,,,,,,,,,,,
123,,4,,123,S/S LOJI AIR HABU,4:21 pm,01/06/2026,21.2,80,,,,,,,,,,,,,,,,,,,,,,,,,,,,,,,,,,,,,,,,,,,,,,,,
124,,4,,124,S/S LOJI AIR HABU,4:21 pm,01/06/2026,21.2,80,,,,,,,,,,,,,,,,,,,,,,,,,,,,,,,,,,,,,,,,,,,,,,,,
124,,4,,124,S/S LOJI AIR HABU,4:21 pm,01/06/2026,21.2,80,,,,,,,,,,,,,,,,,,,,,,,,,,,,,,,,,,,,,,,,,,,,,,,,
125,,4,,125,S/S LOJI AIR HABU,4:21 pm,01/06/2026,21.2,80,,,,,,,,,,,,,,,,,,,,,,,,,,,,,,,,,,,,,,,,,,,,,,,,
125,,4,,125,S/S LOJI AIR HABU,4:21 pm,01/06/2026,21.2,80,,,,,,,,,,,,,,,,,,,,,,,,,,,,,,,,,,,,,,,,,,,,,,,,
126,,4,,126,S/S LOJI AIR HABU,4:21 pm,01/06/2026,21.2,80,,,,,,,,,,,,,,,,,,,,,,,,,,,,,,,,,,,,,,,,,,,,,,,,
126,,4,,126,S/S LOJI AIR HABU,4:21 pm,01/06/2026,21.2,80,,,,,,,,,,,,,,,,,,,,,,,,,,,,,,,,,,,,,,,,,,,,,,,,
127,,4,,127,S/S LOJI AIR HABU,4:21 pm,01/06/2026,21.2,80,,,,,,,,,,,,,,,,,,,,,,,,,,,,,,,,,,,,,,,,,,,,,,,,
127,,4,,127,S/S LOJI AIR HABU,4:21 pm,01/06/2026,21.2,80,,,,,,,,,,,,,,,,,,,,,,,,,,,,,,,,,,,,,,,,,,,,,,,,
128,,4,,128,S/S LOJI AIR HABU,4:21 pm,01/06/2026,21.2,80,,,,,,,,,,,,,,,,,,,,,,,,,,,,,,,,,,,,,,,,,,,,,,,,
128,,4,,128,S/S LOJI AIR HABU,4:21 pm,01/06/2026,21.2,80,,,,,,,,,,,,,,,,,,,,,,,,,,,,,,,,,,,,,,,,,,,,,,,,
129,,4,,129,S/S LOJI AIR HABU,4:21 pm,01/06/2026,21.2,80,,,,,,,,,,,,,,,,,,,,,,,,,,,,,,,,,,,,,,,,,,,,,,,,
129,,4,,129,S/S LOJI AIR HABU,4:21 pm,01/06/2026,21.2,80,,,,,,,,,,,,,,,,,,,,,,,,,,,,,,,,,,,,,,,,,,,,,,,,
130,,4,,130,S/S LOJI AIR HABU,4:21 pm,01/06/2026,21.2,80,,,,,,,,,,,,,,,,,,,,,,,,,,,,,,,,,,,,,,,,,,,,,,,,
130,,4,,130,S/S LOJI AIR HABU,4:21 pm,01/06/2026,21.2,80,,,,,,,,,,,,,,,,,,,,,,,,,,,,,,,,,,,,,,,,,,,,,,,,
131,,4,,131,S/S LOJI AIR HABU,4:21 pm,01/06/2026,21.2,80,,,,,,,,,,,,,,,,,,,,,,,,,,,,,,,,,,,,,,,,,,,,,,,,
131,,4,,131,S/S LOJI AIR HABU,4:21 pm,01/06/2026,21.2,80,,,,,,,,,,,,,,,,,,,,,,,,,,,,,,,,,,,,,,,,,,,,,,,,
132,,4,,132,S/S LOJI AIR HABU,4:21 pm,01/06/2026,21.2,80,,,,,,,,,,,,,,,,,,,,,,,,,,,,,,,,,,,,,,,,,,,,,,,,
132,,4,,132,S/S LOJI AIR HABU,4:21 pm,01/06/2026,21.2,80,,,,,,,,,,,,,,,,,,,,,,,,,,,,,,,,,,,,,,,,,,,,,,,,
133,,5,,133,S/S LOJI AIR HABU,4:21 pm,01/06/2026,21.2,80,,,,,,,,,,,,,,,,,,,,,,,,,,,,,,,,,,,,,,,,,,,,,,,,
133,,5,,133,S/S LOJI AIR HABU,4:21 pm,01/06/2026,21.2,80,,,,,,,,,,,,,,,,,,,,,,,,,,,,,,,,,,,,,,,,,,,,,,,,
134,,5,,134,S/S LOJI AIR HABU,4:21 pm,01/06/2026,21.2,80,,,,,,,,,,,,,,,,,,,,,,,,,,,,,,,,,,,,,,,,,,,,,,,,
134,,5,,134,S/S LOJI AIR HABU,4:21 pm,01/06/2026,21.2,80,,,,,,,,,,,,,,,,,,,,,,,,,,,,,,,,,,,,,,,,,,,,,,,,
135,,5,,135,S/S LOJI AIR HABU,4:21 pm,01/06/2026,21.2,80,,,,,,,,,,,,,,,,,,,,,,,,,,,,,,,,,,,,,,,,,,,,,,,,
135,,5,,135,S/S LOJI AIR HABU,4:21 pm,01/06/2026,21.2,80,,,,,,,,,,,,,,,,,,,,,,,,,,,,,,,,,,,,,,,,,,,,,,,,
136,,5,,136,S/S LOJI AIR HABU,4:21 pm,01/06/2026,21.2,80,,,,,,,,,,,,,,,,,,,,,,,,,,,,,,,,,,,,,,,,,,,,,,,,
136,,5,,136,S/S LOJI AIR HABU,4:21 pm,01/06/2026,21.2,80,,,,,,,,,,,,,,,,,,,,,,,,,,,,,,,,,,,,,,,,,,,,,,,,
137,,5,,137,S/S LOJI AIR HABU,4:21 pm,01/06/2026,21.2,80,,,,,,,,,,,,,,,,,,,,,,,,,,,,,,,,,,,,,,,,,,,,,,,,
137,,5,,137,S/S LOJI AIR HABU,4:21 pm,01/06/2026,21.2,80,,,,,,,,,,,,,,,,,,,,,,,,,,,,,,,,,,,,,,,,,,,,,,,,
138,,5,,138,S/S LOJI AIR HABU,4:21 pm,01/06/2026,21.2,80,,,,,,,,,,,,,,,,,,,,,,,,,,,,,,,,,,,,,,,,,,,,,,,,
138,,5,,138,S/S LOJI AIR HABU,4:21 pm,01/06/2026,21.2,80,,,,,,,,,,,,,,,,,,,,,,,,,,,,,,,,,,,,,,,,,,,,,,,,
139,,5,,139,S/S LOJI AIR HABU,4:21 pm,01/06/2026,21.2,80,,,,,,,,,,,,,,,,,,,,,,,,,,,,,,,,,,,,,,,,,,,,,,,,
139,,5,,139,S/S LOJI AIR HABU,4:21 pm,01/06/2026,21.2,80,,,,,,,,,,,,,,,,,,,,,,,,,,,,,,,,,,,,,,,,,,,,,,,,
140,,5,,140,S/S LOJI AIR HABU,4:21 pm,01/06/2026,21.2,80,,,,,,,,,,,,,,,,,,,,,,,,,,,,,,,,,,,,,,,,,,,,,,,,
140,,5,,140,S/S LOJI AIR HABU,4:21 pm,01/06/2026,21.2,80,,,,,,,,,,,,,,,,,,,,,,,,,,,,,,,,,,,,,,,,,,,,,,,,
141,,5,,141,S/S LOJI AIR HABU,4:21 pm,01/06/2026,21.2,80,,,,,,,,,,,,,,,,,,,,,,,,,,,,,,,,,,,,,,,,,,,,,,,,
141,,5,,141,S/S LOJI AIR HABU,4:21 pm,01/06/2026,21.2,80,,,,,,,,,,,,,,,,,,,,,,,,,,,,,,,,,,,,,,,,,,,,,,,,
142,,5,,142,S/S LOJI AIR HABU,4:21 pm,01/06/2026,21.2,80,,,,,,,,,,,,,,,,,,,,,,,,,,,,,,,,,,,,,,,,,,,,,,,,
142,,5,,142,S/S LOJI AIR HABU,4:21 pm,01/06/2026,21.2,80,,,,,,,,,,,,,,,,,,,,,,,,,,,,,,,,,,,,,,,,,,,,,,,,
143,,5,,143,S/S LOJI AIR HABU,4:21 pm,01/06/2026,21.2,80,,,,,,,,,,,,,,,,,,,,,,,,,,,,,,,,,,,,,,,,,,,,,,,,
143,,5,,143,S/S LOJI AIR HABU,4:21 pm,01/06/2026,21.2,80,,,,,,,,,,,,,,,,,,,,,,,,,,,,,,,,,,,,,,,,,,,,,,,,
144,,5,,144,S/S LOJI AIR HABU,4:21 pm,01/06/2026,21.2,80,,,,,,,,,,,,,,,,,,,,,,,,,,,,,,,,,,,,,,,,,,,,,,,,
144,,5,,144,S/S LOJI AIR HABU,4:21 pm,01/06/2026,21.2,80,,,,,,,,,,,,,,,,,,,,,,,,,,,,,,,,,,,,,,,,,,,,,,,,
145,,5,,145,S/S LOJI AIR HABU,4:21 pm,01/06/2026,21.2,80,,,,,,,,,,,,,,,,,,,,,,,,,,,,,,,,,,,,,,,,,,,,,,,,
145,,5,,145,S/S LOJI AIR HABU,4:21 pm,01/06/2026,21.2,80,,,,,,,,,,,,,,,,,,,,,,,,,,,,,,,,,,,,,,,,,,,,,,,,
146,,5,,146,S/S LOJI AIR HABU,4:21 pm,01/06/2026,21.2,80,,,,,,,,,,,,,,,,,,,,,,,,,,,,,,,,,,,,,,,,,,,,,,,,
146,,5,,146,S/S LOJI AIR HABU,4:21 pm,01/06/2026,21.2,80,,,,,,,,,,,,,,,,,,,,,,,,,,,,,,,,,,,,,,,,,,,,,,,,
147,,5,,147,S/S LOJI AIR HABU,4:21 pm,01/06/2026,21.2,80,,,,,,,,,,,,,,,,,,,,,,,,,,,,,,,,,,,,,,,,,,,,,,,,
147,,5,,147,S/S LOJI AIR HABU,4:21 pm,01/06/2026,21.2,80,,,,,,,,,,,,,,,,,,,,,,,,,,,,,,,,,,,,,,,,,,,,,,,,
148,,5,,148,S/S LOJI AIR HABU,4:21 pm,01/06/2026,21.2,80,,,,,,,,,,,,,,,,,,,,,,,,,,,,,,,,,,,,,,,,,,,,,,,,
148,,5,,148,S/S LOJI AIR HABU,4:21 pm,01/06/2026,21.2,80,,,,,,,,,,,,,,,,,,,,,,,,,,,,,,,,,,,,,,,,,,,,,,,,
149,,5,,149,S/S LOJI AIR HABU,4:21 pm,01/06/2026,21.2,80,,,,,,,,,,,,,,,,,,,,,,,,,,,,,,,,,,,,,,,,,,,,,,,,
149,,5,,149,S/S LOJI AIR HABU,4:21 pm,01/06/2026,21.2,80,,,,,,,,,,,,,,,,,,,,,,,,,,,,,,,,,,,,,,,,,,,,,,,,
150,,5,,150,S/S LOJI AIR HABU,4:21 pm,01/06/2026,21.2,80,,,,,,,,,,,,,,,,,,,,,,,,,,,,,,,,,,,,,,,,,,,,,,,,
150,,5,,150,S/S LOJI AIR HABU,4:21 pm,01/06/2026,21.2,80,,,,,,,,,,,,,,,,,,,,,,,,,,,,,,,,,,,,,,,,,,,,,,,,
151,,5,,151,S/S LOJI AIR HABU,4:21 pm,01/06/2026,21.2,80,,,,,,,,,,,,,,,,,,,,,,,,,,,,,,,,,,,,,,,,,,,,,,,,
151,,5,,151,S/S LOJI AIR HABU,4:21 pm,01/06/2026,21.2,80,,,,,,,,,,,,,,,,,,,,,,,,,,,,,,,,,,,,,,,,,,,,,,,,
152,,5,,152,S/S LOJI AIR HABU,4:21 pm,01/06/2026,21.2,80,,,,,,,,,,,,,,,,,,,,,,,,,,,,,,,,,,,,,,,,,,,,,,,,
152,,5,,152,S/S LOJI AIR HABU,4:21 pm,01/06/2026,21.2,80,,,,,,,,,,,,,,,,,,,,,,,,,,,,,,,,,,,,,,,,,,,,,,,,
153,,5,,153,S/S LOJI AIR HABU,4:21 pm,01/06/2026,21.2,80,,,,,,,,,,,,,,,,,,,,,,,,,,,,,,,,,,,,,,,,,,,,,,,,
153,,5,,153,S/S LOJI AIR HABU,4:21 pm,01/06/2026,21.2,80,,,,,,,,,,,,,,,,,,,,,,,,,,,,,,,,,,,,,,,,,,,,,,,,
154,,5,,154,S/S LOJI AIR HABU,4:21 pm,01/06/2026,21.2,80,,,,,,,,,,,,,,,,,,,,,,,,,,,,,,,,,,,,,,,,,,,,,,,,
154,,5,,154,S/S LOJI AIR HABU,4:21 pm,01/06/2026,21.2,80,,,,,,,,,,,,,,,,,,,,,,,,,,,,,,,,,,,,,,,,,,,,,,,,
155,,5,,155,S/S LOJI AIR HABU,4:21 pm,01/06/2026,21.2,80,,,,,,,,,,,,,,,,,,,,,,,,,,,,,,,,,,,,,,,,,,,,,,,,
155,,5,,155,S/S LOJI AIR HABU,4:21 pm,01/06/2026,21.2,80,,,,,,,,,,,,,,,,,,,,,,,,,,,,,,,,,,,,,,,,,,,,,,,,
156,,5,,156,S/S LOJI AIR HABU,4:21 pm,01/06/2026,21.2,80,,,,,,,,,,,,,,,,,,,,,,,,,,,,,,,,,,,,,,,,,,,,,,,,
156,,5,,156,S/S LOJI AIR HABU,4:21 pm,01/06/2026,21.2,80,,,,,,,,,,,,,,,,,,,,,,,,,,,,,,,,,,,,,,,,,,,,,,,,
157,,5,,157,S/S LOJI AIR HABU,4:21 pm,01/06/2026,21.2,80,,,,,,,,,,,,,,,,,,,,,,,,,,,,,,,,,,,,,,,,,,,,,,,,
157,,5,,157,S/S LOJI AIR HABU,4:21 pm,01/06/2026,21.2,80,,,,,,,,,,,,,,,,,,,,,,,,,,,,,,,,,,,,,,,,,,,,,,,,
158,,5,,158,S/S LOJI AIR HABU,4:21 pm,01/06/2026,21.2,80,,,,,,,,,,,,,,,,,,,,,,,,,,,,,,,,,,,,,,,,,,,,,,,,
158,,5,,158,S/S LOJI AIR HABU,4:21 pm,01/06/2026,21.2,80,,,,,,,,,,,,,,,,,,,,,,,,,,,,,,,,,,,,,,,,,,,,,,,,
159,,5,,159,S/S LOJI AIR HABU,4:21 pm,01/06/2026,21.2,80,,,,,,,,,,,,,,,,,,,,,,,,,,,,,,,,,,,,,,,,,,,,,,,,
159,,5,,159,S/S LOJI AIR HABU,4:21 pm,01/06/2026,21.2,80,,,,,,,,,,,,,,,,,,,,,,,,,,,,,,,,,,,,,,,,,,,,,,,,
160,,5,,160,S/S LOJI AIR HABU,4:21 pm,01/06/2026,21.2,80,,,,,,,,,,,,,,,,,,,,,,,,,,,,,,,,,,,,,,,,,,,,,,,,
160,,5,,160,S/S LOJI AIR HABU,4:21 pm,01/06/2026,21.2,80,,,,,,,,,,,,,,,,,,,,,,,,,,,,,,,,,,,,,,,,,,,,,,,,
161,,5,,161,S/S LOJI AIR HABU,4:21 pm,01/06/2026,21.2,80,,,,,,,,,,,,,,,,,,,,,,,,,,,,,,,,,,,,,,,,,,,,,,,,
161,,5,,161,S/S LOJI AIR HABU,4:21 pm,01/06/2026,21.2,80,,,,,,,,,,,,,,,,,,,,,,,,,,,,,,,,,,,,,,,,,,,,,,,,
162,,5,,162,S/S LOJI AIR HABU,4:21 pm,01/06/2026,21.2,80,,,,,,,,,,,,,,,,,,,,,,,,,,,,,,,,,,,,,,,,,,,,,,,,
162,,5,,162,S/S LOJI AIR HABU,4:21 pm,01/06/2026,21.2,80,,,,,,,,,,,,,,,,,,,,,,,,,,,,,,,,,,,,,,,,,,,,,,,,
163,,5,,163,S/S LOJI AIR HABU,4:21 pm,01/06/2026,21.2,80,,,,,,,,,,,,,,,,,,,,,,,,,,,,,,,,,,,,,,,,,,,,,,,,
163,,5,,163,S/S LOJI AIR HABU,4:21 pm,01/06/2026,21.2,80,,,,,,,,,,,,,,,,,,,,,,,,,,,,,,,,,,,,,,,,,,,,,,,,
164,,5,,164,S/S LOJI AIR HABU,4:21 pm,01/06/2026,21.2,80,,,,,,,,,,,,,,,,,,,,,,,,,,,,,,,,,,,,,,,,,,,,,,,,
164,,5,,164,S/S LOJI AIR HABU,4:21 pm,01/06/2026,21.2,80,,,,,,,,,,,,,,,,,,,,,,,,,,,,,,,,,,,,,,,,,,,,,,,,
165,,5,,165,S/S LOJI AIR HABU,4:21 pm,01/06/2026,21.2,80,,,,,,,,,,,,,,,,,,,,,,,,,,,,,,,,,,,,,,,,,,,,,,,,
165,,5,,165,S/S LOJI AIR HABU,4:21 pm,01/06/2026,21.2,80,,,,,,,,,,,,,,,,,,,,,,,,,,,,,,,,,,,,,,,,,,,,,,,,
166,,5,,166,S/S LOJI AIR HABU,4:21 pm,01/06/2026,21.2,80,,,,,,,,,,,,,,,,,,,,,,,,,,,,,,,,,,,,,,,,,,,,,,,,
166,,5,,166,S/S LOJI AIR HABU,4:21 pm,01/06/2026,21.2,80,,,,,,,,,,,,,,,,,,,,,,,,,,,,,,,,,,,,,,,,,,,,,,,,
167,,5,,167,S/S LOJI AIR HABU,4:21 pm,01/06/2026,21.2,80,,,,,,,,,,,,,,,,,,,,,,,,,,,,,,,,,,,,,,,,,,,,,,,,
167,,5,,167,S/S LOJI AIR HABU,4:21 pm,01/06/2026,21.2,80,,,,,,,,,,,,,,,,,,,,,,,,,,,,,,,,,,,,,,,,,,,,,,,,
168,,5,,168,S/S LOJI AIR HABU,4:21 pm,01/06/2026,21.2,80,,,,,,,,,,,,,,,,,,,,,,,,,,,,,,,,,,,,,,,,,,,,,,,,
168,,5,,168,S/S LOJI AIR HABU,4:21 pm,01/06/2026,21.2,80,,,,,,,,,,,,,,,,,,,,,,,,,,,,,,,,,,,,,,,,,,,,,,,,
169,,5,,169,S/S LOJI AIR HABU,4:21 pm,01/06/2026,21.2,80,,,,,,,,,,,,,,,,,,,,,,,,,,,,,,,,,,,,,,,,,,,,,,,,
169,,5,,169,S/S LOJI AIR HABU,4:21 pm,01/06/2026,21.2,80,,,,,,,,,,,,,,,,,,,,,,,,,,,,,,,,,,,,,,,,,,,,,,,,
170,,5,,170,S/S LOJI AIR HABU,4:21 pm,01/06/2026,21.2,80,,,,,,,,,,,,,,,,,,,,,,,,,,,,,,,,,,,,,,,,,,,,,,,,
170,,5,,170,S/S LOJI AIR HABU,4:21 pm,01/06/2026,21.2,80,,,,,,,,,,,,,,,,,,,,,,,,,,,,,,,,,,,,,,,,,,,,,,,,
171,,5,,171,S/S LOJI AIR HABU,4:21 pm,01/06/2026,21.2,80,,,,,,,,,,,,,,,,,,,,,,,,,,,,,,,,,,,,,,,,,,,,,,,,
171,,5,,171,S/S LOJI AIR HABU,4:21 pm,01/06/2026,21.2,80,,,,,,,,,,,,,,,,,,,,,,,,,,,,,,,,,,,,,,,,,,,,,,,,
172,,5,,172,S/S LOJI AIR HABU,4:21 pm,01/06/2026,21.2,80,,,,,,,,,,,,,,,,,,,,,,,,,,,,,,,,,,,,,,,,,,,,,,,,
172,,5,,172,S/S LOJI AIR HABU,4:21 pm,01/06/2026,21.2,80,,,,,,,,,,,,,,,,,,,,,,,,,,,,,,,,,,,,,,,,,,,,,,,,
173,,6,,173,S/S LOJI AIR HABU,4:21 pm,01/06/2026,21.2,80,,,,,,,,,,,,,,,,,,,,,,,,,,,,,,,,,,,,,,,,,,,,,,,,
173,,6,,173,S/S LOJI AIR HABU,4:21 pm,01/06/2026,21.2,80,,,,,,,,,,,,,,,,,,,,,,,,,,,,,,,,,,,,,,,,,,,,,,,,
174,,6,,174,S/S LOJI AIR HABU,4:21 pm,01/06/2026,21.2,80,,,,,,,,,,,,,,,,,,,,,,,,,,,,,,,,,,,,,,,,,,,,,,,,
174,,6,,174,S/S LOJI AIR HABU,4:21 pm,01/06/2026,21.2,80,,,,,,,,,,,,,,,,,,,,,,,,,,,,,,,,,,,,,,,,,,,,,,,,
175,,6,,175,S/S LOJI AIR HABU,4:21 pm,01/06/2026,21.2,80,,,,,,,,,,,,,,,,,,,,,,,,,,,,,,,,,,,,,,,,,,,,,,,,
175,,6,,175,S/S LOJI AIR HABU,4:21 pm,01/06/2026,21.2,80,,,,,,,,,,,,,,,,,,,,,,,,,,,,,,,,,,,,,,,,,,,,,,,,
176,,6,,176,S/S LOJI AIR HABU,4:21 pm,01/06/2026,21.2,80,,,,,,,,,,,,,,,,,,,,,,,,,,,,,,,,,,,,,,,,,,,,,,,,
176,,6,,176,S/S LOJI AIR HABU,4:21 pm,01/06/2026,21.2,80,,,,,,,,,,,,,,,,,,,,,,,,,,,,,,,,,,,,,,,,,,,,,,,,
177,,6,,177,S/S LOJI AIR HABU,4:21 pm,01/06/2026,21.2,80,,,,,,,,,,,,,,,,,,,,,,,,,,,,,,,,,,,,,,,,,,,,,,,,
177,,6,,177,S/S LOJI AIR HABU,4:21 pm,01/06/2026,21.2,80,,,,,,,,,,,,,,,,,,,,,,,,,,,,,,,,,,,,,,,,,,,,,,,,
178,,6,,178,S/S LOJI AIR HABU,4:21 pm,01/06/2026,21.2,80,,,,,,,,,,,,,,,,,,,,,,,,,,,,,,,,,,,,,,,,,,,,,,,,
178,,6,,178,S/S LOJI AIR HABU,4:21 pm,01/06/2026,21.2,80,,,,,,,,,,,,,,,,,,,,,,,,,,,,,,,,,,,,,,,,,,,,,,,,
179,,6,,179,S/S LOJI AIR HABU,4:21 pm,01/06/2026,21.2,80,,,,,,,,,,,,,,,,,,,,,,,,,,,,,,,,,,,,,,,,,,,,,,,,
179,,6,,179,S/S LOJI AIR HABU,4:21 pm,01/06/2026,21.2,80,,,,,,,,,,,,,,,,,,,,,,,,,,,,,,,,,,,,,,,,,,,,,,,,
180,,6,,180,S/S LOJI AIR HABU,4:21 pm,01/06/2026,21.2,80,,,,,,,,,,,,,,,,,,,,,,,,,,,,,,,,,,,,,,,,,,,,,,,,
180,,6,,180,S/S LOJI AIR HABU,4:21 pm,01/06/2026,21.2,80,,,,,,,,,,,,,,,,,,,,,,,,,,,,,,,,,,,,,,,,,,,,,,,,
181,,6,,181,S/S LOJI AIR HABU,4:21 pm,01/06/2026,21.2,80,,,,,,,,,,,,,,,,,,,,,,,,,,,,,,,,,,,,,,,,,,,,,,,,
181,,6,,181,S/S LOJI AIR HABU,4:21 pm,01/06/2026,21.2,80,,,,,,,,,,,,,,,,,,,,,,,,,,,,,,,,,,,,,,,,,,,,,,,,
182,,6,,182,S/S LOJI AIR HABU,4:21 pm,01/06/2026,21.2,80,,,,,,,,,,,,,,,,,,,,,,,,,,,,,,,,,,,,,,,,,,,,,,,,
182,,6,,182,S/S LOJI AIR HABU,4:21 pm,01/06/2026,21.2,80,,,,,,,,,,,,,,,,,,,,,,,,,,,,,,,,,,,,,,,,,,,,,,,,
183,,6,,183,S/S LOJI AIR HABU,4:21 pm,01/06/2026,21.2,80,,,,,,,,,,,,,,,,,,,,,,,,,,,,,,,,,,,,,,,,,,,,,,,,
183,,6,,183,S/S LOJI AIR HABU,4:21 pm,01/06/2026,21.2,80,,,,,,,,,,,,,,,,,,,,,,,,,,,,,,,,,,,,,,,,,,,,,,,,
184,,6,,184,S/S LOJI AIR HABU,4:21 pm,01/06/2026,21.2,80,,,,,,,,,,,,,,,,,,,,,,,,,,,,,,,,,,,,,,,,,,,,,,,,
184,,6,,184,S/S LOJI AIR HABU,4:21 pm,01/06/2026,21.2,80,,,,,,,,,,,,,,,,,,,,,,,,,,,,,,,,,,,,,,,,,,,,,,,,
185,,6,,185,S/S LOJI AIR HABU,4:21 pm,01/06/2026,21.2,80,,,,,,,,,,,,,,,,,,,,,,,,,,,,,,,,,,,,,,,,,,,,,,,,
185,,6,,185,S/S LOJI AIR HABU,4:21 pm,01/06/2026,21.2,80,,,,,,,,,,,,,,,,,,,,,,,,,,,,,,,,,,,,,,,,,,,,,,,,
186,,6,,186,S/S LOJI AIR HABU,4:21 pm,01/06/2026,21.2,80,,,,,,,,,,,,,,,,,,,,,,,,,,,,,,,,,,,,,,,,,,,,,,,,
186,,6,,186,S/S LOJI AIR HABU,4:21 pm,01/06/2026,21.2,80,,,,,,,,,,,,,,,,,,,,,,,,,,,,,,,,,,,,,,,,,,,,,,,,
187,,6,,187,S/S LOJI AIR HABU,4:21 pm,01/06/2026,21.2,80,,,,,,,,,,,,,,,,,,,,,,,,,,,,,,,,,,,,,,,,,,,,,,,,
187,,6,,187,S/S LOJI AIR HABU,4:21 pm,01/06/2026,21.2,80,,,,,,,,,,,,,,,,,,,,,,,,,,,,,,,,,,,,,,,,,,,,,,,,
188,,6,,188,S/S LOJI AIR HABU,4:21 pm,01/06/2026,21.2,80,,,,,,,,,,,,,,,,,,,,,,,,,,,,,,,,,,,,,,,,,,,,,,,,
188,,6,,188,S/S LOJI AIR HABU,4:21 pm,01/06/2026,21.2,80,,,,,,,,,,,,,,,,,,,,,,,,,,,,,,,,,,,,,,,,,,,,,,,,
189,,6,,189,S/S LOJI AIR HABU,4:21 pm,01/06/2026,21.2,80,,,,,,,,,,,,,,,,,,,,,,,,,,,,,,,,,,,,,,,,,,,,,,,,
189,,6,,189,S/S LOJI AIR HABU,4:21 pm,01/06/2026,21.2,80,,,,,,,,,,,,,,,,,,,,,,,,,,,,,,,,,,,,,,,,,,,,,,,,
190,,6,,190,S/S LOJI AIR HABU,4:21 pm,01/06/2026,21.2,80,,,,,,,,,,,,,,,,,,,,,,,,,,,,,,,,,,,,,,,,,,,,,,,,
190,,6,,190,S/S LOJI AIR HABU,4:21 pm,01/06/2026,21.2,80,,,,,,,,,,,,,,,,,,,,,,,,,,,,,,,,,,,,,,,,,,,,,,,,
191,,6,,191,S/S LOJI AIR HABU,4:21 pm,01/06/2026,21.2,80,,,,,,,,,,,,,,,,,,,,,,,,,,,,,,,,,,,,,,,,,,,,,,,,
191,,6,,191,S/S LOJI AIR HABU,4:21 pm,01/06/2026,21.2,80,,,,,,,,,,,,,,,,,,,,,,,,,,,,,,,,,,,,,,,,,,,,,,,,
192,,6,,192,S/S LOJI AIR HABU,4:21 pm,01/06/2026,21.2,80,,,,,,,,,,,,,,,,,,,,,,,,,,,,,,,,,,,,,,,,,,,,,,,,
192,,6,,192,S/S LOJI AIR HABU,4:21 pm,01/06/2026,21.2,80,,,,,,,,,,,,,,,,,,,,,,,,,,,,,,,,,,,,,,,,,,,,,,,,
193,,6,,193,S/S LOJI AIR HABU,4:21 pm,01/06/2026,21.2,80,,,,,,,,,,,,,,,,,,,,,,,,,,,,,,,,,,,,,,,,,,,,,,,,
193,,6,,193,S/S LOJI AIR HABU,4:21 pm,01/06/2026,21.2,80,,,,,,,,,,,,,,,,,,,,,,,,,,,,,,,,,,,,,,,,,,,,,,,,
194,,6,,194,S/S LOJI AIR HABU,4:21 pm,01/06/2026,21.2,80,,,,,,,,,,,,,,,,,,,,,,,,,,,,,,,,,,,,,,,,,,,,,,,,
194,,6,,194,S/S LOJI AIR HABU,4:21 pm,01/06/2026,21.2,80,,,,,,,,,,,,,,,,,,,,,,,,,,,,,,,,,,,,,,,,,,,,,,,,
195,,6,,195,S/S LOJI AIR HABU,4:21 pm,01/06/2026,21.2,80,,,,,,,,,,,,,,,,,,,,,,,,,,,,,,,,,,,,,,,,,,,,,,,,
195,,6,,195,S/S LOJI AIR HABU,4:21 pm,01/06/2026,21.2,80,,,,,,,,,,,,,,,,,,,,,,,,,,,,,,,,,,,,,,,,,,,,,,,,
196,,6,,196,S/S LOJI AIR HABU,4:21 pm,01/06/2026,21.2,80,,,,,,,,,,,,,,,,,,,,,,,,,,,,,,,,,,,,,,,,,,,,,,,,
196,,6,,196,S/S LOJI AIR HABU,4:21 pm,01/06/2026,21.2,80,,,,,,,,,,,,,,,,,,,,,,,,,,,,,,,,,,,,,,,,,,,,,,,,
197,,6,,197,S/S LOJI AIR HABU,4:21 pm,01/06/2026,21.2,80,,,,,,,,,,,,,,,,,,,,,,,,,,,,,,,,,,,,,,,,,,,,,,,,
197,,6,,197,S/S LOJI AIR HABU,4:21 pm,01/06/2026,21.2,80,,,,,,,,,,,,,,,,,,,,,,,,,,,,,,,,,,,,,,,,,,,,,,,,
198,,6,,198,S/S LOJI AIR HABU,4:21 pm,01/06/2026,21.2,80,,,,,,,,,,,,,,,,,,,,,,,,,,,,,,,,,,,,,,,,,,,,,,,,
198,,6,,198,S/S LOJI AIR HABU,4:21 pm,01/06/2026,21.2,80,,,,,,,,,,,,,,,,,,,,,,,,,,,,,,,,,,,,,,,,,,,,,,,,
199,,6,,199,S/S LOJI AIR HABU,4:21 pm,01/06/2026,21.2,80,,,,,,,,,,,,,,,,,,,,,,,,,,,,,,,,,,,,,,,,,,,,,,,,
199,,6,,199,S/S LOJI AIR HABU,4:21 pm,01/06/2026,21.2,80,,,,,,,,,,,,,,,,,,,,,,,,,,,,,,,,,,,,,,,,,,,,,,,,
200,,6,,200,S/S LOJI AIR HABU,4:21 pm,01/06/2026,21.2,80,,,,,,,,,,,,,,,,,,,,,,,,,,,,,,,,,,,,,,,,,,,,,,,,
200,,6,,200,S/S LOJI AIR HABU,4:21 pm,01/06/2026,21.2,80,,,,,,,,,,,,,,,,,,,,,,,,,,,,,,,,,,,,,,,,,,,,,,,,
201,,6,,201,S/S LOJI AIR HABU,4:21 pm,01/06/2026,21.2,80,,,,,,,,,,,,,,,,,,,,,,,,,,,,,,,,,,,,,,,,,,,,,,,,
201,,6,,201,S/S LOJI AIR HABU,4:21 pm,01/06/2026,21.2,80,,,,,,,,,,,,,,,,,,,,,,,,,,,,,,,,,,,,,,,,,,,,,,,,
202,,6,,202,S/S LOJI AIR HABU,4:21 pm,01/06/2026,21.2,80,,,,,,,,,,,,,,,,,,,,,,,,,,,,,,,,,,,,,,,,,,,,,,,,
202,,6,,202,S/S LOJI AIR HABU,4:21 pm,01/06/2026,21.2,80,,,,,,,,,,,,,,,,,,,,,,,,,,,,,,,,,,,,,,,,,,,,,,,,
203,,6,,203,S/S LOJI AIR HABU,4:21 pm,01/06/2026,21.2,80,,,,,,,,,,,,,,,,,,,,,,,,,,,,,,,,,,,,,,,,,,,,,,,,
203,,6,,203,S/S LOJI AIR HABU,4:21 pm,01/06/2026,21.2,80,,,,,,,,,,,,,,,,,,,,,,,,,,,,,,,,,,,,,,,,,,,,,,,,
204,,6,,204,S/S LOJI AIR HABU,4:21 pm,01/06/2026,21.2,80,,,,,,,,,,,,,,,,,,,,,,,,,,,,,,,,,,,,,,,,,,,,,,,,
204,,6,,204,S/S LOJI AIR HABU,4:21 pm,01/06/2026,21.2,80,,,,,,,,,,,,,,,,,,,,,,,,,,,,,,,,,,,,,,,,,,,,,,,,
205,,6,,205,S/S LOJI AIR HABU,4:21 pm,01/06/2026,21.2,80,,,,,,,,,,,,,,,,,,,,,,,,,,,,,,,,,,,,,,,,,,,,,,,,
205,,6,,205,S/S LOJI AIR HABU,4:21 pm,01/06/2026,21.2,80,,,,,,,,,,,,,,,,,,,,,,,,,,,,,,,,,,,,,,,,,,,,,,,,
206,,6,,206,S/S LOJI AIR HABU,4:21 pm,01/06/2026,21.2,80,,,,,,,,,,,,,,,,,,,,,,,,,,,,,,,,,,,,,,,,,,,,,,,,
206,,6,,206,S/S LOJI AIR HABU,4:21 pm,01/06/2026,21.2,80,,,,,,,,,,,,,,,,,,,,,,,,,,,,,,,,,,,,,,,,,,,,,,,,
207,,6,,207,S/S LOJI AIR HABU,4:21 pm,01/06/2026,21.2,80,,,,,,,,,,,,,,,,,,,,,,,,,,,,,,,,,,,,,,,,,,,,,,,,
207,,6,,207,S/S LOJI AIR HABU,4:21 pm,01/06/2026,21.2,80,,,,,,,,,,,,,,,,,,,,,,,,,,,,,,,,,,,,,,,,,,,,,,,,
208,,6,,208,S/S LOJI AIR HABU,4:21 pm,01/06/2026,21.2,80,,,,,,,,,,,,,,,,,,,,,,,,,,,,,,,,,,,,,,,,,,,,,,,,
208,,6,,208,S/S LOJI AIR HABU,4:21 pm,01/06/2026,21.2,80,,,,,,,,,,,,,,,,,,,,,,,,,,,,,,,,,,,,,,,,,,,,,,,,
209,,6,,209,S/S LOJI AIR HABU,4:21 pm,01/06/2026,21.2,80,,,,,,,,,,,,,,,,,,,,,,,,,,,,,,,,,,,,,,,,,,,,,,,,
209,,6,,209,S/S LOJI AIR HABU,4:21 pm,01/06/2026,21.2,80,,,,,,,,,,,,,,,,,,,,,,,,,,,,,,,,,,,,,,,,,,,,,,,,
210,,6,,210,S/S LOJI AIR HABU,4:21 pm,01/06/2026,21.2,80,,,,,,,,,,,,,,,,,,,,,,,,,,,,,,,,,,,,,,,,,,,,,,,,
210,,6,,210,S/S LOJI AIR HABU,4:21 pm,01/06/2026,21.2,80,,,,,,,,,,,,,,,,,,,,,,,,,,,,,,,,,,,,,,,,,,,,,,,,
211,,6,,211,S/S LOJI AIR HABU,4:21 pm,01/06/2026,21.2,80,,,,,,,,,,,,,,,,,,,,,,,,,,,,,,,,,,,,,,,,,,,,,,,,
211,,6,,211,S/S LOJI AIR HABU,4:21 pm,01/06/2026,21.2,80,,,,,,,,,,,,,,,,,,,,,,,,,,,,,,,,,,,,,,,,,,,,,,,,
212,,6,,212,S/S LOJI AIR HABU,4:21 pm,01/06/2026,21.2,80,,,,,,,,,,,,,,,,,,,,,,,,,,,,,,,,,,,,,,,,,,,,,,,,
212,,6,,212,S/S LOJI AIR HABU,4:21 pm,01/06/2026,21.2,80,,,,,,,,,,,,,,,,,,,,,,,,,,,,,,,,,,,,,,,,,,,,,,,,
213,,7,,213,S/S LOJI AIR HABU,4:21 pm,01/06/2026,21.2,80,,,,,,,,,,,,,,,,,,,,,,,,,,,,,,,,,,,,,,,,,,,,,,,,
213,,7,,213,S/S LOJI AIR HABU,4:21 pm,01/06/2026,21.2,80,,,,,,,,,,,,,,,,,,,,,,,,,,,,,,,,,,,,,,,,,,,,,,,,
214,,7,,214,S/S LOJI AIR HABU,4:21 pm,01/06/2026,21.2,80,,,,,,,,,,,,,,,,,,,,,,,,,,,,,,,,,,,,,,,,,,,,,,,,
214,,7,,214,S/S LOJI AIR HABU,4:21 pm,01/06/2026,21.2,80,,,,,,,,,,,,,,,,,,,,,,,,,,,,,,,,,,,,,,,,,,,,,,,,
215,,7,,215,S/S LOJI AIR HABU,4:21 pm,01/06/2026,21.2,80,,,,,,,,,,,,,,,,,,,,,,,,,,,,,,,,,,,,,,,,,,,,,,,,
215,,7,,215,S/S LOJI AIR HABU,4:21 pm,01/06/2026,21.2,80,,,,,,,,,,,,,,,,,,,,,,,,,,,,,,,,,,,,,,,,,,,,,,,,
216,,7,,216,S/S LOJI AIR HABU,4:21 pm,01/06/2026,21.2,80,,,,,,,,,,,,,,,,,,,,,,,,,,,,,,,,,,,,,,,,,,,,,,,,
216,,7,,216,S/S LOJI AIR HABU,4:21 pm,01/06/2026,21.2,80,,,,,,,,,,,,,,,,,,,,,,,,,,,,,,,,,,,,,,,,,,,,,,,,
217,,7,,217,S/S LOJI AIR HABU,4:21 pm,01/06/2026,21.2,80,,,,,,,,,,,,,,,,,,,,,,,,,,,,,,,,,,,,,,,,,,,,,,,,
217,,7,,217,S/S LOJI AIR HABU,4:21 pm,01/06/2026,21.2,80,,,,,,,,,,,,,,,,,,,,,,,,,,,,,,,,,,,,,,,,,,,,,,,,
218,,7,,218,S/S LOJI AIR HABU,4:21 pm,01/06/2026,21.2,80,,,,,,,,,,,,,,,,,,,,,,,,,,,,,,,,,,,,,,,,,,,,,,,,
218,,7,,218,S/S LOJI AIR HABU,4:21 pm,01/06/2026,21.2,80,,,,,,,,,,,,,,,,,,,,,,,,,,,,,,,,,,,,,,,,,,,,,,,,
219,,7,,219,S/S LOJI AIR HABU,4:21 pm,01/06/2026,21.2,80,,,,,,,,,,,,,,,,,,,,,,,,,,,,,,,,,,,,,,,,,,,,,,,,
219,,7,,219,S/S LOJI AIR HABU,4:21 pm,01/06/2026,21.2,80,,,,,,,,,,,,,,,,,,,,,,,,,,,,,,,,,,,,,,,,,,,,,,,,
220,,7,,220,S/S LOJI AIR HABU,4:21 pm,01/06/2026,21.2,80,,,,,,,,,,,,,,,,,,,,,,,,,,,,,,,,,,,,,,,,,,,,,,,,
220,,7,,220,S/S LOJI AIR HABU,4:21 pm,01/06/2026,21.2,80,,,,,,,,,,,,,,,,,,,,,,,,,,,,,,,,,,,,,,,,,,,,,,,,
221,,7,,221,S/S LOJI AIR HABU,4:21 pm,01/06/2026,21.2,80,,,,,,,,,,,,,,,,,,,,,,,,,,,,,,,,,,,,,,,,,,,,,,,,
221,,7,,221,S/S LOJI AIR HABU,4:21 pm,01/06/2026,21.2,80,,,,,,,,,,,,,,,,,,,,,,,,,,,,,,,,,,,,,,,,,,,,,,,,
222,,7,,222,S/S LOJI AIR HABU,4:21 pm,01/06/2026,21.2,80,,,,,,,,,,,,,,,,,,,,,,,,,,,,,,,,,,,,,,,,,,,,,,,,
222,,7,,222,S/S LOJI AIR HABU,4:21 pm,01/06/2026,21.2,80,,,,,,,,,,,,,,,,,,,,,,,,,,,,,,,,,,,,,,,,,,,,,,,,
223,,7,,223,S/S LOJI AIR HABU,4:21 pm,01/06/2026,21.2,80,,,,,,,,,,,,,,,,,,,,,,,,,,,,,,,,,,,,,,,,,,,,,,,,
223,,7,,223,S/S LOJI AIR HABU,4:21 pm,01/06/2026,21.2,80,,,,,,,,,,,,,,,,,,,,,,,,,,,,,,,,,,,,,,,,,,,,,,,,
224,,7,,224,S/S LOJI AIR HABU,4:21 pm,01/06/2026,21.2,80,,,,,,,,,,,,,,,,,,,,,,,,,,,,,,,,,,,,,,,,,,,,,,,,
224,,7,,224,S/S LOJI AIR HABU,4:21 pm,01/06/2026,21.2,80,,,,,,,,,,,,,,,,,,,,,,,,,,,,,,,,,,,,,,,,,,,,,,,,
225,,8,,225,S/S LOJI AIR HABU,4:21 pm,01/06/2026,21.2,80,,,,,,,,,,,,,,,,,,,,,,,,,,,,,,,,,,,,,,,,,,,,,,,,
225,,8,,225,S/S LOJI AIR HABU,4:21 pm,01/06/2026,21.2,80,,,,,,,,,,,,,,,,,,,,,,,,,,,,,,,,,,,,,,,,,,,,,,,,
226,,8,,226,S/S LOJI AIR HABU,4:21 pm,01/06/2026,21.2,80,,,,,,,,,,,,,,,,,,,,,,,,,,,,,,,,,,,,,,,,,,,,,,,,
226,,8,,226,S/S LOJI AIR HABU,4:21 pm,01/06/2026,21.2,80,,,,,,,,,,,,,,,,,,,,,,,,,,,,,,,,,,,,,,,,,,,,,,,,
227,,8,,227,S/S LOJI AIR HABU,4:21 pm,01/06/2026,21.2,80,,,,,,,,,,,,,,,,,,,,,,,,,,,,,,,,,,,,,,,,,,,,,,,,
227,,8,,227,S/S LOJI AIR HABU,4:21 pm,01/06/2026,21.2,80,,,,,,,,,,,,,,,,,,,,,,,,,,,,,,,,,,,,,,,,,,,,,,,,
228,,8,,228,S/S LOJI AIR HABU,4:21 pm,01/06/2026,21.2,80,,,,,,,,,,,,,,,,,,,,,,,,,,,,,,,,,,,,,,,,,,,,,,,,
228,,8,,228,S/S LOJI AIR HABU,4:21 pm,01/06/2026,21.2,80,,,,,,,,,,,,,,,,,,,,,,,,,,,,,,,,,,,,,,,,,,,,,,,,
229,,8,,229,S/S LOJI AIR HABU,4:21 pm,01/06/2026,21.2,80,,,,,,,,,,,,,,,,,,,,,,,,,,,,,,,,,,,,,,,,,,,,,,,,
229,,8,,229,S/S LOJI AIR HABU,4:21 pm,01/06/2026,21.2,80,,,,,,,,,,,,,,,,,,,,,,,,,,,,,,,,,,,,,,,,,,,,,,,,
230,,8,,230,S/S LOJI AIR HABU,4:21 pm,01/06/2026,21.2,80,,,,,,,,,,,,,,,,,,,,,,,,,,,,,,,,,,,,,,,,,,,,,,,,
230,,8,,230,S/S LOJI AIR HABU,4:21 pm,01/06/2026,21.2,80,,,,,,,,,,,,,,,,,,,,,,,,,,,,,,,,,,,,,,,,,,,,,,,,
231,,8,,231,S/S LOJI AIR HABU,4:21 pm,01/06/2026,21.2,80,,,,,,,,,,,,,,,,,,,,,,,,,,,,,,,,,,,,,,,,,,,,,,,,
231,,8,,231,S/S LOJI AIR HABU,4:21 pm,01/06/2026,21.2,80,,,,,,,,,,,,,,,,,,,,,,,,,,,,,,,,,,,,,,,,,,,,,,,,
232,,8,,232,S/S LOJI AIR HABU,4:21 pm,01/06/2026,21.2,80,,,,,,,,,,,,,,,,,,,,,,,,,,,,,,,,,,,,,,,,,,,,,,,,
232,,8,,232,S/S LOJI AIR HABU,4:21 pm,01/06/2026,21.2,80,,,,,,,,,,,,,,,,,,,,,,,,,,,,,,,,,,,,,,,,,,,,,,,,
233,,8,,233,S/S LOJI AIR HABU,4:21 pm,01/06/2026,21.2,80,,,,,,,,,,,,,,,,,,,,,,,,,,,,,,,,,,,,,,,,,,,,,,,,
233,,8,,233,S/S LOJI AIR HABU,4:21 pm,01/06/2026,21.2,80,,,,,,,,,,,,,,,,,,,,,,,,,,,,,,,,,,,,,,,,,,,,,,,,
234,,8,,234,S/S LOJI AIR HABU,4:21 pm,01/06/2026,21.2,80,,,,,,,,,,,,,,,,,,,,,,,,,,,,,,,,,,,,,,,,,,,,,,,,
234,,8,,234,S/S LOJI AIR HABU,4:21 pm,01/06/2026,21.2,80,,,,,,,,,,,,,,,,,,,,,,,,,,,,,,,,,,,,,,,,,,,,,,,,
235,,8,,235,S/S LOJI AIR HABU,4:21 pm,01/06/2026,21.2,80,,,,,,,,,,,,,,,,,,,,,,,,,,,,,,,,,,,,,,,,,,,,,,,,
235,,8,,235,S/S LOJI AIR HABU,4:21 pm,01/06/2026,21.2,80,,,,,,,,,,,,,,,,,,,,,,,,,,,,,,,,,,,,,,,,,,,,,,,,
236,,8,,236,S/S LOJI AIR HABU,4:21 pm,01/06/2026,21.2,80,,,,,,,,,,,,,,,,,,,,,,,,,,,,,,,,,,,,,,,,,,,,,,,,
236,,8,,236,S/S LOJI AIR HABU,4:21 pm,01/06/2026,21.2,80,,,,,,,,,,,,,,,,,,,,,,,,,,,,,,,,,,,,,,,,,,,,,,,,
237,,8,,237,S/S LOJI AIR HABU,4:21 pm,01/06/2026,21.2,80,,,,,,,,,,,,,,,,,,,,,,,,,,,,,,,,,,,,,,,,,,,,,,,,
237,,8,,237,S/S LOJI AIR HABU,4:21 pm,01/06/2026,21.2,80,,,,,,,,,,,,,,,,,,,,,,,,,,,,,,,,,,,,,,,,,,,,,,,,
238,,8,,238,S/S LOJI AIR HABU,4:21 pm,01/06/2026,21.2,80,,,,,,,,,,,,,,,,,,,,,,,,,,,,,,,,,,,,,,,,,,,,,,,,
238,,8,,238,S/S LOJI AIR HABU,4:21 pm,01/06/2026,21.2,80,,,,,,,,,,,,,,,,,,,,,,,,,,,,,,,,,,,,,,,,,,,,,,,,
239,,8,,239,S/S LOJI AIR HABU,4:21 pm,01/06/2026,21.2,80,,,,,,,,,,,,,,,,,,,,,,,,,,,,,,,,,,,,,,,,,,,,,,,,
239,,8,,239,S/S LOJI AIR HABU,4:21 pm,01/06/2026,21.2,80,,,,,,,,,,,,,,,,,,,,,,,,,,,,,,,,,,,,,,,,,,,,,,,,
240,,8,,240,S/S LOJI AIR HABU,4:21 pm,01/06/2026,21.2,80,,,,,,,,,,,,,,,,,,,,,,,,,,,,,,,,,,,,,,,,,,,,,,,,
240,,8,,240,S/S LOJI AIR HABU,4:21 pm,01/06/2026,21.2,80,,,,,,,,,,,,,,,,,,,,,,,,,,,,,,,,,,,,,,,,,,,,,,,,
241,,8,,241,S/S LOJI AIR HABU,4:21 pm,01/06/2026,21.2,80,,,,,,,,,,,,,,,,,,,,,,,,,,,,,,,,,,,,,,,,,,,,,,,,
241,,8,,241,S/S LOJI AIR HABU,4:21 pm,01/06/2026,21.2,80,,,,,,,,,,,,,,,,,,,,,,,,,,,,,,,,,,,,,,,,,,,,,,,,
242,,8,,242,S/S LOJI AIR HABU,4:21 pm,01/06/2026,21.2,80,,,,,,,,,,,,,,,,,,,,,,,,,,,,,,,,,,,,,,,,,,,,,,,,
242,,8,,242,S/S LOJI AIR HABU,4:21 pm,01/06/2026,21.2,80,,,,,,,,,,,,,,,,,,,,,,,,,,,,,,,,,,,,,,,,,,,,,,,,
243,,8,,243,S/S LOJI AIR HABU,4:21 pm,01/06/2026,21.2,80,,,,,,,,,,,,,,,,,,,,,,,,,,,,,,,,,,,,,,,,,,,,,,,,
243,,8,,243,S/S LOJI AIR HABU,4:21 pm,01/06/2026,21.2,80,,,,,,,,,,,,,,,,,,,,,,,,,,,,,,,,,,,,,,,,,,,,,,,,
244,,8,,244,S/S LOJI AIR HABU,4:21 pm,01/06/2026,21.2,80,,,,,,,,,,,,,,,,,,,,,,,,,,,,,,,,,,,,,,,,,,,,,,,,
244,,8,,244,S/S LOJI AIR HABU,4:21 pm,01/06/2026,21.2,80,,,,,,,,,,,,,,,,,,,,,,,,,,,,,,,,,,,,,,,,,,,,,,,,
245,,8,,245,S/S LOJI AIR HABU,4:21 pm,01/06/2026,21.2,80,,,,,,,,,,,,,,,,,,,,,,,,,,,,,,,,,,,,,,,,,,,,,,,,
245,,8,,245,S/S LOJI AIR HABU,4:21 pm,01/06/2026,21.2,80,,,,,,,,,,,,,,,,,,,,,,,,,,,,,,,,,,,,,,,,,,,,,,,,
246,,8,,246,S/S LOJI AIR HABU,4:21 pm,01/06/2026,21.2,80,,,,,,,,,,,,,,,,,,,,,,,,,,,,,,,,,,,,,,,,,,,,,,,,
246,,8,,246,S/S LOJI AIR HABU,4:21 pm,01/06/2026,21.2,80,,,,,,,,,,,,,,,,,,,,,,,,,,,,,,,,,,,,,,,,,,,,,,,,
247,,8,,247,S/S LOJI AIR HABU,4:21 pm,01/06/2026,21.2,80,,,,,,,,,,,,,,,,,,,,,,,,,,,,,,,,,,,,,,,,,,,,,,,,
247,,8,,247,S/S LOJI AIR HABU,4:21 pm,01/06/2026,21.2,80,,,,,,,,,,,,,,,,,,,,,,,,,,,,,,,,,,,,,,,,,,,,,,,,
248,,8,,248,S/S LOJI AIR HABU,4:21 pm,01/06/2026,21.2,80,,,,,,,,,,,,,,,,,,,,,,,,,,,,,,,,,,,,,,,,,,,,,,,,
248,,8,,248,S/S LOJI AIR HABU,4:21 pm,01/06/2026,21.2,80,,,,,,,,,,,,,,,,,,,,,,,,,,,,,,,,,,,,,,,,,,,,,,,,
249,,8,,249,S/S LOJI AIR HABU,4:21 pm,01/06/2026,21.2,80,,,,,,,,,,,,,,,,,,,,,,,,,,,,,,,,,,,,,,,,,,,,,,,,
249,,8,,249,S/S LOJI AIR HABU,4:21 pm,01/06/2026,21.2,80,,,,,,,,,,,,,,,,,,,,,,,,,,,,,,,,,,,,,,,,,,,,,,,,
250,,8,,250,S/S LOJI AIR HABU,4:21 pm,01/06/2026,21.2,80,,,,,,,,,,,,,,,,,,,,,,,,,,,,,,,,,,,,,,,,,,,,,,,,
250,,8,,250,S/S LOJI AIR HABU,4:21 pm,01/06/2026,21.2,80,,,,,,,,,,,,,,,,,,,,,,,,,,,,,,,,,,,,,,,,,,,,,,,,
251,,8,,251,S/S LOJI AIR HABU,4:21 pm,01/06/2026,21.2,80,,,,,,,,,,,,,,,,,,,,,,,,,,,,,,,,,,,,,,,,,,,,,,,,
251,,8,,251,S/S LOJI AIR HABU,4:21 pm,01/06/2026,21.2,80,,,,,,,,,,,,,,,,,,,,,,,,,,,,,,,,,,,,,,,,,,,,,,,,
252,,8,,252,S/S LOJI AIR HABU,4:21 pm,01/06/2026,21.2,80,,,,,,,,,,,,,,,,,,,,,,,,,,,,,,,,,,,,,,,,,,,,,,,,
252,,8,,252,S/S LOJI AIR HABU,4:21 pm,01/06/2026,21.2,80,,,,,,,,,,,,,,,,,,,,,,,,,,,,,,,,,,,,,,,,,,,,,,,,
253,,8,,253,S/S LOJI AIR HABU,4:21 pm,01/06/2026,21.2,80,,,,,,,,,,,,,,,,,,,,,,,,,,,,,,,,,,,,,,,,,,,,,,,,
253,,8,,253,S/S LOJI AIR HABU,4:21 pm,01/06/2026,21.2,80,,,,,,,,,,,,,,,,,,,,,,,,,,,,,,,,,,,,,,,,,,,,,,,,
254,,8,,254,S/S LOJI AIR HABU,4:21 pm,01/06/2026,21.2,80,,,,,,,,,,,,,,,,,,,,,,,,,,,,,,,,,,,,,,,,,,,,,,,,
254,,8,,254,S/S LOJI AIR HABU,4:21 pm,01/06/2026,21.2,80,,,,,,,,,,,,,,,,,,,,,,,,,,,,,,,,,,,,,,,,,,,,,,,,
255,,8,,255,S/S LOJI AIR HABU,4:21 pm,01/06/2026,21.2,80,,,,,,,,,,,,,,,,,,,,,,,,,,,,,,,,,,,,,,,,,,,,,,,,
255,,8,,255,S/S LOJI AIR HABU,4:21 pm,01/06/2026,21.2,80,,,,,,,,,,,,,,,,,,,,,,,,,,,,,,,,,,,,,,,,,,,,,,,,
256,,8,,256,S/S LOJI AIR HABU,4:21 pm,01/06/2026,21.2,80,,,,,,,,,,,,,,,,,,,,,,,,,,,,,,,,,,,,,,,,,,,,,,,,
256,,8,,256,S/S LOJI AIR HABU,4:21 pm,01/06/2026,21.2,80,,,,,,,,,,,,,,,,,,,,,,,,,,,,,,,,,,,,,,,,,,,,,,,,
257,,8,,257,S/S LOJI AIR HABU,4:21 pm,01/06/2026,21.2,80,,,,,,,,,,,,,,,,,,,,,,,,,,,,,,,,,,,,,,,,,,,,,,,,
257,,8,,257,S/S LOJI AIR HABU,4:21 pm,01/06/2026,21.2,80,,,,,,,,,,,,,,,,,,,,,,,,,,,,,,,,,,,,,,,,,,,,,,,,
258,,8,,258,S/S LOJI AIR HABU,4:21 pm,01/06/2026,21.2,80,,,,,,,,,,,,,,,,,,,,,,,,,,,,,,,,,,,,,,,,,,,,,,,,
258,,8,,258,S/S LOJI AIR HABU,4:21 pm,01/06/2026,21.2,80,,,,,,,,,,,,,,,,,,,,,,,,,,,,,,,,,,,,,,,,,,,,,,,,
259,,8,,259,S/S LOJI AIR HABU,4:21 pm,01/06/2026,21.2,80,,,,,,,,,,,,,,,,,,,,,,,,,,,,,,,,,,,,,,,,,,,,,,,,
259,,8,,259,S/S LOJI AIR HABU,4:21 pm,01/06/2026,21.2,80,,,,,,,,,,,,,,,,,,,,,,,,,,,,,,,,,,,,,,,,,,,,,,,,
260,,8,,260,S/S LOJI AIR HABU,4:21 pm,01/06/2026,21.2,80,,,,,,,,,,,,,,,,,,,,,,,,,,,,,,,,,,,,,,,,,,,,,,,,
260,,8,,260,S/S LOJI AIR HABU,4:21 pm,01/06/2026,21.2,80,,,,,,,,,,,,,,,,,,,,,,,,,,,,,,,,,,,,,,,,,,,,,,,,
261,,8,,261,S/S LOJI AIR HABU,4:21 pm,01/06/2026,21.2,80,,,,,,,,,,,,,,,,,,,,,,,,,,,,,,,,,,,,,,,,,,,,,,,,
261,,8,,261,S/S LOJI AIR HABU,4:21 pm,01/06/2026,21.2,80,,,,,,,,,,,,,,,,,,,,,,,,,,,,,,,,,,,,,,,,,,,,,,,,
262,,8,,262,S/S LOJI AIR HABU,4:21 pm,01/06/2026,21.2,80,,,,,,,,,,,,,,,,,,,,,,,,,,,,,,,,,,,,,,,,,,,,,,,,
262,,8,,262,S/S LOJI AIR HABU,4:21 pm,01/06/2026,21.2,80,,,,,,,,,,,,,,,,,,,,,,,,,,,,,,,,,,,,,,,,,,,,,,,,
263,,8,,263,S/S LOJI AIR HABU,4:21 pm,01/06/2026,21.2,80,,,,,,,,,,,,,,,,,,,,,,,,,,,,,,,,,,,,,,,,,,,,,,,,
263,,8,,263,S/S LOJI AIR HABU,4:21 pm,01/06/2026,21.2,80,,,,,,,,,,,,,,,,,,,,,,,,,,,,,,,,,,,,,,,,,,,,,,,,
264,,8,,264,S/S LOJI AIR HABU,4:21 pm,01/06/2026,21.2,80,,,,,,,,,,,,,,,,,,,,,,,,,,,,,,,,,,,,,,,,,,,,,,,,
264,,8,,264,S/S LOJI AIR HABU,4:21 pm,01/06/2026,21.2,80,,,,,,,,,,,,,,,,,,,,,,,,,,,,,,,,,,,,,,,,,,,,,,,,
265,,9,,265,S/S LOJI AIR HABU,4:21 pm,01/06/2026,21.2,80,,,,,,,,,,,,,,,,,,,,,,,,,,,,,,,,,,,,,,,,,,,,,,,,
265,,9,,265,S/S LOJI AIR HABU,4:21 pm,01/06/2026,21.2,80,,,,,,,,,,,,,,,,,,,,,,,,,,,,,,,,,,,,,,,,,,,,,,,,
266,,9,,266,S/S LOJI AIR HABU,4:21 pm,01/06/2026,21.2,80,,,,,,,,,,,,,,,,,,,,,,,,,,,,,,,,,,,,,,,,,,,,,,,,
266,,9,,266,S/S LOJI AIR HABU,4:21 pm,01/06/2026,21.2,80,,,,,,,,,,,,,,,,,,,,,,,,,,,,,,,,,,,,,,,,,,,,,,,,
267,,9,,267,S/S LOJI AIR HABU,4:21 pm,01/06/2026,21.2,80,,,,,,,,,,,,,,,,,,,,,,,,,,,,,,,,,,,,,,,,,,,,,,,,
267,,9,,267,S/S LOJI AIR HABU,4:21 pm,01/06/2026,21.2,80,,,,,,,,,,,,,,,,,,,,,,,,,,,,,,,,,,,,,,,,,,,,,,,,
268,,9,,268,S/S LOJI AIR HABU,4:21 pm,01/06/2026,21.2,80,,,,,,,,,,,,,,,,,,,,,,,,,,,,,,,,,,,,,,,,,,,,,,,,
268,,9,,268,S/S LOJI AIR HABU,4:21 pm,01/06/2026,21.2,80,,,,,,,,,,,,,,,,,,,,,,,,,,,,,,,,,,,,,,,,,,,,,,,,
269,,9,,269,S/S LOJI AIR HABU,4:21 pm,01/06/2026,21.2,80,,,,,,,,,,,,,,,,,,,,,,,,,,,,,,,,,,,,,,,,,,,,,,,,
269,,9,,269,S/S LOJI AIR HABU,4:21 pm,01/06/2026,21.2,80,,,,,,,,,,,,,,,,,,,,,,,,,,,,,,,,,,,,,,,,,,,,,,,,
270,,9,,270,S/S LOJI AIR HABU,4:21 pm,01/06/2026,21.2,80,,,,,,,,,,,,,,,,,,,,,,,,,,,,,,,,,,,,,,,,,,,,,,,,
270,,9,,270,S/S LOJI AIR HABU,4:21 pm,01/06/2026,21.2,80,,,,,,,,,,,,,,,,,,,,,,,,,,,,,,,,,,,,,,,,,,,,,,,,
271,,9,,271,S/S LOJI AIR HABU,4:21 pm,01/06/2026,21.2,80,,,,,,,,,,,,,,,,,,,,,,,,,,,,,,,,,,,,,,,,,,,,,,,,
271,,9,,271,S/S LOJI AIR HABU,4:21 pm,01/06/2026,21.2,80,,,,,,,,,,,,,,,,,,,,,,,,,,,,,,,,,,,,,,,,,,,,,,,,
272,,9,,272,S/S LOJI AIR HABU,4:21 pm,01/06/2026,21.2,80,,,,,,,,,,,,,,,,,,,,,,,,,,,,,,,,,,,,,,,,,,,,,,,,
272,,9,,272,S/S LOJI AIR HABU,4:21 pm,01/06/2026,21.2,80,,,,,,,,,,,,,,,,,,,,,,,,,,,,,,,,,,,,,,,,,,,,,,,,
273,,9,,273,S/S LOJI AIR HABU,4:21 pm,01/06/2026,21.2,80,,,,,,,,,,,,,,,,,,,,,,,,,,,,,,,,,,,,,,,,,,,,,,,,
273,,9,,273,S/S LOJI AIR HABU,4:21 pm,01/06/2026,21.2,80,,,,,,,,,,,,,,,,,,,,,,,,,,,,,,,,,,,,,,,,,,,,,,,,
274,,9,,274,S/S LOJI AIR HABU,4:21 pm,01/06/2026,21.2,80,,,,,,,,,,,,,,,,,,,,,,,,,,,,,,,,,,,,,,,,,,,,,,,,
274,,9,,274,S/S LOJI AIR HABU,4:21 pm,01/06/2026,21.2,80,,,,,,,,,,,,,,,,,,,,,,,,,,,,,,,,,,,,,,,,,,,,,,,,
275,,9,,275,S/S LOJI AIR HABU,4:21 pm,01/06/2026,21.2,80,,,,,,,,,,,,,,,,,,,,,,,,,,,,,,,,,,,,,,,,,,,,,,,,
275,,9,,275,S/S LOJI AIR HABU,4:21 pm,01/06/2026,21.2,80,,,,,,,,,,,,,,,,,,,,,,,,,,,,,,,,,,,,,,,,,,,,,,,,
276,,9,,276,S/S LOJI AIR HABU,4:21 pm,01/06/2026,21.2,80,,,,,,,,,,,,,,,,,,,,,,,,,,,,,,,,,,,,,,,,,,,,,,,,
276,,9,,276,S/S LOJI AIR HABU,4:21 pm,01/06/2026,21.2,80,,,,,,,,,,,,,,,,,,,,,,,,,,,,,,,,,,,,,,,,,,,,,,,,
277,,9,,277,S/S LOJI AIR HABU,4:21 pm,01/06/2026,21.2,80,,,,,,,,,,,,,,,,,,,,,,,,,,,,,,,,,,,,,,,,,,,,,,,,
277,,9,,277,S/S LOJI AIR HABU,4:21 pm,01/06/2026,21.2,80,,,,,,,,,,,,,,,,,,,,,,,,,,,,,,,,,,,,,,,,,,,,,,,,
278,,9,,278,S/S LOJI AIR HABU,4:21 pm,01/06/2026,21.2,80,,,,,,,,,,,,,,,,,,,,,,,,,,,,,,,,,,,,,,,,,,,,,,,,
278,,9,,278,S/S LOJI AIR HABU,4:21 pm,01/06/2026,21.2,80,,,,,,,,,,,,,,,,,,,,,,,,,,,,,,,,,,,,,,,,,,,,,,,,
279,,9,,279,S/S LOJI AIR HABU,4:21 pm,01/06/2026,21.2,80,,,,,,,,,,,,,,,,,,,,,,,,,,,,,,,,,,,,,,,,,,,,,,,,
279,,9,,279,S/S LOJI AIR HABU,4:21 pm,01/06/2026,21.2,80,,,,,,,,,,,,,,,,,,,,,,,,,,,,,,,,,,,,,,,,,,,,,,,,
280,,9,,280,S/S LOJI AIR HABU,4:21 pm,01/06/2026,21.2,80,,,,,,,,,,,,,,,,,,,,,,,,,,,,,,,,,,,,,,,,,,,,,,,,
280,,9,,280,S/S LOJI AIR HABU,4:21 pm,01/06/2026,21.2,80,,,,,,,,,,,,,,,,,,,,,,,,,,,,,,,,,,,,,,,,,,,,,,,,
281,,9,,281,S/S LOJI AIR HABU,4:21 pm,01/06/2026,21.2,80,,,,,,,,,,,,,,,,,,,,,,,,,,,,,,,,,,,,,,,,,,,,,,,,
281,,9,,281,S/S LOJI AIR HABU,4:21 pm,01/06/2026,21.2,80,,,,,,,,,,,,,,,,,,,,,,,,,,,,,,,,,,,,,,,,,,,,,,,,
282,,9,,282,S/S LOJI AIR HABU,4:21 pm,01/06/2026,21.2,80,,,,,,,,,,,,,,,,,,,,,,,,,,,,,,,,,,,,,,,,,,,,,,,,
282,,9,,282,S/S LOJI AIR HABU,4:21 pm,01/06/2026,21.2,80,,,,,,,,,,,,,,,,,,,,,,,,,,,,,,,,,,,,,,,,,,,,,,,,
283,,9,,283,S/S LOJI AIR HABU,4:21 pm,01/06/2026,21.2,80,,,,,,,,,,,,,,,,,,,,,,,,,,,,,,,,,,,,,,,,,,,,,,,,
283,,9,,283,S/S LOJI AIR HABU,4:21 pm,01/06/2026,21.2,80,,,,,,,,,,,,,,,,,,,,,,,,,,,,,,,,,,,,,,,,,,,,,,,,
284,,9,,284,S/S LOJI AIR HABU,4:21 pm,01/06/2026,21.2,80,,,,,,,,,,,,,,,,,,,,,,,,,,,,,,,,,,,,,,,,,,,,,,,,
284,,9,,284,S/S LOJI AIR HABU,4:21 pm,01/06/2026,21.2,80,,,,,,,,,,,,,,,,,,,,,,,,,,,,,,,,,,,,,,,,,,,,,,,,
285,,9,,285,S/S LOJI AIR HABU,4:21 pm,01/06/2026,21.2,80,,,,,,,,,,,,,,,,,,,,,,,,,,,,,,,,,,,,,,,,,,,,,,,,
285,,9,,285,S/S LOJI AIR HABU,4:21 pm,01/06/2026,21.2,80,,,,,,,,,,,,,,,,,,,,,,,,,,,,,,,,,,,,,,,,,,,,,,,,
286,,9,,286,S/S LOJI AIR HABU,4:21 pm,01/06/2026,21.2,80,,,,,,,,,,,,,,,,,,,,,,,,,,,,,,,,,,,,,,,,,,,,,,,,
286,,9,,286,S/S LOJI AIR HABU,4:21 pm,01/06/2026,21.2,80,,,,,,,,,,,,,,,,,,,,,,,,,,,,,,,,,,,,,,,,,,,,,,,,
287,,9,,287,S/S LOJI AIR HABU,4:21 pm,01/06/2026,21.2,80,,,,,,,,,,,,,,,,,,,,,,,,,,,,,,,,,,,,,,,,,,,,,,,,
287,,9,,287,S/S LOJI AIR HABU,4:21 pm,01/06/2026,21.2,80,,,,,,,,,,,,,,,,,,,,,,,,,,,,,,,,,,,,,,,,,,,,,,,,
288,,9,,288,S/S LOJI AIR HABU,4:21 pm,01/06/2026,21.2,80,,,,,,,,,,,,,,,,,,,,,,,,,,,,,,,,,,,,,,,,,,,,,,,,
288,,9,,288,S/S LOJI AIR HABU,4:21 pm,01/06/2026,21.2,80,,,,,,,,,,,,,,,,,,,,,,,,,,,,,,,,,,,,,,,,,,,,,,,,
289,,9,,289,S/S LOJI AIR HABU,4:21 pm,01/06/2026,21.2,80,,,,,,,,,,,,,,,,,,,,,,,,,,,,,,,,,,,,,,,,,,,,,,,,
289,,9,,289,S/S LOJI AIR HABU,4:21 pm,01/06/2026,21.2,80,,,,,,,,,,,,,,,,,,,,,,,,,,,,,,,,,,,,,,,,,,,,,,,,
290,,9,,290,S/S LOJI AIR HABU,4:21 pm,01/06/2026,21.2,80,,,,,,,,,,,,,,,,,,,,,,,,,,,,,,,,,,,,,,,,,,,,,,,,
290,,9,,290,S/S LOJI AIR HABU,4:21 pm,01/06/2026,21.2,80,,,,,,,,,,,,,,,,,,,,,,,,,,,,,,,,,,,,,,,,,,,,,,,,
291,,9,,291,S/S LOJI AIR HABU,4:21 pm,01/06/2026,21.2,80,,,,,,,,,,,,,,,,,,,,,,,,,,,,,,,,,,,,,,,,,,,,,,,,
291,,9,,291,S/S LOJI AIR HABU,4:21 pm,01/06/2026,21.2,80,,,,,,,,,,,,,,,,,,,,,,,,,,,,,,,,,,,,,,,,,,,,,,,,
292,,9,,292,S/S LOJI AIR HABU,4:21 pm,01/06/2026,21.2,80,,,,,,,,,,,,,,,,,,,,,,,,,,,,,,,,,,,,,,,,,,,,,,,,
292,,9,,292,S/S LOJI AIR HABU,4:21 pm,01/06/2026,21.2,80,,,,,,,,,,,,,,,,,,,,,,,,,,,,,,,,,,,,,,,,,,,,,,,,
293,,9,,293,S/S LOJI AIR HABU,4:21 pm,01/06/2026,21.2,80,,,,,,,,,,,,,,,,,,,,,,,,,,,,,,,,,,,,,,,,,,,,,,,,
293,,9,,293,S/S LOJI AIR HABU,4:21 pm,01/06/2026,21.2,80,,,,,,,,,,,,,,,,,,,,,,,,,,,,,,,,,,,,,,,,,,,,,,,,
294,,9,,294,S/S LOJI AIR HABU,4:21 pm,01/06/2026,21.2,80,,,,,,,,,,,,,,,,,,,,,,,,,,,,,,,,,,,,,,,,,,,,,,,,
294,,9,,294,S/S LOJI AIR HABU,4:21 pm,01/06/2026,21.2,80,,,,,,,,,,,,,,,,,,,,,,,,,,,,,,,,,,,,,,,,,,,,,,,,
295,,9,,295,S/S LOJI AIR HABU,4:21 pm,01/06/2026,21.2,80,,,,,,,,,,,,,,,,,,,,,,,,,,,,,,,,,,,,,,,,,,,,,,,,
295,,9,,295,S/S LOJI AIR HABU,4:21 pm,01/06/2026,21.2,80,,,,,,,,,,,,,,,,,,,,,,,,,,,,,,,,,,,,,,,,,,,,,,,,
296,,9,,296,S/S LOJI AIR HABU,4:21 pm,01/06/2026,21.2,80,,,,,,,,,,,,,,,,,,,,,,,,,,,,,,,,,,,,,,,,,,,,,,,,
296,,9,,296,S/S LOJI AIR HABU,4:21 pm,01/06/2026,21.2,80,,,,,,,,,,,,,,,,,,,,,,,,,,,,,,,,,,,,,,,,,,,,,,,,
297,,9,,297,S/S LOJI AIR HABU,4:21 pm,01/06/2026,21.2,80,,,,,,,,,,,,,,,,,,,,,,,,,,,,,,,,,,,,,,,,,,,,,,,,
297,,9,,297,S/S LOJI AIR HABU,4:21 pm,01/06/2026,21.2,80,,,,,,,,,,,,,,,,,,,,,,,,,,,,,,,,,,,,,,,,,,,,,,,,
298,,9,,298,S/S LOJI AIR HABU,4:21 pm,01/06/2026,21.2,80,,,,,,,,,,,,,,,,,,,,,,,,,,,,,,,,,,,,,,,,,,,,,,,,
298,,9,,298,S/S LOJI AIR HABU,4:21 pm,01/06/2026,21.2,80,,,,,,,,,,,,,,,,,,,,,,,,,,,,,,,,,,,,,,,,,,,,,,,,
299,,9,,299,S/S LOJI AIR HABU,4:21 pm,01/06/2026,21.2,80,,,,,,,,,,,,,,,,,,,,,,,,,,,,,,,,,,,,,,,,,,,,,,,,
299,,9,,299,S/S LOJI AIR HABU,4:21 pm,01/06/2026,21.2,80,,,,,,,,,,,,,,,,,,,,,,,,,,,,,,,,,,,,,,,,,,,,,,,,
300,,9,,300,S/S LOJI AIR HABU,4:21 pm,01/06/2026,21.2,80,,,,,,,,,,,,,,,,,,,,,,,,,,,,,,,,,,,,,,,,,,,,,,,,
300,,9,,300,S/S LOJI AIR HABU,4:21 pm,01/06/2026,21.2,80,,,,,,,,,,,,,,,,,,,,,,,,,,,,,,,,,,,,,,,,,,,,,,,,
301,,9,,301,S/S LOJI AIR HABU,4:21 pm,01/06/2026,21.2,80,,,,,,,,,,,,,,,,,,,,,,,,,,,,,,,,,,,,,,,,,,,,,,,,
301,,9,,301,S/S LOJI AIR HABU,4:21 pm,01/06/2026,21.2,80,,,,,,,,,,,,,,,,,,,,,,,,,,,,,,,,,,,,,,,,,,,,,,,,
302,,9,,302,S/S LOJI AIR HABU,4:21 pm,01/06/2026,21.2,80,,,,,,,,,,,,,,,,,,,,,,,,,,,,,,,,,,,,,,,,,,,,,,,,
302,,9,,302,S/S LOJI AIR HABU,4:21 pm,01/06/2026,21.2,80,,,,,,,,,,,,,,,,,,,,,,,,,,,,,,,,,,,,,,,,,,,,,,,,
303,,9,,303,S/S LOJI AIR HABU,4:21 pm,01/06/2026,21.2,80,,,,,,,,,,,,,,,,,,,,,,,,,,,,,,,,,,,,,,,,,,,,,,,,
303,,9,,303,S/S LOJI AIR HABU,4:21 pm,01/06/2026,21.2,80,,,,,,,,,,,,,,,,,,,,,,,,,,,,,,,,,,,,,,,,,,,,,,,,
304,,9,,304,S/S LOJI AIR HABU,4:21 pm,01/06/2026,21.2,80,,,,,,,,,,,,,,,,,,,,,,,,,,,,,,,,,,,,,,,,,,,,,,,,
304,,9,,304,S/S LOJI AIR HABU,4:21 pm,01/06/2026,21.2,80,,,,,,,,,,,,,,,,,,,,,,,,,,,,,,,,,,,,,,,,,,,,,,,,
305,,10,,305,S/S LOJI AIR HABU,4:21 pm,01/06/2026,21.2,80,,,,,,,,,,,,,,,,,,,,,,,,,,,,,,,,,,,,,,,,,,,,,,,,
305,,10,,305,S/S LOJI AIR HABU,4:21 pm,01/06/2026,21.2,80,,,,,,,,,,,,,,,,,,,,,,,,,,,,,,,,,,,,,,,,,,,,,,,,
306,,10,,306,S/S LOJI AIR HABU,4:21 pm,01/06/2026,21.2,80,,,,,,,,,,,,,,,,,,,,,,,,,,,,,,,,,,,,,,,,,,,,,,,,
306,,10,,306,S/S LOJI AIR HABU,4:21 pm,01/06/2026,21.2,80,,,,,,,,,,,,,,,,,,,,,,,,,,,,,,,,,,,,,,,,,,,,,,,,
307,,10,,307,S/S LOJI AIR HABU,4:21 pm,01/06/2026,21.2,80,,,,,,,,,,,,,,,,,,,,,,,,,,,,,,,,,,,,,,,,,,,,,,,,
307,,10,,307,S/S LOJI AIR HABU,4:21 pm,01/06/2026,21.2,80,,,,,,,,,,,,,,,,,,,,,,,,,,,,,,,,,,,,,,,,,,,,,,,,
308,,10,,308,S/S LOJI AIR HABU,4:21 pm,01/06/2026,21.2,80,,,,,,,,,,,,,,,,,,,,,,,,,,,,,,,,,,,,,,,,,,,,,,,,
308,,10,,308,S/S LOJI AIR HABU,4:21 pm,01/06/2026,21.2,80,,,,,,,,,,,,,,,,,,,,,,,,,,,,,,,,,,,,,,,,,,,,,,,,
309,,10,,309,S/S LOJI AIR HABU,4:21 pm,01/06/2026,21.2,80,,,,,,,,,,,,,,,,,,,,,,,,,,,,,,,,,,,,,,,,,,,,,,,,
309,,10,,309,S/S LOJI AIR HABU,4:21 pm,01/06/2026,21.2,80,,,,,,,,,,,,,,,,,,,,,,,,,,,,,,,,,,,,,,,,,,,,,,,,
310,,10,,310,S/S LOJI AIR HABU,4:21 pm,01/06/2026,21.2,80,,,,,,,,,,,,,,,,,,,,,,,,,,,,,,,,,,,,,,,,,,,,,,,,
310,,10,,310,S/S LOJI AIR HABU,4:21 pm,01/06/2026,21.2,80,,,,,,,,,,,,,,,,,,,,,,,,,,,,,,,,,,,,,,,,,,,,,,,,
311,,10,,311,S/S LOJI AIR HABU,4:21 pm,01/06/2026,21.2,80,,,,,,,,,,,,,,,,,,,,,,,,,,,,,,,,,,,,,,,,,,,,,,,,
311,,10,,311,S/S LOJI AIR HABU,4:21 pm,01/06/2026,21.2,80,,,,,,,,,,,,,,,,,,,,,,,,,,,,,,,,,,,,,,,,,,,,,,,,
312,,10,,312,S/S LOJI AIR HABU,4:21 pm,01/06/2026,21.2,80,,,,,,,,,,,,,,,,,,,,,,,,,,,,,,,,,,,,,,,,,,,,,,,,
312,,10,,312,S/S LOJI AIR HABU,4:21 pm,01/06/2026,21.2,80,,,,,,,,,,,,,,,,,,,,,,,,,,,,,,,,,,,,,,,,,,,,,,,,
313,,10,,313,S/S LOJI AIR HABU,4:21 pm,01/06/2026,21.2,80,,,,,,,,,,,,,,,,,,,,,,,,,,,,,,,,,,,,,,,,,,,,,,,,
313,,10,,313,S/S LOJI AIR HABU,4:21 pm,01/06/2026,21.2,80,,,,,,,,,,,,,,,,,,,,,,,,,,,,,,,,,,,,,,,,,,,,,,,,
314,,10,,314,S/S LOJI AIR HABU,4:21 pm,01/06/2026,21.2,80,,,,,,,,,,,,,,,,,,,,,,,,,,,,,,,,,,,,,,,,,,,,,,,,
314,,10,,314,S/S LOJI AIR HABU,4:21 pm,01/06/2026,21.2,80,,,,,,,,,,,,,,,,,,,,,,,,,,,,,,,,,,,,,,,,,,,,,,,,
315,,10,,315,S/S LOJI AIR HABU,4:21 pm,01/06/2026,21.2,80,,,,,,,,,,,,,,,,,,,,,,,,,,,,,,,,,,,,,,,,,,,,,,,,
315,,10,,315,S/S LOJI AIR HABU,4:21 pm,01/06/2026,21.2,80,,,,,,,,,,,,,,,,,,,,,,,,,,,,,,,,,,,,,,,,,,,,,,,,
316,,10,,316,S/S LOJI AIR HABU,4:21 pm,01/06/2026,21.2,80,,,,,,,,,,,,,,,,,,,,,,,,,,,,,,,,,,,,,,,,,,,,,,,,
316,,10,,316,S/S LOJI AIR HABU,4:21 pm,01/06/2026,21.2,80,,,,,,,,,,,,,,,,,,,,,,,,,,,,,,,,,,,,,,,,,,,,,,,,
317,,10,,317,S/S LOJI AIR HABU,4:21 pm,01/06/2026,21.2,80,,,,,,,,,,,,,,,,,,,,,,,,,,,,,,,,,,,,,,,,,,,,,,,,
317,,10,,317,S/S LOJI AIR HABU,4:21 pm,01/06/2026,21.2,80,,,,,,,,,,,,,,,,,,,,,,,,,,,,,,,,,,,,,,,,,,,,,,,,
318,,10,,318,S/S LOJI AIR HABU,4:21 pm,01/06/2026,21.2,80,,,,,,,,,,,,,,,,,,,,,,,,,,,,,,,,,,,,,,,,,,,,,,,,
318,,10,,318,S/S LOJI AIR HABU,4:21 pm,01/06/2026,21.2,80,,,,,,,,,,,,,,,,,,,,,,,,,,,,,,,,,,,,,,,,,,,,,,,,
319,,10,,319,S/S LOJI AIR HABU,4:21 pm,01/06/2026,21.2,80,,,,,,,,,,,,,,,,,,,,,,,,,,,,,,,,,,,,,,,,,,,,,,,,
319,,10,,319,S/S LOJI AIR HABU,4:21 pm,01/06/2026,21.2,80,,,,,,,,,,,,,,,,,,,,,,,,,,,,,,,,,,,,,,,,,,,,,,,,
320,,10,,320,S/S LOJI AIR HABU,4:21 pm,01/06/2026,21.2,80,,,,,,,,,,,,,,,,,,,,,,,,,,,,,,,,,,,,,,,,,,,,,,,,
320,,10,,320,S/S LOJI AIR HABU,4:21 pm,01/06/2026,21.2,80,,,,,,,,,,,,,,,,,,,,,,,,,,,,,,,,,,,,,,,,,,,,,,,,
321,,10,,321,S/S LOJI AIR HABU,4:21 pm,01/06/2026,21.2,80,,,,,,,,,,,,,,,,,,,,,,,,,,,,,,,,,,,,,,,,,,,,,,,,
321,,10,,321,S/S LOJI AIR HABU,4:21 pm,01/06/2026,21.2,80,,,,,,,,,,,,,,,,,,,,,,,,,,,,,,,,,,,,,,,,,,,,,,,,
322,,10,,322,S/S LOJI AIR HABU,4:21 pm,01/06/2026,21.2,80,,,,,,,,,,,,,,,,,,,,,,,,,,,,,,,,,,,,,,,,,,,,,,,,
322,,10,,322,S/S LOJI AIR HABU,4:21 pm,01/06/2026,21.2,80,,,,,,,,,,,,,,,,,,,,,,,,,,,,,,,,,,,,,,,,,,,,,,,,
323,,10,,323,S/S LOJI AIR HABU,4:21 pm,01/06/2026,21.2,80,,,,,,,,,,,,,,,,,,,,,,,,,,,,,,,,,,,,,,,,,,,,,,,,
323,,10,,323,S/S LOJI AIR HABU,4:21 pm,01/06/2026,21.2,80,,,,,,,,,,,,,,,,,,,,,,,,,,,,,,,,,,,,,,,,,,,,,,,,
324,,10,,324,S/S LOJI AIR HABU,4:21 pm,01/06/2026,21.2,80,,,,,,,,,,,,,,,,,,,,,,,,,,,,,,,,,,,,,,,,,,,,,,,,
324,,10,,324,S/S LOJI AIR HABU,4:21 pm,01/06/2026,21.2,80,,,,,,,,,,,,,,,,,,,,,,,,,,,,,,,,,,,,,,,,,,,,,,,,
325,,10,,325,S/S LOJI AIR HABU,4:21 pm,01/06/2026,21.2,80,,,,,,,,,,,,,,,,,,,,,,,,,,,,,,,,,,,,,,,,,,,,,,,,
325,,10,,325,S/S LOJI AIR HABU,4:21 pm,01/06/2026,21.2,80,,,,,,,,,,,,,,,,,,,,,,,,,,,,,,,,,,,,,,,,,,,,,,,,
326,,10,,326,S/S LOJI AIR HABU,4:21 pm,01/06/2026,21.2,80,,,,,,,,,,,,,,,,,,,,,,,,,,,,,,,,,,,,,,,,,,,,,,,,
326,,10,,326,S/S LOJI AIR HABU,4:21 pm,01/06/2026,21.2,80,,,,,,,,,,,,,,,,,,,,,,,,,,,,,,,,,,,,,,,,,,,,,,,,
327,,10,,327,S/S LOJI AIR HABU,4:21 pm,01/06/2026,21.2,80,,,,,,,,,,,,,,,,,,,,,,,,,,,,,,,,,,,,,,,,,,,,,,,,
327,,10,,327,S/S LOJI AIR HABU,4:21 pm,01/06/2026,21.2,80,,,,,,,,,,,,,,,,,,,,,,,,,,,,,,,,,,,,,,,,,,,,,,,,
328,,10,,328,S/S LOJI AIR HABU,4:21 pm,01/06/2026,21.2,80,,,,,,,,,,,,,,,,,,,,,,,,,,,,,,,,,,,,,,,,,,,,,,,,
328,,10,,328,S/S LOJI AIR HABU,4:21 pm,01/06/2026,21.2,80,,,,,,,,,,,,,,,,,,,,,,,,,,,,,,,,,,,,,,,,,,,,,,,,
329,,10,,329,S/S LOJI AIR HABU,4:21 pm,01/06/2026,21.2,80,,,,,,,,,,,,,,,,,,,,,,,,,,,,,,,,,,,,,,,,,,,,,,,,
329,,10,,329,S/S LOJI AIR HABU,4:21 pm,01/06/2026,21.2,80,,,,,,,,,,,,,,,,,,,,,,,,,,,,,,,,,,,,,,,,,,,,,,,,
330,,10,,330,S/S LOJI AIR HABU,4:21 pm,01/06/2026,21.2,80,,,,,,,,,,,,,,,,,,,,,,,,,,,,,,,,,,,,,,,,,,,,,,,,
330,,10,,330,S/S LOJI AIR HABU,4:21 pm,01/06/2026,21.2,80,,,,,,,,,,,,,,,,,,,,,,,,,,,,,,,,,,,,,,,,,,,,,,,,
331,,10,,331,S/S LOJI AIR HABU,4:21 pm,01/06/2026,21.2,80,,,,,,,,,,,,,,,,,,,,,,,,,,,,,,,,,,,,,,,,,,,,,,,,
331,,10,,331,S/S LOJI AIR HABU,4:21 pm,01/06/2026,21.2,80,,,,,,,,,,,,,,,,,,,,,,,,,,,,,,,,,,,,,,,,,,,,,,,,
332,,10,,332,S/S LOJI AIR HABU,4:21 pm,01/06/2026,21.2,80,,,,,,,,,,,,,,,,,,,,,,,,,,,,,,,,,,,,,,,,,,,,,,,,
332,,10,,332,S/S LOJI AIR HABU,4:21 pm,01/06/2026,21.2,80,,,,,,,,,,,,,,,,,,,,,,,,,,,,,,,,,,,,,,,,,,,,,,,,
333,,10,,333,S/S LOJI AIR HABU,4:21 pm,01/06/2026,21.2,80,,,,,,,,,,,,,,,,,,,,,,,,,,,,,,,,,,,,,,,,,,,,,,,,
333,,10,,333,S/S LOJI AIR HABU,4:21 pm,01/06/2026,21.2,80,,,,,,,,,,,,,,,,,,,,,,,,,,,,,,,,,,,,,,,,,,,,,,,,
334,,10,,334,S/S LOJI AIR HABU,4:21 pm,01/06/2026,21.2,80,,,,,,,,,,,,,,,,,,,,,,,,,,,,,,,,,,,,,,,,,,,,,,,,
334,,10,,334,S/S LOJI AIR HABU,4:21 pm,01/06/2026,21.2,80,,,,,,,,,,,,,,,,,,,,,,,,,,,,,,,,,,,,,,,,,,,,,,,,
335,,10,,335,S/S LOJI AIR HABU,4:21 pm,01/06/2026,21.2,80,,,,,,,,,,,,,,,,,,,,,,,,,,,,,,,,,,,,,,,,,,,,,,,,
335,,10,,335,S/S LOJI AIR HABU,4:21 pm,01/06/2026,21.2,80,,,,,,,,,,,,,,,,,,,,,,,,,,,,,,,,,,,,,,,,,,,,,,,,
336,,10,,336,S/S LOJI AIR HABU,4:21 pm,01/06/2026,21.2,80,,,,,,,,,,,,,,,,,,,,,,,,,,,,,,,,,,,,,,,,,,,,,,,,
336,,10,,336,S/S LOJI AIR HABU,4:21 pm,01/06/2026,21.2,80,,,,,,,,,,,,,,,,,,,,,,,,,,,,,,,,,,,,,,,,,,,,,,,,
337,,10,,337,S/S LOJI AIR HABU,4:21 pm,01/06/2026,21.2,80,,,,,,,,,,,,,,,,,,,,,,,,,,,,,,,,,,,,,,,,,,,,,,,,
337,,10,,337,S/S LOJI AIR HABU,4:21 pm,01/06/2026,21.2,80,,,,,,,,,,,,,,,,,,,,,,,,,,,,,,,,,,,,,,,,,,,,,,,,
338,,10,,338,S/S LOJI AIR HABU,4:21 pm,01/06/2026,21.2,80,,,,,,,,,,,,,,,,,,,,,,,,,,,,,,,,,,,,,,,,,,,,,,,,
338,,10,,338,S/S LOJI AIR HABU,4:21 pm,01/06/2026,21.2,80,,,,,,,,,,,,,,,,,,,,,,,,,,,,,,,,,,,,,,,,,,,,,,,,
339,,10,,339,S/S LOJI AIR HABU,4:21 pm,01/06/2026,21.2,80,,,,,,,,,,,,,,,,,,,,,,,,,,,,,,,,,,,,,,,,,,,,,,,,
339,,10,,339,S/S LOJI AIR HABU,4:21 pm,01/06/2026,21.2,80,,,,,,,,,,,,,,,,,,,,,,,,,,,,,,,,,,,,,,,,,,,,,,,,
340,,10,,340,S/S LOJI AIR HABU,4:21 pm,01/06/2026,21.2,80,,,,,,,,,,,,,,,,,,,,,,,,,,,,,,,,,,,,,,,,,,,,,,,,
340,,10,,340,S/S LOJI AIR HABU,4:21 pm,01/06/2026,21.2,80,,,,,,,,,,,,,,,,,,,,,,,,,,,,,,,,,,,,,,,,,,,,,,,,
341,,10,,341,S/S LOJI AIR HABU,4:21 pm,01/06/2026,21.2,80,,,,,,,,,,,,,,,,,,,,,,,,,,,,,,,,,,,,,,,,,,,,,,,,
341,,10,,341,S/S LOJI AIR HABU,4:21 pm,01/06/2026,21.2,80,,,,,,,,,,,,,,,,,,,,,,,,,,,,,,,,,,,,,,,,,,,,,,,,
342,,10,,342,S/S LOJI AIR HABU,4:21 pm,01/06/2026,21.2,80,,,,,,,,,,,,,,,,,,,,,,,,,,,,,,,,,,,,,,,,,,,,,,,,
342,,10,,342,S/S LOJI AIR HABU,4:21 pm,01/06/2026,21.2,80,,,,,,,,,,,,,,,,,,,,,,,,,,,,,,,,,,,,,,,,,,,,,,,,
343,,10,,343,S/S LOJI AIR HABU,4:21 pm,01/06/2026,21.2,80,,,,,,,,,,,,,,,,,,,,,,,,,,,,,,,,,,,,,,,,,,,,,,,,
343,,10,,343,S/S LOJI AIR HABU,4:21 pm,01/06/2026,21.2,80,,,,,,,,,,,,,,,,,,,,,,,,,,,,,,,,,,,,,,,,,,,,,,,,
344,,10,,344,S/S LOJI AIR HABU,4:21 pm,01/06/2026,21.2,80,,,,,,,,,,,,,,,,,,,,,,,,,,,,,,,,,,,,,,,,,,,,,,,,
344,,10,,344,S/S LOJI AIR HABU,4:21 pm,01/06/2026,21.2,80,,,,,,,,,,,,,,,,,,,,,,,,,,,,,,,,,,,,,,,,,,,,,,,,
345,,11,,345,S/S LOJI AIR HABU,4:21 pm,01/06/2026,21.2,80,,,,,,,,,,,,,,,,,,,,,,,,,,,,,,,,,,,,,,,,,,,,,,,,
345,,11,,345,S/S LOJI AIR HABU,4:21 pm,01/06/2026,21.2,80,,,,,,,,,,,,,,,,,,,,,,,,,,,,,,,,,,,,,,,,,,,,,,,,
346,,11,,346,S/S LOJI AIR HABU,4:21 pm,01/06/2026,21.2,80,,,,,,,,,,,,,,,,,,,,,,,,,,,,,,,,,,,,,,,,,,,,,,,,
346,,11,,346,S/S LOJI AIR HABU,4:21 pm,01/06/2026,21.2,80,,,,,,,,,,,,,,,,,,,,,,,,,,,,,,,,,,,,,,,,,,,,,,,,
347,,11,,347,S/S LOJI AIR HABU,4:21 pm,01/06/2026,21.2,80,,,,,,,,,,,,,,,,,,,,,,,,,,,,,,,,,,,,,,,,,,,,,,,,
347,,11,,347,S/S LOJI AIR HABU,4:21 pm,01/06/2026,21.2,80,,,,,,,,,,,,,,,,,,,,,,,,,,,,,,,,,,,,,,,,,,,,,,,,
348,,11,,348,S/S LOJI AIR HABU,4:21 pm,01/06/2026,21.2,80,,,,,,,,,,,,,,,,,,,,,,,,,,,,,,,,,,,,,,,,,,,,,,,,
348,,11,,348,S/S LOJI AIR HABU,4:21 pm,01/06/2026,21.2,80,,,,,,,,,,,,,,,,,,,,,,,,,,,,,,,,,,,,,,,,,,,,,,,,
349,,11,,349,S/S LOJI AIR HABU,4:21 pm,01/06/2026,21.2,80,,,,,,,,,,,,,,,,,,,,,,,,,,,,,,,,,,,,,,,,,,,,,,,,
349,,11,,349,S/S LOJI AIR HABU,4:21 pm,01/06/2026,21.2,80,,,,,,,,,,,,,,,,,,,,,,,,,,,,,,,,,,,,,,,,,,,,,,,,
350,,11,,350,S/S LOJI AIR HABU,4:21 pm,01/06/2026,21.2,80,,,,,,,,,,,,,,,,,,,,,,,,,,,,,,,,,,,,,,,,,,,,,,,,
350,,11,,350,S/S LOJI AIR HABU,4:21 pm,01/06/2026,21.2,80,,,,,,,,,,,,,,,,,,,,,,,,,,,,,,,,,,,,,,,,,,,,,,,,
351,,11,,351,S/S LOJI AIR HABU,4:21 pm,01/06/2026,21.2,80,,,,,,,,,,,,,,,,,,,,,,,,,,,,,,,,,,,,,,,,,,,,,,,,
351,,11,,351,S/S LOJI AIR HABU,4:21 pm,01/06/2026,21.2,80,,,,,,,,,,,,,,,,,,,,,,,,,,,,,,,,,,,,,,,,,,,,,,,,
352,,11,,352,S/S LOJI AIR HABU,4:21 pm,01/06/2026,21.2,80,,,,,,,,,,,,,,,,,,,,,,,,,,,,,,,,,,,,,,,,,,,,,,,,
352,,11,,352,S/S LOJI AIR HABU,4:21 pm,01/06/2026,21.2,80,,,,,,,,,,,,,,,,,,,,,,,,,,,,,,,,,,,,,,,,,,,,,,,,
353,,11,,353,S/S LOJI AIR HABU,4:21 pm,01/06/2026,21.2,80,,,,,,,,,,,,,,,,,,,,,,,,,,,,,,,,,,,,,,,,,,,,,,,,
353,,11,,353,S/S LOJI AIR HABU,4:21 pm,01/06/2026,21.2,80,,,,,,,,,,,,,,,,,,,,,,,,,,,,,,,,,,,,,,,,,,,,,,,,
354,,11,,354,S/S LOJI AIR HABU,4:21 pm,01/06/2026,21.2,80,,,,,,,,,,,,,,,,,,,,,,,,,,,,,,,,,,,,,,,,,,,,,,,,
354,,11,,354,S/S LOJI AIR HABU,4:21 pm,01/06/2026,21.2,80,,,,,,,,,,,,,,,,,,,,,,,,,,,,,,,,,,,,,,,,,,,,,,,,
355,,11,,355,S/S LOJI AIR HABU,4:21 pm,01/06/2026,21.2,80,,,,,,,,,,,,,,,,,,,,,,,,,,,,,,,,,,,,,,,,,,,,,,,,
355,,11,,355,S/S LOJI AIR HABU,4:21 pm,01/06/2026,21.2,80,,,,,,,,,,,,,,,,,,,,,,,,,,,,,,,,,,,,,,,,,,,,,,,,
356,,11,,356,S/S LOJI AIR HABU,4:21 pm,01/06/2026,21.2,80,,,,,,,,,,,,,,,,,,,,,,,,,,,,,,,,,,,,,,,,,,,,,,,,
356,,11,,356,S/S LOJI AIR HABU,4:21 pm,01/06/2026,21.2,80,,,,,,,,,,,,,,,,,,,,,,,,,,,,,,,,,,,,,,,,,,,,,,,,
357,,11,,357,S/S LOJI AIR HABU,4:21 pm,01/06/2026,21.2,80,,,,,,,,,,,,,,,,,,,,,,,,,,,,,,,,,,,,,,,,,,,,,,,,
357,,11,,357,S/S LOJI AIR HABU,4:21 pm,01/06/2026,21.2,80,,,,,,,,,,,,,,,,,,,,,,,,,,,,,,,,,,,,,,,,,,,,,,,,
358,,11,,358,S/S LOJI AIR HABU,4:21 pm,01/06/2026,21.2,80,,,,,,,,,,,,,,,,,,,,,,,,,,,,,,,,,,,,,,,,,,,,,,,,
358,,11,,358,S/S LOJI AIR HABU,4:21 pm,01/06/2026,21.2,80,,,,,,,,,,,,,,,,,,,,,,,,,,,,,,,,,,,,,,,,,,,,,,,,
359,,11,,359,S/S LOJI AIR HABU,4:21 pm,01/06/2026,21.2,80,,,,,,,,,,,,,,,,,,,,,,,,,,,,,,,,,,,,,,,,,,,,,,,,
359,,11,,359,S/S LOJI AIR HABU,4:21 pm,01/06/2026,21.2,80,,,,,,,,,,,,,,,,,,,,,,,,,,,,,,,,,,,,,,,,,,,,,,,,
360,,11,,360,S/S LOJI AIR HABU,4:21 pm,01/06/2026,21.2,80,,,,,,,,,,,,,,,,,,,,,,,,,,,,,,,,,,,,,,,,,,,,,,,,
360,,11,,360,S/S LOJI AIR HABU,4:21 pm,01/06/2026,21.2,80,,,,,,,,,,,,,,,,,,,,,,,,,,,,,,,,,,,,,,,,,,,,,,,,
361,,11,,361,S/S LOJI AIR HABU,4:21 pm,01/06/2026,21.2,80,,,,,,,,,,,,,,,,,,,,,,,,,,,,,,,,,,,,,,,,,,,,,,,,
361,,11,,361,S/S LOJI AIR HABU,4:21 pm,01/06/2026,21.2,80,,,,,,,,,,,,,,,,,,,,,,,,,,,,,,,,,,,,,,,,,,,,,,,,
362,,11,,362,S/S LOJI AIR HABU,4:21 pm,01/06/2026,21.2,80,,,,,,,,,,,,,,,,,,,,,,,,,,,,,,,,,,,,,,,,,,,,,,,,
362,,11,,362,S/S LOJI AIR HABU,4:21 pm,01/06/2026,21.2,80,,,,,,,,,,,,,,,,,,,,,,,,,,,,,,,,,,,,,,,,,,,,,,,,
363,,11,,363,S/S LOJI AIR HABU,4:21 pm,01/06/2026,21.2,80,,,,,,,,,,,,,,,,,,,,,,,,,,,,,,,,,,,,,,,,,,,,,,,,
363,,11,,363,S/S LOJI AIR HABU,4:21 pm,01/06/2026,21.2,80,,,,,,,,,,,,,,,,,,,,,,,,,,,,,,,,,,,,,,,,,,,,,,,,
364,,11,,364,S/S LOJI AIR HABU,4:21 pm,01/06/2026,21.2,80,,,,,,,,,,,,,,,,,,,,,,,,,,,,,,,,,,,,,,,,,,,,,,,,
364,,11,,364,S/S LOJI AIR HABU,4:21 pm,01/06/2026,21.2,80,,,,,,,,,,,,,,,,,,,,,,,,,,,,,,,,,,,,,,,,,,,,,,,,
365,,11,,365,S/S LOJI AIR HABU,4:21 pm,01/06/2026,21.2,80,,,,,,,,,,,,,,,,,,,,,,,,,,,,,,,,,,,,,,,,,,,,,,,,
365,,11,,365,S/S LOJI AIR HABU,4:21 pm,01/06/2026,21.2,80,,,,,,,,,,,,,,,,,,,,,,,,,,,,,,,,,,,,,,,,,,,,,,,,
366,,11,,366,S/S LOJI AIR HABU,4:21 pm,01/06/2026,21.2,80,,,,,,,,,,,,,,,,,,,,,,,,,,,,,,,,,,,,,,,,,,,,,,,,
366,,11,,366,S/S LOJI AIR HABU,4:21 pm,01/06/2026,21.2,80,,,,,,,,,,,,,,,,,,,,,,,,,,,,,,,,,,,,,,,,,,,,,,,,
367,,11,,367,S/S LOJI AIR HABU,4:21 pm,01/06/2026,21.2,80,,,,,,,,,,,,,,,,,,,,,,,,,,,,,,,,,,,,,,,,,,,,,,,,
367,,11,,367,S/S LOJI AIR HABU,4:21 pm,01/06/2026,21.2,80,,,,,,,,,,,,,,,,,,,,,,,,,,,,,,,,,,,,,,,,,,,,,,,,
368,,11,,368,S/S LOJI AIR HABU,4:21 pm,01/06/2026,21.2,80,,,,,,,,,,,,,,,,,,,,,,,,,,,,,,,,,,,,,,,,,,,,,,,,
368,,11,,368,S/S LOJI AIR HABU,4:21 pm,01/06/2026,21.2,80,,,,,,,,,,,,,,,,,,,,,,,,,,,,,,,,,,,,,,,,,,,,,,,,
369,,11,,369,S/S LOJI AIR HABU,4:21 pm,01/06/2026,21.2,80,,,,,,,,,,,,,,,,,,,,,,,,,,,,,,,,,,,,,,,,,,,,,,,,
369,,11,,369,S/S LOJI AIR HABU,4:21 pm,01/06/2026,21.2,80,,,,,,,,,,,,,,,,,,,,,,,,,,,,,,,,,,,,,,,,,,,,,,,,
370,,11,,370,S/S LOJI AIR HABU,4:21 pm,01/06/2026,21.2,80,,,,,,,,,,,,,,,,,,,,,,,,,,,,,,,,,,,,,,,,,,,,,,,,
370,,11,,370,S/S LOJI AIR HABU,4:21 pm,01/06/2026,21.2,80,,,,,,,,,,,,,,,,,,,,,,,,,,,,,,,,,,,,,,,,,,,,,,,,
371,,11,,371,S/S LOJI AIR HABU,4:21 pm,01/06/2026,21.2,80,,,,,,,,,,,,,,,,,,,,,,,,,,,,,,,,,,,,,,,,,,,,,,,,
371,,11,,371,S/S LOJI AIR HABU,4:21 pm,01/06/2026,21.2,80,,,,,,,,,,,,,,,,,,,,,,,,,,,,,,,,,,,,,,,,,,,,,,,,
372,,11,,372,S/S LOJI AIR HABU,4:21 pm,01/06/2026,21.2,80,,,,,,,,,,,,,,,,,,,,,,,,,,,,,,,,,,,,,,,,,,,,,,,,
372,,11,,372,S/S LOJI AIR HABU,4:21 pm,01/06/2026,21.2,80,,,,,,,,,,,,,,,,,,,,,,,,,,,,,,,,,,,,,,,,,,,,,,,,
373,,11,,373,S/S LOJI AIR HABU,4:21 pm,01/06/2026,21.2,80,,,,,,,,,,,,,,,,,,,,,,,,,,,,,,,,,,,,,,,,,,,,,,,,
373,,11,,373,S/S LOJI AIR HABU,4:21 pm,01/06/2026,21.2,80,,,,,,,,,,,,,,,,,,,,,,,,,,,,,,,,,,,,,,,,,,,,,,,,
374,,11,,374,S/S LOJI AIR HABU,4:21 pm,01/06/2026,21.2,80,,,,,,,,,,,,,,,,,,,,,,,,,,,,,,,,,,,,,,,,,,,,,,,,
374,,11,,374,S/S LOJI AIR HABU,4:21 pm,01/06/2026,21.2,80,,,,,,,,,,,,,,,,,,,,,,,,,,,,,,,,,,,,,,,,,,,,,,,,
375,,11,,375,S/S LOJI AIR HABU,4:21 pm,01/06/2026,21.2,80,,,,,,,,,,,,,,,,,,,,,,,,,,,,,,,,,,,,,,,,,,,,,,,,
375,,11,,375,S/S LOJI AIR HABU,4:21 pm,01/06/2026,21.2,80,,,,,,,,,,,,,,,,,,,,,,,,,,,,,,,,,,,,,,,,,,,,,,,,
376,,11,,376,S/S LOJI AIR HABU,4:21 pm,01/06/2026,21.2,80,,,,,,,,,,,,,,,,,,,,,,,,,,,,,,,,,,,,,,,,,,,,,,,,
376,,11,,376,S/S LOJI AIR HABU,4:21 pm,01/06/2026,21.2,80,,,,,,,,,,,,,,,,,,,,,,,,,,,,,,,,,,,,,,,,,,,,,,,,
377,,11,,377,S/S LOJI AIR HABU,4:21 pm,01/06/2026,21.2,80,,,,,,,,,,,,,,,,,,,,,,,,,,,,,,,,,,,,,,,,,,,,,,,,
377,,11,,377,S/S LOJI AIR HABU,4:21 pm,01/06/2026,21.2,80,,,,,,,,,,,,,,,,,,,,,,,,,,,,,,,,,,,,,,,,,,,,,,,,
378,,11,,378,S/S LOJI AIR HABU,4:21 pm,01/06/2026,21.2,80,,,,,,,,,,,,,,,,,,,,,,,,,,,,,,,,,,,,,,,,,,,,,,,,
378,,11,,378,S/S LOJI AIR HABU,4:21 pm,01/06/2026,21.2,80,,,,,,,,,,,,,,,,,,,,,,,,,,,,,,,,,,,,,,,,,,,,,,,,
379,,11,,379,S/S LOJI AIR HABU,4:21 pm,01/06/2026,21.2,80,,,,,,,,,,,,,,,,,,,,,,,,,,,,,,,,,,,,,,,,,,,,,,,,
379,,11,,379,S/S LOJI AIR HABU,4:21 pm,01/06/2026,21.2,80,,,,,,,,,,,,,,,,,,,,,,,,,,,,,,,,,,,,,,,,,,,,,,,,
380,,11,,380,S/S LOJI AIR HABU,4:21 pm,01/06/2026,21.2,80,,,,,,,,,,,,,,,,,,,,,,,,,,,,,,,,,,,,,,,,,,,,,,,,
380,,11,,380,S/S LOJI AIR HABU,4:21 pm,01/06/2026,21.2,80,,,,,,,,,,,,,,,,,,,,,,,,,,,,,,,,,,,,,,,,,,,,,,,,
381,,11,,381,S/S LOJI AIR HABU,4:21 pm,01/06/2026,21.2,80,,,,,,,,,,,,,,,,,,,,,,,,,,,,,,,,,,,,,,,,,,,,,,,,
381,,11,,381,S/S LOJI AIR HABU,4:21 pm,01/06/2026,21.2,80,,,,,,,,,,,,,,,,,,,,,,,,,,,,,,,,,,,,,,,,,,,,,,,,
382,,11,,382,S/S LOJI AIR HABU,4:21 pm,01/06/2026,21.2,80,,,,,,,,,,,,,,,,,,,,,,,,,,,,,,,,,,,,,,,,,,,,,,,,
382,,11,,382,S/S LOJI AIR HABU,4:21 pm,01/06/2026,21.2,80,,,,,,,,,,,,,,,,,,,,,,,,,,,,,,,,,,,,,,,,,,,,,,,,
383,,11,,383,S/S LOJI AIR HABU,4:21 pm,01/06/2026,21.2,80,,,,,,,,,,,,,,,,,,,,,,,,,,,,,,,,,,,,,,,,,,,,,,,,
383,,11,,383,S/S LOJI AIR HABU,4:21 pm,01/06/2026,21.2,80,,,,,,,,,,,,,,,,,,,,,,,,,,,,,,,,,,,,,,,,,,,,,,,,
384,,11,,384,S/S LOJI AIR HABU,4:21 pm,01/06/2026,21.2,80,,,,,,,,,,,,,,,,,,,,,,,,,,,,,,,,,,,,,,,,,,,,,,,,
384,,11,,384,S/S LOJI AIR HABU,4:21 pm,01/06/2026,21.2,80,,,,,,,,,,,,,,,,,,,,,,,,,,,,,,,,,,,,,,,,,,,,,,,,
385,,12,,385,S/S LOJI AIR HABU,4:21 pm,01/06/2026,21.2,80,,,,,,,,,,,,,,,,,,,,,,,,,,,,,,,,,,,,,,,,,,,,,,,,
385,,12,,385,S/S LOJI AIR HABU,4:21 pm,01/06/2026,21.2,80,,,,,,,,,,,,,,,,,,,,,,,,,,,,,,,,,,,,,,,,,,,,,,,,
386,,12,,386,S/S LOJI AIR HABU,4:21 pm,01/06/2026,21.2,80,,,,,,,,,,,,,,,,,,,,,,,,,,,,,,,,,,,,,,,,,,,,,,,,
386,,12,,386,S/S LOJI AIR HABU,4:21 pm,01/06/2026,21.2,80,,,,,,,,,,,,,,,,,,,,,,,,,,,,,,,,,,,,,,,,,,,,,,,,
387,,12,,387,S/S LOJI AIR HABU,4:21 pm,01/06/2026,21.2,80,,,,,,,,,,,,,,,,,,,,,,,,,,,,,,,,,,,,,,,,,,,,,,,,
387,,12,,387,S/S LOJI AIR HABU,4:21 pm,01/06/2026,21.2,80,,,,,,,,,,,,,,,,,,,,,,,,,,,,,,,,,,,,,,,,,,,,,,,,
388,,12,,388,S/S LOJI AIR HABU,4:21 pm,01/06/2026,21.2,80,,,,,,,,,,,,,,,,,,,,,,,,,,,,,,,,,,,,,,,,,,,,,,,,
388,,12,,388,S/S LOJI AIR HABU,4:21 pm,01/06/2026,21.2,80,,,,,,,,,,,,,,,,,,,,,,,,,,,,,,,,,,,,,,,,,,,,,,,,
389,,12,,389,S/S LOJI AIR HABU,4:21 pm,01/06/2026,21.2,80,,,,,,,,,,,,,,,,,,,,,,,,,,,,,,,,,,,,,,,,,,,,,,,,
389,,12,,389,S/S LOJI AIR HABU,4:21 pm,01/06/2026,21.2,80,,,,,,,,,,,,,,,,,,,,,,,,,,,,,,,,,,,,,,,,,,,,,,,,
390,,12,,390,S/S LOJI AIR HABU,4:21 pm,01/06/2026,21.2,80,,,,,,,,,,,,,,,,,,,,,,,,,,,,,,,,,,,,,,,,,,,,,,,,
390,,12,,390,S/S LOJI AIR HABU,4:21 pm,01/06/2026,21.2,80,,,,,,,,,,,,,,,,,,,,,,,,,,,,,,,,,,,,,,,,,,,,,,,,
391,,12,,391,S/S LOJI AIR HABU,4:21 pm,01/06/2026,21.2,80,,,,,,,,,,,,,,,,,,,,,,,,,,,,,,,,,,,,,,,,,,,,,,,,
391,,12,,391,S/S LOJI AIR HABU,4:21 pm,01/06/2026,21.2,80,,,,,,,,,,,,,,,,,,,,,,,,,,,,,,,,,,,,,,,,,,,,,,,,
392,,12,,392,S/S LOJI AIR HABU,4:21 pm,01/06/2026,21.2,80,,,,,,,,,,,,,,,,,,,,,,,,,,,,,,,,,,,,,,,,,,,,,,,,
392,,12,,392,S/S LOJI AIR HABU,4:21 pm,01/06/2026,21.2,80,,,,,,,,,,,,,,,,,,,,,,,,,,,,,,,,,,,,,,,,,,,,,,,,
393,,12,,393,S/S LOJI AIR HABU,4:21 pm,01/06/2026,21.2,80,,,,,,,,,,,,,,,,,,,,,,,,,,,,,,,,,,,,,,,,,,,,,,,,
393,,12,,393,S/S LOJI AIR HABU,4:21 pm,01/06/2026,21.2,80,,,,,,,,,,,,,,,,,,,,,,,,,,,,,,,,,,,,,,,,,,,,,,,,
394,,12,,394,S/S LOJI AIR HABU,4:21 pm,01/06/2026,21.2,80,,,,,,,,,,,,,,,,,,,,,,,,,,,,,,,,,,,,,,,,,,,,,,,,
394,,12,,394,S/S LOJI AIR HABU,4:21 pm,01/06/2026,21.2,80,,,,,,,,,,,,,,,,,,,,,,,,,,,,,,,,,,,,,,,,,,,,,,,,
395,,12,,395,S/S LOJI AIR HABU,4:21 pm,01/06/2026,21.2,80,,,,,,,,,,,,,,,,,,,,,,,,,,,,,,,,,,,,,,,,,,,,,,,,
395,,12,,395,S/S LOJI AIR HABU,4:21 pm,01/06/2026,21.2,80,,,,,,,,,,,,,,,,,,,,,,,,,,,,,,,,,,,,,,,,,,,,,,,,
396,,12,,396,S/S LOJI AIR HABU,4:21 pm,01/06/2026,21.2,80,,,,,,,,,,,,,,,,,,,,,,,,,,,,,,,,,,,,,,,,,,,,,,,,
396,,12,,396,S/S LOJI AIR HABU,4:21 pm,01/06/2026,21.2,80,,,,,,,,,,,,,,,,,,,,,,,,,,,,,,,,,,,,,,,,,,,,,,,,
397,,12,,397,S/S LOJI AIR HABU,4:21 pm,01/06/2026,21.2,80,,,,,,,,,,,,,,,,,,,,,,,,,,,,,,,,,,,,,,,,,,,,,,,,
397,,12,,397,S/S LOJI AIR HABU,4:21 pm,01/06/2026,21.2,80,,,,,,,,,,,,,,,,,,,,,,,,,,,,,,,,,,,,,,,,,,,,,,,,
398,,12,,398,S/S LOJI AIR HABU,4:21 pm,01/06/2026,21.2,80,,,,,,,,,,,,,,,,,,,,,,,,,,,,,,,,,,,,,,,,,,,,,,,,
398,,12,,398,S/S LOJI AIR HABU,4:21 pm,01/06/2026,21.2,80,,,,,,,,,,,,,,,,,,,,,,,,,,,,,,,,,,,,,,,,,,,,,,,,
399,,12,,399,S/S LOJI AIR HABU,4:21 pm,01/06/2026,21.2,80,,,,,,,,,,,,,,,,,,,,,,,,,,,,,,,,,,,,,,,,,,,,,,,,
399,,12,,399,S/S LOJI AIR HABU,4:21 pm,01/06/2026,21.2,80,,,,,,,,,,,,,,,,,,,,,,,,,,,,,,,,,,,,,,,,,,,,,,,,
400,,12,,400,S/S LOJI AIR HABU,4:21 pm,01/06/2026,21.2,80,,,,,,,,,,,,,,,,,,,,,,,,,,,,,,,,,,,,,,,,,,,,,,,,
400,,12,,400,S/S LOJI AIR HABU,4:21 pm,01/06/2026,21.2,80,,,,,,,,,,,,,,,,,,,,,,,,,,,,,,,,,,,,,,,,,,,,,,,,
401,,12,,401,S/S LOJI AIR HABU,4:21 pm,01/06/2026,21.2,80,,,,,,,,,,,,,,,,,,,,,,,,,,,,,,,,,,,,,,,,,,,,,,,,
401,,12,,401,S/S LOJI AIR HABU,4:21 pm,01/06/2026,21.2,80,,,,,,,,,,,,,,,,,,,,,,,,,,,,,,,,,,,,,,,,,,,,,,,,
402,,12,,402,S/S LOJI AIR HABU,4:21 pm,01/06/2026,21.2,80,,,,,,,,,,,,,,,,,,,,,,,,,,,,,,,,,,,,,,,,,,,,,,,,
402,,12,,402,S/S LOJI AIR HABU,4:21 pm,01/06/2026,21.2,80,,,,,,,,,,,,,,,,,,,,,,,,,,,,,,,,,,,,,,,,,,,,,,,,
403,,12,,403,S/S LOJI AIR HABU,4:21 pm,01/06/2026,21.2,80,,,,,,,,,,,,,,,,,,,,,,,,,,,,,,,,,,,,,,,,,,,,,,,,
403,,12,,403,S/S LOJI AIR HABU,4:21 pm,01/06/2026,21.2,80,,,,,,,,,,,,,,,,,,,,,,,,,,,,,,,,,,,,,,,,,,,,,,,,
404,,12,,404,S/S LOJI AIR HABU,4:21 pm,01/06/2026,21.2,80,,,,,,,,,,,,,,,,,,,,,,,,,,,,,,,,,,,,,,,,,,,,,,,,
404,,12,,404,S/S LOJI AIR HABU,4:21 pm,01/06/2026,21.2,80,,,,,,,,,,,,,,,,,,,,,,,,,,,,,,,,,,,,,,,,,,,,,,,,
405,,12,,405,S/S LOJI AIR HABU,4:21 pm,01/06/2026,21.2,80,,,,,,,,,,,,,,,,,,,,,,,,,,,,,,,,,,,,,,,,,,,,,,,,
405,,12,,405,S/S LOJI AIR HABU,4:21 pm,01/06/2026,21.2,80,,,,,,,,,,,,,,,,,,,,,,,,,,,,,,,,,,,,,,,,,,,,,,,,
406,,12,,406,S/S LOJI AIR HABU,4:21 pm,01/06/2026,21.2,80,,,,,,,,,,,,,,,,,,,,,,,,,,,,,,,,,,,,,,,,,,,,,,,,
406,,12,,406,S/S LOJI AIR HABU,4:21 pm,01/06/2026,21.2,80,,,,,,,,,,,,,,,,,,,,,,,,,,,,,,,,,,,,,,,,,,,,,,,,
407,,12,,407,S/S LOJI AIR HABU,4:21 pm,01/06/2026,21.2,80,,,,,,,,,,,,,,,,,,,,,,,,,,,,,,,,,,,,,,,,,,,,,,,,
407,,12,,407,S/S LOJI AIR HABU,4:21 pm,01/06/2026,21.2,80,,,,,,,,,,,,,,,,,,,,,,,,,,,,,,,,,,,,,,,,,,,,,,,,
408,,12,,408,S/S LOJI AIR HABU,4:21 pm,01/06/2026,21.2,80,,,,,,,,,,,,,,,,,,,,,,,,,,,,,,,,,,,,,,,,,,,,,,,,
408,,12,,408,S/S LOJI AIR HABU,4:21 pm,01/06/2026,21.2,80,,,,,,,,,,,,,,,,,,,,,,,,,,,,,,,,,,,,,,,,,,,,,,,,
409,,12,,409,S/S LOJI AIR HABU,4:21 pm,01/06/2026,21.2,80,,,,,,,,,,,,,,,,,,,,,,,,,,,,,,,,,,,,,,,,,,,,,,,,
409,,12,,409,S/S LOJI AIR HABU,4:21 pm,01/06/2026,21.2,80,,,,,,,,,,,,,,,,,,,,,,,,,,,,,,,,,,,,,,,,,,,,,,,,
410,,12,,410,S/S LOJI AIR HABU,4:21 pm,01/06/2026,21.2,80,,,,,,,,,,,,,,,,,,,,,,,,,,,,,,,,,,,,,,,,,,,,,,,,
410,,12,,410,S/S LOJI AIR HABU,4:21 pm,01/06/2026,21.2,80,,,,,,,,,,,,,,,,,,,,,,,,,,,,,,,,,,,,,,,,,,,,,,,,
411,,12,,411,S/S LOJI AIR HABU,4:21 pm,01/06/2026,21.2,80,,,,,,,,,,,,,,,,,,,,,,,,,,,,,,,,,,,,,,,,,,,,,,,,
411,,12,,411,S/S LOJI AIR HABU,4:21 pm,01/06/2026,21.2,80,,,,,,,,,,,,,,,,,,,,,,,,,,,,,,,,,,,,,,,,,,,,,,,,
412,,12,,412,S/S LOJI AIR HABU,4:21 pm,01/06/2026,21.2,80,,,,,,,,,,,,,,,,,,,,,,,,,,,,,,,,,,,,,,,,,,,,,,,,
412,,12,,412,S/S LOJI AIR HABU,4:21 pm,01/06/2026,21.2,80,,,,,,,,,,,,,,,,,,,,,,,,,,,,,,,,,,,,,,,,,,,,,,,,
413,,12,,413,S/S LOJI AIR HABU,4:21 pm,01/06/2026,21.2,80,,,,,,,,,,,,,,,,,,,,,,,,,,,,,,,,,,,,,,,,,,,,,,,,
413,,12,,413,S/S LOJI AIR HABU,4:21 pm,01/06/2026,21.2,80,,,,,,,,,,,,,,,,,,,,,,,,,,,,,,,,,,,,,,,,,,,,,,,,
414,,12,,414,S/S LOJI AIR HABU,4:21 pm,01/06/2026,21.2,80,,,,,,,,,,,,,,,,,,,,,,,,,,,,,,,,,,,,,,,,,,,,,,,,
414,,12,,414,S/S LOJI AIR HABU,4:21 pm,01/06/2026,21.2,80,,,,,,,,,,,,,,,,,,,,,,,,,,,,,,,,,,,,,,,,,,,,,,,,
415,,12,,415,S/S LOJI AIR HABU,4:21 pm,01/06/2026,21.2,80,,,,,,,,,,,,,,,,,,,,,,,,,,,,,,,,,,,,,,,,,,,,,,,,
415,,12,,415,S/S LOJI AIR HABU,4:21 pm,01/06/2026,21.2,80,,,,,,,,,,,,,,,,,,,,,,,,,,,,,,,,,,,,,,,,,,,,,,,,
416,,12,,416,S/S LOJI AIR HABU,4:21 pm,01/06/2026,21.2,80,,,,,,,,,,,,,,,,,,,,,,,,,,,,,,,,,,,,,,,,,,,,,,,,
416,,12,,416,S/S LOJI AIR HABU,4:21 pm,01/06/2026,21.2,80,,,,,,,,,,,,,,,,,,,,,,,,,,,,,,,,,,,,,,,,,,,,,,,,
417,,12,,417,S/S LOJI AIR HABU,4:21 pm,01/06/2026,21.2,80,,,,,,,,,,,,,,,,,,,,,,,,,,,,,,,,,,,,,,,,,,,,,,,,
417,,12,,417,S/S LOJI AIR HABU,4:21 pm,01/06/2026,21.2,80,,,,,,,,,,,,,,,,,,,,,,,,,,,,,,,,,,,,,,,,,,,,,,,,
418,,12,,418,S/S LOJI AIR HABU,4:21 pm,01/06/2026,21.2,80,,,,,,,,,,,,,,,,,,,,,,,,,,,,,,,,,,,,,,,,,,,,,,,,
418,,12,,418,S/S LOJI AIR HABU,4:21 pm,01/06/2026,21.2,80,,,,,,,,,,,,,,,,,,,,,,,,,,,,,,,,,,,,,,,,,,,,,,,,
419,,12,,419,S/S LOJI AIR HABU,4:21 pm,01/06/2026,21.2,80,,,,,,,,,,,,,,,,,,,,,,,,,,,,,,,,,,,,,,,,,,,,,,,,
419,,12,,419,S/S LOJI AIR HABU,4:21 pm,01/06/2026,21.2,80,,,,,,,,,,,,,,,,,,,,,,,,,,,,,,,,,,,,,,,,,,,,,,,,
420,,12,,420,S/S LOJI AIR HABU,4:21 pm,01/06/2026,21.2,80,,,,,,,,,,,,,,,,,,,,,,,,,,,,,,,,,,,,,,,,,,,,,,,,
420,,12,,420,S/S LOJI AIR HABU,4:21 pm,01/06/2026,21.2,80,,,,,,,,,,,,,,,,,,,,,,,,,,,,,,,,,,,,,,,,,,,,,,,,
421,,12,,421,S/S LOJI AIR HABU,4:21 pm,01/06/2026,21.2,80,,,,,,,,,,,,,,,,,,,,,,,,,,,,,,,,,,,,,,,,,,,,,,,,
421,,12,,421,S/S LOJI AIR HABU,4:21 pm,01/06/2026,21.2,80,,,,,,,,,,,,,,,,,,,,,,,,,,,,,,,,,,,,,,,,,,,,,,,,
422,,12,,422,S/S LOJI AIR HABU,4:21 pm,01/06/2026,21.2,80,,,,,,,,,,,,,,,,,,,,,,,,,,,,,,,,,,,,,,,,,,,,,,,,
422,,12,,422,S/S LOJI AIR HABU,4:21 pm,01/06/2026,21.2,80,,,,,,,,,,,,,,,,,,,,,,,,,,,,,,,,,,,,,,,,,,,,,,,,
423,,12,,423,S/S LOJI AIR HABU,4:21 pm,01/06/2026,21.2,80,,,,,,,,,,,,,,,,,,,,,,,,,,,,,,,,,,,,,,,,,,,,,,,,
423,,12,,423,S/S LOJI AIR HABU,4:21 pm,01/06/2026,21.2,80,,,,,,,,,,,,,,,,,,,,,,,,,,,,,,,,,,,,,,,,,,,,,,,,
424,,12,,424,S/S LOJI AIR HABU,4:21 pm,01/06/2026,21.2,80,,,,,,,,,,,,,,,,,,,,,,,,,,,,,,,,,,,,,,,,,,,,,,,,
424,,12,,424,S/S LOJI AIR HABU,4:21 pm,01/06/2026,21.2,80,,,,,,,,,,,,,,,,,,,,,,,,,,,,,,,,,,,,,,,,,,,,,,,,
425,,13,,425,S/S LOJI AIR HABU,4:21 pm,01/06/2026,21.2,80,,,,,,,,,,,,,,,,,,,,,,,,,,,,,,,,,,,,,,,,,,,,,,,,
425,,13,,425,S/S LOJI AIR HABU,4:21 pm,01/06/2026,21.2,80,,,,,,,,,,,,,,,,,,,,,,,,,,,,,,,,,,,,,,,,,,,,,,,,
426,,13,,426,S/S LOJI AIR HABU,4:21 pm,01/06/2026,21.2,80,,,,,,,,,,,,,,,,,,,,,,,,,,,,,,,,,,,,,,,,,,,,,,,,
426,,13,,426,S/S LOJI AIR HABU,4:21 pm,01/06/2026,21.2,80,,,,,,,,,,,,,,,,,,,,,,,,,,,,,,,,,,,,,,,,,,,,,,,,
427,,13,,427,S/S LOJI AIR HABU,4:21 pm,01/06/2026,21.2,80,,,,,,,,,,,,,,,,,,,,,,,,,,,,,,,,,,,,,,,,,,,,,,,,
427,,13,,427,S/S LOJI AIR HABU,4:21 pm,01/06/2026,21.2,80,,,,,,,,,,,,,,,,,,,,,,,,,,,,,,,,,,,,,,,,,,,,,,,,
428,,13,,428,S/S LOJI AIR HABU,4:21 pm,01/06/2026,21.2,80,,,,,,,,,,,,,,,,,,,,,,,,,,,,,,,,,,,,,,,,,,,,,,,,
428,,13,,428,S/S LOJI AIR HABU,4:21 pm,01/06/2026,21.2,80,,,,,,,,,,,,,,,,,,,,,,,,,,,,,,,,,,,,,,,,,,,,,,,,
429,,13,,429,S/S LOJI AIR HABU,4:21 pm,01/06/2026,21.2,80,,,,,,,,,,,,,,,,,,,,,,,,,,,,,,,,,,,,,,,,,,,,,,,,
429,,13,,429,S/S LOJI AIR HABU,4:21 pm,01/06/2026,21.2,80,,,,,,,,,,,,,,,,,,,,,,,,,,,,,,,,,,,,,,,,,,,,,,,,
430,,13,,430,S/S LOJI AIR HABU,4:21 pm,01/06/2026,21.2,80,,,,,,,,,,,,,,,,,,,,,,,,,,,,,,,,,,,,,,,,,,,,,,,,
430,,13,,430,S/S LOJI AIR HABU,4:21 pm,01/06/2026,21.2,80,,,,,,,,,,,,,,,,,,,,,,,,,,,,,,,,,,,,,,,,,,,,,,,,
431,,13,,431,S/S LOJI AIR HABU,4:21 pm,01/06/2026,21.2,80,,,,,,,,,,,,,,,,,,,,,,,,,,,,,,,,,,,,,,,,,,,,,,,,
431,,13,,431,S/S LOJI AIR HABU,4:21 pm,01/06/2026,21.2,80,,,,,,,,,,,,,,,,,,,,,,,,,,,,,,,,,,,,,,,,,,,,,,,,
432,,13,,432,S/S LOJI AIR HABU,4:21 pm,01/06/2026,21.2,80,,,,,,,,,,,,,,,,,,,,,,,,,,,,,,,,,,,,,,,,,,,,,,,,
432,,13,,432,S/S LOJI AIR HABU,4:21 pm,01/06/2026,21.2,80,,,,,,,,,,,,,,,,,,,,,,,,,,,,,,,,,,,,,,,,,,,,,,,,
433,,13,,433,S/S LOJI AIR HABU,4:21 pm,01/06/2026,21.2,80,,,,,,,,,,,,,,,,,,,,,,,,,,,,,,,,,,,,,,,,,,,,,,,,
433,,13,,433,S/S LOJI AIR HABU,4:21 pm,01/06/2026,21.2,80,,,,,,,,,,,,,,,,,,,,,,,,,,,,,,,,,,,,,,,,,,,,,,,,
434,,13,,434,S/S LOJI AIR HABU,4:21 pm,01/06/2026,21.2,80,,,,,,,,,,,,,,,,,,,,,,,,,,,,,,,,,,,,,,,,,,,,,,,,
434,,13,,434,S/S LOJI AIR HABU,4:21 pm,01/06/2026,21.2,80,,,,,,,,,,,,,,,,,,,,,,,,,,,,,,,,,,,,,,,,,,,,,,,,
435,,13,,435,S/S LOJI AIR HABU,4:21 pm,01/06/2026,21.2,80,,,,,,,,,,,,,,,,,,,,,,,,,,,,,,,,,,,,,,,,,,,,,,,,
435,,13,,435,S/S LOJI AIR HABU,4:21 pm,01/06/2026,21.2,80,,,,,,,,,,,,,,,,,,,,,,,,,,,,,,,,,,,,,,,,,,,,,,,,
436,,13,,436,S/S LOJI AIR HABU,4:21 pm,01/06/2026,21.2,80,,,,,,,,,,,,,,,,,,,,,,,,,,,,,,,,,,,,,,,,,,,,,,,,
436,,13,,436,S/S LOJI AIR HABU,4:21 pm,01/06/2026,21.2,80,,,,,,,,,,,,,,,,,,,,,,,,,,,,,,,,,,,,,,,,,,,,,,,,
437,,13,,437,S/S LOJI AIR HABU,4:21 pm,01/06/2026,21.2,80,,,,,,,,,,,,,,,,,,,,,,,,,,,,,,,,,,,,,,,,,,,,,,,,
437,,13,,437,S/S LOJI AIR HABU,4:21 pm,01/06/2026,21.2,80,,,,,,,,,,,,,,,,,,,,,,,,,,,,,,,,,,,,,,,,,,,,,,,,
438,,13,,438,S/S LOJI AIR HABU,4:21 pm,01/06/2026,21.2,80,,,,,,,,,,,,,,,,,,,,,,,,,,,,,,,,,,,,,,,,,,,,,,,,
438,,13,,438,S/S LOJI AIR HABU,4:21 pm,01/06/2026,21.2,80,,,,,,,,,,,,,,,,,,,,,,,,,,,,,,,,,,,,,,,,,,,,,,,,
439,,13,,439,S/S LOJI AIR HABU,4:21 pm,01/06/2026,21.2,80,,,,,,,,,,,,,,,,,,,,,,,,,,,,,,,,,,,,,,,,,,,,,,,,
439,,13,,439,S/S LOJI AIR HABU,4:21 pm,01/06/2026,21.2,80,,,,,,,,,,,,,,,,,,,,,,,,,,,,,,,,,,,,,,,,,,,,,,,,
440,,13,,440,S/S LOJI AIR HABU,4:21 pm,01/06/2026,21.2,80,,,,,,,,,,,,,,,,,,,,,,,,,,,,,,,,,,,,,,,,,,,,,,,,
440,,13,,440,S/S LOJI AIR HABU,4:21 pm,01/06/2026,21.2,80,,,,,,,,,,,,,,,,,,,,,,,,,,,,,,,,,,,,,,,,,,,,,,,,
441,,13,,441,S/S LOJI AIR HABU,4:21 pm,01/06/2026,21.2,80,,,,,,,,,,,,,,,,,,,,,,,,,,,,,,,,,,,,,,,,,,,,,,,,
441,,13,,441,S/S LOJI AIR HABU,4:21 pm,01/06/2026,21.2,80,,,,,,,,,,,,,,,,,,,,,,,,,,,,,,,,,,,,,,,,,,,,,,,,
442,,13,,442,S/S LOJI AIR HABU,4:21 pm,01/06/2026,21.2,80,,,,,,,,,,,,,,,,,,,,,,,,,,,,,,,,,,,,,,,,,,,,,,,,
442,,13,,442,S/S LOJI AIR HABU,4:21 pm,01/06/2026,21.2,80,,,,,,,,,,,,,,,,,,,,,,,,,,,,,,,,,,,,,,,,,,,,,,,,
443,,13,,443,S/S LOJI AIR HABU,4:21 pm,01/06/2026,21.2,80,,,,,,,,,,,,,,,,,,,,,,,,,,,,,,,,,,,,,,,,,,,,,,,,
443,,13,,443,S/S LOJI AIR HABU,4:21 pm,01/06/2026,21.2,80,,,,,,,,,,,,,,,,,,,,,,,,,,,,,,,,,,,,,,,,,,,,,,,,
444,,13,,444,S/S LOJI AIR HABU,4:21 pm,01/06/2026,21.2,80,,,,,,,,,,,,,,,,,,,,,,,,,,,,,,,,,,,,,,,,,,,,,,,,
444,,13,,444,S/S LOJI AIR HABU,4:21 pm,01/06/2026,21.2,80,,,,,,,,,,,,,,,,,,,,,,,,,,,,,,,,,,,,,,,,,,,,,,,,
445,,13,,445,S/S LOJI AIR HABU,4:21 pm,01/06/2026,21.2,80,,,,,,,,,,,,,,,,,,,,,,,,,,,,,,,,,,,,,,,,,,,,,,,,
445,,13,,445,S/S LOJI AIR HABU,4:21 pm,01/06/2026,21.2,80,,,,,,,,,,,,,,,,,,,,,,,,,,,,,,,,,,,,,,,,,,,,,,,,
446,,13,,446,S/S LOJI AIR HABU,4:21 pm,01/06/2026,21.2,80,,,,,,,,,,,,,,,,,,,,,,,,,,,,,,,,,,,,,,,,,,,,,,,,
446,,13,,446,S/S LOJI AIR HABU,4:21 pm,01/06/2026,21.2,80,,,,,,,,,,,,,,,,,,,,,,,,,,,,,,,,,,,,,,,,,,,,,,,,
447,,13,,447,S/S LOJI AIR HABU,4:21 pm,01/06/2026,21.2,80,,,,,,,,,,,,,,,,,,,,,,,,,,,,,,,,,,,,,,,,,,,,,,,,
447,,13,,447,S/S LOJI AIR HABU,4:21 pm,01/06/2026,21.2,80,,,,,,,,,,,,,,,,,,,,,,,,,,,,,,,,,,,,,,,,,,,,,,,,
448,,13,,448,S/S LOJI AIR HABU,4:21 pm,01/06/2026,21.2,80,,,,,,,,,,,,,,,,,,,,,,,,,,,,,,,,,,,,,,,,,,,,,,,,
448,,13,,448,S/S LOJI AIR HABU,4:21 pm,01/06/2026,21.2,80,,,,,,,,,,,,,,,,,,,,,,,,,,,,,,,,,,,,,,,,,,,,,,,,
449,,13,,449,S/S LOJI AIR HABU,4:21 pm,01/06/2026,21.2,80,,,,,,,,,,,,,,,,,,,,,,,,,,,,,,,,,,,,,,,,,,,,,,,,
449,,13,,449,S/S LOJI AIR HABU,4:21 pm,01/06/2026,21.2,80,,,,,,,,,,,,,,,,,,,,,,,,,,,,,,,,,,,,,,,,,,,,,,,,
450,,13,,450,S/S LOJI AIR HABU,4:21 pm,01/06/2026,21.2,80,,,,,,,,,,,,,,,,,,,,,,,,,,,,,,,,,,,,,,,,,,,,,,,,
450,,13,,450,S/S LOJI AIR HABU,4:21 pm,01/06/2026,21.2,80,,,,,,,,,,,,,,,,,,,,,,,,,,,,,,,,,,,,,,,,,,,,,,,,
451,,13,,451,S/S LOJI AIR HABU,4:21 pm,01/06/2026,21.2,80,,,,,,,,,,,,,,,,,,,,,,,,,,,,,,,,,,,,,,,,,,,,,,,,
451,,13,,451,S/S LOJI AIR HABU,4:21 pm,01/06/2026,21.2,80,,,,,,,,,,,,,,,,,,,,,,,,,,,,,,,,,,,,,,,,,,,,,,,,
452,,13,,452,S/S LOJI AIR HABU,4:21 pm,01/06/2026,21.2,80,,,,,,,,,,,,,,,,,,,,,,,,,,,,,,,,,,,,,,,,,,,,,,,,
452,,13,,452,S/S LOJI AIR HABU,4:21 pm,01/06/2026,21.2,80,,,,,,,,,,,,,,,,,,,,,,,,,,,,,,,,,,,,,,,,,,,,,,,,
