No,Type,Group,Word Template,Template Page No,{{ substation.name_erms }},{{ substation.time }},{{ substation.date }},{{ substation.ambient }},{{ substation.humidity }},{{ swg.area }},{{ panel.linknumber }},{{ panel.name }},{{ panel.cabletype }},{{ panel.breakerstatus }},{{ panel.busbarposition }},{{ panel.loadamp }},{{ panel.heateramp }},{{ swg.serialnumber }},{{ swg.manufacturer }},{{ swg.type }},{{ swg.rating }},{{ swg.model }},{{ tx1.manufacturer }},{{ tx1.model }},{{ tx1.rating }},{{ tx1.serialnumber }},{{ tx2.manufacturer }},{{ tx2.model }},{{ tx2.rating }},{{ tx2.serialnumber }},{{ fp1.manufacturer }},{{ fp1.model }},{{ fp1.rating }},{{ fp1.serialnumber }},{{ fp1.labelsource }},{{ fp2.manufacturer }},{{ fp2.model }},{{ fp2.rating }},{{ fp2.serialnumber }},{{ fp2.labelsource }},{{ batt1.manufacturer }},{{ batt1.model }},{{ batt1.serialnumber }},{{ batt2.manufacturer }},{{ batt2.model }},{{ batt2.serialnumber }},{{ batt3.manufacturer }},{{ batt3.model }},{{ batt3.serialnumber }},{{ batt4.manufacturer }},{{ batt4.model }},{{ batt4.serialnumber }},Field Overrides,Output File Name,Attribute,Folder,Image File Name
1,Overview,1,01. swg-overview.docx,1,HABU HEIGHT,5:38 pm,01/06/2026,20.9,77,OVERVIEW,-,-,-,-,-,-,-,365006,INDKOM,RMU SF6,11kV,ZZTT,MTM,HERMETICALLY SEAL,1000kVA,T1/129/1099/10816,,,,,ALGEBRA,J-SLOTTED,1600A,LV2895,LVDB1 TX1,ALGEBRA,J-SLOTTED,1600A,LV2897,LVDB2 TX1,,,ALGEBRA,J-SLOTTED,1600A,LV2897,LVDB2 TX1,,,LVDB2 TX1,,,{},page1,Visual Image Path,C:\Users\aremi\Desktop\REPORT CBM\PO 42289580 - Pahang 11kV SECOND CYCLE AZZAD 2026\RAW MATERIAL\154. HABU HEIGHT (VI)\RAW DATA\IR,1.jpg
1,Overview,1,01. swg-overview.docx,1,HABU HEIGHT,5:38 pm,01/06/2026,20.9,77,OVERVIEW,-,-,-,-,-,-,-,365006,INDKOM,RMU SF6,11kV,ZZTT,MTM,HERMETICALLY SEAL,1000kVA,T1/129/1099/10816,,,,,ALGEBRA,J-SLOTTED,1600A,LV2895,LVDB1 TX1,ALGEBRA,J-SLOTTED,1600A,LV2897,LVDB2 TX1,,,ALGEBRA,J-SLOTTED,1600A,LV2897,LVDB2 TX1,,,LVDB2 TX1,,,{},page1,IR Image Path,C:\Users\aremi\Desktop\REPORT CBM\PO 42289580 - Pahang 11kV SECOND CYCLE AZZAD 2026\RAW MATERIAL\154. HABU HEIGHT (VI)\RAW DATA\IR,2.jpg
2,Overview,1,01. swg-overview.docx,2,HABU HEIGHT,5:38 pm,01/06/2026,20.9,77,OVERVIEW TOP,-,-,-,-,-,-,-,365006,INDKOM,RMU SF6,11kV,ZZTT,MTM,HERMETICALLY SEAL,1000kVA,T1/129/1099/10816,,,,,ALGEBRA,J-SLOTTED,1600A,LV2895,LVDB1 TX1,ALGEBRA,J-SLOTTED,1600A,LV2897,LVDB2 TX1,,,ALGEBRA,J-SLOTTED,1600A,LV2897,LVDB2 TX1,,,LVDB2 TX1,,,{},page2,Visual Image Path,C:\Users\aremi\Desktop\REPORT CBM\PO 42289580 - Pahang 11kV SECOND CYCLE AZZAD 2026\RAW MATERIAL\154. HABU HEIGHT (VI)\RAW DATA\IR,3.jpg
2,Overview,1,01. swg-overview.docx,2,HABU HEIGHT,5:38 pm,01/06/2026,20.9,77,OVERVIEW TOP,-,-,-,-,-,-,-,365006,INDKOM,RMU SF6,11kV,ZZTT,MTM,HERMETICALLY SEAL,1000kVA,T1/129/1099/10816,,,,,ALGEBRA,J-SLOTTED,1600A,LV2895,LVDB1 TX1,ALGEBRA,J-SLOTTED,1600A,LV2897,LVDB2 TX1,,,ALGEBRA,J-SLOTTED,1600A,LV2897,LVDB2 TX1,,,LVDB2 TX1,,,{},page2,IR Image Path,C:\Users\aremi\Desktop\REPORT CBM\PO 42289580 - Pahang 11kV SECOND CYCLE AZZAD 2026\RAW MATERIAL\154. HABU HEIGHT (VI)\RAW DATA\IR,4.jpg
3,Overview,1,01. swg-overview.docx,3,HABU HEIGHT,5:38 pm,01/06/2026,20.9,77,OVERVIEW BOTTOM,-,-,-,-,-,-,-,365006,INDKOM,RMU SF6,11kV,ZZTT,MTM,HERMETICALLY SEAL,1000kVA,T1/129/1099/10816,,,,,ALGEBRA,J-SLOTTED,1600A,LV2895,LVDB1 TX1,ALGEBRA,J-SLOTTED,1600A,LV2897,LVDB2 TX1,,,ALGEBRA,J-SLOTTED,1600A,LV2897,LVDB2 TX1,,,LVDB2 TX1,,,{},page3,Visual Image Path,C:\Users\aremi\Desktop\REPORT CBM\PO 42289580 - Pahang 11kV SECOND CYCLE AZZAD 2026\RAW MATERIAL\154. HABU HEIGHT (VI)\RAW DATA\IR,5.jpg
3,Overview,1,01. swg-overview.docx,3,HABU HEIGHT,5:38 pm,01/06/2026,20.9,77,OVERVIEW BOTTOM,-,-,-,-,-,-,-,365006,INDKOM,RMU SF6,11kV,ZZTT,MTM,HERMETICALLY SEAL,1000kVA,T1/129/1099/10816,,,,,ALGEBRA,J-SLOTTED,1600A,LV2895,LVDB1 TX1,ALGEBRA,J-SLOTTED,1600A,LV2897,LVDB2 TX1,,,ALGEBRA,J-SLOTTED,1600A,LV2897,LVDB2 TX1,,,LVDB2 TX1,,,{},page3,IR Image Path,C:\Users\aremi\Desktop\REPORT CBM\PO 42289580 - Pahang 11kV SECOND CYCLE AZZAD 2026\RAW MATERIAL\154. HABU HEIGHT (VI)\RAW DATA\IR,6.jpg
4,Overview,1,01. swg-overview.docx,4,HABU HEIGHT,5:38 pm,01/06/2026,20.9,77,OVERVIEW REAR,-,-,-,-,-,-,-,365006,INDKOM,RMU SF6,11kV,ZZTT,MTM,HERMETICALLY SEAL,1000kVA,T1/129/1099/10816,,,,,ALGEBRA,J-SLOTTED,1600A,LV2895,LVDB1 TX1,ALGEBRA,J-SLOTTED,1600A,LV2897,LVDB2 TX1,,,ALGEBRA,J-SLOTTED,1600A,LV2897,LVDB2 TX1,,,LVDB2 TX1,,,{},page4,Visual Image Path,C:\Users\aremi\Desktop\REPORT CBM\PO 42289580 - Pahang 11kV SECOND CYCLE AZZAD 2026\RAW MATERIAL\154. HABU HEIGHT (VI)\RAW DATA\IR,7.jpg
4,Overview,1,01. swg-overview.docx,4,HABU HEIGHT,5:38 pm,01/06/2026,20.9,77,OVERVIEW REAR,-,-,-,-,-,-,-,365006,INDKOM,RMU SF6,11kV,ZZTT,MTM,HERMETICALLY SEAL,1000kVA,T1/129/1099/10816,,,,,ALGEBRA,J-SLOTTED,1600A,LV2895,LVDB1 TX1,ALGEBRA,J-SLOTTED,1600A,LV2897,LVDB2 TX1,,,ALGEBRA,J-SLOTTED,1600A,LV2897,LVDB2 TX1,,,LVDB2 TX1,,,{},page4,IR Image Path,C:\Users\aremi\Desktop\REPORT CBM\PO 42289580 - Pahang 11kV SECOND CYCLE AZZAD 2026\RAW MATERIAL\154. HABU HEIGHT (VI)\RAW DATA\IR,8.jpg
5,Overview,1,01. swg-overview.docx,5,HABU HEIGHT,5:38 pm,01/06/2026,20.9,77,OVERVIEW SIDE (LHS),-,-,-,-,-,-,-,365006,INDKOM,RMU SF6,11kV,ZZTT,MTM,HERMETICALLY SEAL,1000kVA,T1/129/1099/10816,,,,,ALGEBRA,J-SLOTTED,1600A,LV2895,LVDB1 TX1,ALGEBRA,J-SLOTTED,1600A,LV2897,LVDB2 TX1,,,ALGEBRA,J-SLOTTED,1600A,LV2897,LVDB2 TX1,,,LVDB2 TX1,,,{},page5,Visual Image Path,C:\Users\aremi\Desktop\REPORT CBM\PO 42289580 - Pahang 11kV SECOND CYCLE AZZAD 2026\RAW MATERIAL\154. HABU HEIGHT (VI)\RAW DATA\IR,9.jpg
5,Overview,1,01. swg-overview.docx,5,HABU HEIGHT,5:38 pm,01/06/2026,20.9,77,OVERVIEW SIDE (LHS),-,-,-,-,-,-,-,365006,INDKOM,RMU SF6,11kV,ZZTT,MTM,HERMETICALLY SEAL,1000kVA,T1/129/1099/10816,,,,,ALGEBRA,J-SLOTTED,1600A,LV2895,LVDB1 TX1,ALGEBRA,J-SLOTTED,1600A,LV2897,LVDB2 TX1,,,ALGEBRA,J-SLOTTED,1600A,LV2897,LVDB2 TX1,,,LVDB2 TX1,,,{},page5,IR Image Path,C:\Users\aremi\Desktop\REPORT CBM\PO 42289580 - Pahang 11kV SECOND CYCLE AZZAD 2026\RAW MATERIAL\154. HABU HEIGHT (VI)\RAW DATA\IR,10.jpg
6,Overview,1,01. swg-overview.docx,6,HABU HEIGHT,5:38 pm,01/06/2026,20.9,77,OVERVIEW SIDE (RHS),-,-,-,-,-,-,-,365006,INDKOM,RMU SF6,11kV,ZZTT,MTM,HERMETICALLY SEAL,1000kVA,T1/129/1099/10816,,,,,ALGEBRA,J-SLOTTED,1600A,LV2895,LVDB1 TX1,ALGEBRA,J-SLOTTED,1600A,LV2897,LVDB2 TX1,,,ALGEBRA,J-SLOTTED,1600A,LV2897,LVDB2 TX1,,,LVDB2 TX1,,,{},page6,Visual Image Path,C:\Users\aremi\Desktop\REPORT CBM\PO 42289580 - Pahang 11kV SECOND CYCLE AZZAD 2026\RAW MATERIAL\154. HABU HEIGHT (VI)\RAW DATA\IR,11.jpg
6,Overview,1,01. swg-overview.docx,6,HABU HEIGHT,5:38 pm,01/06/2026,20.9,77,OVERVIEW SIDE (RHS),-,-,-,-,-,-,-,365006,INDKOM,RMU SF6,11kV,ZZTT,MTM,HERMETICALLY SEAL,1000kVA,T1/129/1099/10816,,,,,ALGEBRA,J-SLOTTED,1600A,LV2895,LVDB1 TX1,ALGEBRA,J-SLOTTED,1600A,LV2897,LVDB2 TX1,,,ALGEBRA,J-SLOTTED,1600A,LV2897,LVDB2 TX1,,,LVDB2 TX1,,,{},page6,IR Image Path,C:\Users\aremi\Desktop\REPORT CBM\PO 42289580 - Pahang 11kV SECOND CYCLE AZZAD 2026\RAW MATERIAL\154. HABU HEIGHT (VI)\RAW DATA\IR,12.jpg
7,Panel1,1,02. swg-panel.docx,7,HABU HEIGHT,5:38 pm,01/06/2026,20.9,77,CABLE COMPARTMENT,CCH00326,KE P/E SEKOLAH MENENGAH RWGLET,XLPE,CLOSE,-,-,-,365006,INDKOM,RMU SF6,11kV,ZZTT,MTM,HERMETICALLY SEAL,1000kVA,T1/129/1099/10816,,,,,ALGEBRA,J-SLOTTED,1600A,LV2895,LVDB1 TX1,ALGEBRA,J-SLOTTED,1600A,LV2897,LVDB2 TX1,,,ALGEBRA,J-SLOTTED,1600A,LV2897,LVDB2 TX1,,,LVDB2 TX1,,,{},page7,Visual Image Path,C:\Users\aremi\Desktop\REPORT CBM\PO 42289580 - Pahang 11kV SECOND CYCLE AZZAD 2026\RAW MATERIAL\154. HABU HEIGHT (VI)\RAW DATA\IR,13.jpg
7,Panel1,1,02. swg-panel.docx,7,HABU HEIGHT,5:38 pm,01/06/2026,20.9,77,CABLE COMPARTMENT,CCH00326,KE P/E SEKOLAH MENENGAH RWGLET,XLPE,CLOSE,-,-,-,365006,INDKOM,RMU SF6,11kV,ZZTT,MTM,HERMETICALLY SEAL,1000kVA,T1/129/1099/10816,,,,,ALGEBRA,J-SLOTTED,1600A,LV2895,LVDB1 TX1,ALGEBRA,J-SLOTTED,1600A,LV2897,LVDB2 TX1,,,ALGEBRA,J-SLOTTED,1600A,LV2897,LVDB2 TX1,,,LVDB2 TX1,,,{},page7,IR Image Path,C:\Users\aremi\Desktop\REPORT CBM\PO 42289580 - Pahang 11kV SECOND CYCLE AZZAD 2026\RAW MATERIAL\154. HABU HEIGHT (VI)\RAW DATA\IR,14.jpg
8,Panel1,1,02. swg-panel.docx,8,HABU HEIGHT,5:38 pm,01/06/2026,20.9,77,CABLE ENTRY,CCH00326,KE P/E SEKOLAH MENENGAH RWGLET,XLPE,CLOSE,-,-,-,365006,INDKOM,RMU SF6,11kV,ZZTT,MTM,HERMETICALLY SEAL,1000kVA,T1/129/1099/10816,,,,,ALGEBRA,J-SLOTTED,1600A,LV2895,LVDB1 TX1,ALGEBRA,J-SLOTTED,1600A,LV2897,LVDB2 TX1,,,ALGEBRA,J-SLOTTED,1600A,LV2897,LVDB2 TX1,,,LVDB2 TX1,,,{},page8,Visual Image Path,C:\Users\aremi\Desktop\REPORT CBM\PO 42289580 - Pahang 11kV SECOND CYCLE AZZAD 2026\RAW MATERIAL\154. HABU HEIGHT (VI)\RAW DATA\IR,15.jpg
8,Panel1,1,02. swg-panel.docx,8,HABU HEIGHT,5:38 pm,01/06/2026,20.9,77,CABLE ENTRY,CCH00326,KE P/E SEKOLAH MENENGAH RWGLET,XLPE,CLOSE,-,-,-,365006,INDKOM,RMU SF6,11kV,ZZTT,MTM,HERMETICALLY SEAL,1000kVA,T1/129/1099/10816,,,,,ALGEBRA,J-SLOTTED,1600A,LV2895,LVDB1 TX1,ALGEBRA,J-SLOTTED,1600A,LV2897,LVDB2 TX1,,,ALGEBRA,J-SLOTTED,1600A,LV2897,LVDB2 TX1,,,LVDB2 TX1,,,{},page8,IR Image Path,C:\Users\aremi\Desktop\REPORT CBM\PO 42289580 - Pahang 11kV SECOND CYCLE AZZAD 2026\RAW MATERIAL\154. HABU HEIGHT (VI)\RAW DATA\IR,16.jpg
9,Panel2,1,02. swg-panel.docx,9,HABU HEIGHT,5:38 pm,01/06/2026,20.9,77,CABLE COMPARTMENT,CCH00323,STN.SUIS UTAMA HABU,XLPE,CLOSE,-,-,-,365006,INDKOM,RMU SF6,11kV,ZZTT,MTM,HERMETICALLY SEAL,1000kVA,T1/129/1099/10816,,,,,ALGEBRA,J-SLOTTED,1600A,LV2895,LVDB1 TX1,ALGEBRA,J-SLOTTED,1600A,LV2897,LVDB2 TX1,,,ALGEBRA,J-SLOTTED,1600A,LV2897,LVDB2 TX1,,,LVDB2 TX1,,,{},page9,Visual Image Path,C:\Users\aremi\Desktop\REPORT CBM\PO 42289580 - Pahang 11kV SECOND CYCLE AZZAD 2026\RAW MATERIAL\154. HABU HEIGHT (VI)\RAW DATA\IR,17.jpg
9,Panel2,1,02. swg-panel.docx,9,HABU HEIGHT,5:38 pm,01/06/2026,20.9,77,CABLE COMPARTMENT,CCH00323,STN.SUIS UTAMA HABU,XLPE,CLOSE,-,-,-,365006,INDKOM,RMU SF6,11kV,ZZTT,MTM,HERMETICALLY SEAL,1000kVA,T1/129/1099/10816,,,,,ALGEBRA,J-SLOTTED,1600A,LV2895,LVDB1 TX1,ALGEBRA,J-SLOTTED,1600A,LV2897,LVDB2 TX1,,,ALGEBRA,J-SLOTTED,1600A,LV2897,LVDB2 TX1,,,LVDB2 TX1,,,{},page9,IR Image Path,C:\Users\aremi\Desktop\REPORT CBM\PO 42289580 - Pahang 11kV SECOND CYCLE AZZAD 2026\RAW MATERIAL\154. HABU HEIGHT (VI)\RAW DATA\IR,18.jpg
10,Panel2,1,02. swg-panel.docx,10,HABU HEIGHT,5:38 pm,01/06/2026,20.9,77,CABLE ENTRY,CCH00323,STN.SUIS UTAMA HABU,XLPE,CLOSE,-,-,-,365006,INDKOM,RMU SF6,11kV,ZZTT,MTM,HERMETICALLY SEAL,1000kVA,T1/129/1099/10816,,,,,ALGEBRA,J-SLOTTED,1600A,LV2895,LVDB1 TX1,ALGEBRA,J-SLOTTED,1600A,LV2897,LVDB2 TX1,,,ALGEBRA,J-SLOTTED,1600A,LV2897,LVDB2 TX1,,,LVDB2 TX1,,,{},page10,Visual Image Path,C:\Users\aremi\Desktop\REPORT CBM\PO 42289580 - Pahang 11kV SECOND CYCLE AZZAD 2026\RAW MATERIAL\154. HABU HEIGHT (VI)\RAW DATA\IR,19.jpg
10,Panel2,1,02. swg-panel.docx,10,HABU HEIGHT,5:38 pm,01/06/2026,20.9,77,CABLE ENTRY,CCH00323,STN.SUIS UTAMA HABU,XLPE,CLOSE,-,-,-,365006,INDKOM,RMU SF6,11kV,ZZTT,MTM,HERMETICALLY SEAL,1000kVA,T1/129/1099/10816,,,,,ALGEBRA,J-SLOTTED,1600A,LV2895,LVDB1 TX1,ALGEBRA,J-SLOTTED,1600A,LV2897,LVDB2 TX1,,,ALGEBRA,J-SLOTTED,1600A,LV2897,LVDB2 TX1,,,LVDB2 TX1,,,{},page10,IR Image Path,C:\Users\aremi\Desktop\REPORT CBM\PO 42289580 - Pahang 11kV SECOND CYCLE AZZAD 2026\RAW MATERIAL\154. HABU HEIGHT (VI)\RAW DATA\IR,20.jpg
11,Panel3,1,02. swg-panel.docx,11,HABU HEIGHT,5:38 pm,01/06/2026,20.9,77,CABLE COMPARTMENT,CCH00324,SPARE,-,TRIP,-,-,-,365006,INDKOM,RMU SF6,11kV,ZZTT,MTM,HERMETICALLY SEAL,1000kVA,T1/129/1099/10816,,,,,ALGEBRA,J-SLOTTED,1600A,LV2895,LVDB1 TX1,ALGEBRA,J-SLOTTED,1600A,LV2897,LVDB2 TX1,,,ALGEBRA,J-SLOTTED,1600A,LV2897,LVDB2 TX1,,,LVDB2 TX1,,,{},page11,Visual Image Path,C:\Users\aremi\Desktop\REPORT CBM\PO 42289580 - Pahang 11kV SECOND CYCLE AZZAD 2026\RAW MATERIAL\154. HABU HEIGHT (VI)\RAW DATA\IR,21.jpg
11,Panel3,1,02. swg-panel.docx,11,HABU HEIGHT,5:38 pm,01/06/2026,20.9,77,CABLE COMPARTMENT,CCH00324,SPARE,-,TRIP,-,-,-,365006,INDKOM,RMU SF6,11kV,ZZTT,MTM,HERMETICALLY SEAL,1000kVA,T1/129/1099/10816,,,,,ALGEBRA,J-SLOTTED,1600A,LV2895,LVDB1 TX1,ALGEBRA,J-SLOTTED,1600A,LV2897,LVDB2 TX1,,,ALGEBRA,J-SLOTTED,1600A,LV2897,LVDB2 TX1,,,LVDB2 TX1,,,{},page11,IR Image Path,C:\Users\aremi\Desktop\REPORT CBM\PO 42289580 - Pahang 11kV SECOND CYCLE AZZAD 2026\RAW MATERIAL\154. HABU HEIGHT (VI)\RAW DATA\IR,22.jpg
12,Panel3,1,02. swg-panel.docx,12,HABU HEIGHT,5:38 pm,01/06/2026,20.9,77,CABLE ENTRY,CCH00324,SPARE,-,TRIP,-,-,-,365006,INDKOM,RMU SF6,11kV,ZZTT,MTM,HERMETICALLY SEAL,1000kVA,T1/129/1099/10816,,,,,ALGEBRA,J-SLOTTED,1600A,LV2895,LVDB1 TX1,ALGEBRA,J-SLOTTED,1600A,LV2897,LVDB2 TX1,,,ALGEBRA,J-SLOTTED,1600A,LV2897,LVDB2 TX1,,,LVDB2 TX1,,,{},page12,Visual Image Path,C:\Users\aremi\Desktop\REPORT CBM\PO 42289580 - Pahang 11kV SECOND CYCLE AZZAD 2026\RAW MATERIAL\154. HABU HEIGHT (VI)\RAW DATA\IR,23.jpg
12,Panel3,1,02. swg-panel.docx,12,HABU HEIGHT,5:38 pm,01/06/2026,20.9,77,CABLE ENTRY,CCH00324,SPARE,-,TRIP,-,-,-,365006,INDKOM,RMU SF6,11kV,ZZTT,MTM,HERMETICALLY SEAL,1000kVA,T1/129/1099/10816,,,,,ALGEBRA,J-SLOTTED,1600A,LV2895,LVDB1 TX1,ALGEBRA,J-SLOTTED,1600A,LV2897,LVDB2 TX1,,,ALGEBRA,J-SLOTTED,1600A,LV2897,LVDB2 TX1,,,LVDB2 TX1,,,{},page12,IR Image Path,C:\Users\aremi\Desktop\REPORT CBM\PO 42289580 - Pahang 11kV SECOND CYCLE AZZAD 2026\RAW MATERIAL\154. HABU HEIGHT (VI)\RAW DATA\IR,24.jpg
13,Panel4,1,02. swg-panel.docx,13,HABU HEIGHT,5:38 pm,01/06/2026,20.9,77,CABLE COMPARTMENT,CCH00325,KE ALATUBAH 1,XLPE,CLOSE,-,-,-,365006,INDKOM,RMU SF6,11kV,ZZTT,MTM,HERMETICALLY SEAL,1000kVA,T1/129/1099/10816,,,,,ALGEBRA,J-SLOTTED,1600A,LV2895,LVDB1 TX1,ALGEBRA,J-SLOTTED,1600A,LV2897,LVDB2 TX1,,,ALGEBRA,J-SLOTTED,1600A,LV2897,LVDB2 TX1,,,LVDB2 TX1,,,{},page13,Visual Image Path,C:\Users\aremi\Desktop\REPORT CBM\PO 42289580 - Pahang 11kV SECOND CYCLE AZZAD 2026\RAW MATERIAL\154. HABU HEIGHT (VI)\RAW DATA\IR,25.jpg
13,Panel4,1,02. swg-panel.docx,13,HABU HEIGHT,5:38 pm,01/06/2026,20.9,77,CABLE COMPARTMENT,CCH00325,KE ALATUBAH 1,XLPE,CLOSE,-,-,-,365006,INDKOM,RMU SF6,11kV,ZZTT,MTM,HERMETICALLY SEAL,1000kVA,T1/129/1099/10816,,,,,ALGEBRA,J-SLOTTED,1600A,LV2895,LVDB1 TX1,ALGEBRA,J-SLOTTED,1600A,LV2897,LVDB2 TX1,,,ALGEBRA,J-SLOTTED,1600A,LV2897,LVDB2 TX1,,,LVDB2 TX1,,,{},page13,IR Image Path,C:\Users\aremi\Desktop\REPORT CBM\PO 42289580 - Pahang 11kV SECOND CYCLE AZZAD 2026\RAW MATERIAL\154. HABU HEIGHT (VI)\RAW DATA\IR,26.jpg
14,Panel4,1,02. swg-panel.docx,14,HABU HEIGHT,5:38 pm,01/06/2026,20.9,77,CABLE ENTRY,CCH00325,KE ALATUBAH 1,XLPE,CLOSE,-,-,-,365006,INDKOM,RMU SF6,11kV,ZZTT,MTM,HERMETICALLY SEAL,1000kVA,T1/129/1099/10816,,,,,ALGEBRA,J-SLOTTED,1600A,LV2895,LVDB1 TX1,ALGEBRA,J-SLOTTED,1600A,LV2897,LVDB2 TX1,,,ALGEBRA,J-SLOTTED,1600A,LV2897,LVDB2 TX1,,,LVDB2 TX1,,,{},page14,Visual Image Path,C:\Users\aremi\Desktop\REPORT CBM\PO 42289580 - Pahang 11kV SECOND CYCLE AZZAD 2026\RAW MATERIAL\154. HABU HEIGHT (VI)\RAW DATA\IR,27.jpg
14,Panel4,1,02. swg-panel.docx,14,HABU HEIGHT,5:38 pm,01/06/2026,20.9,77,CABLE ENTRY,CCH00325,KE ALATUBAH 1,XLPE,CLOSE,-,-,-,365006,INDKOM,RMU SF6,11kV,ZZTT,MTM,HERMETICALLY SEAL,1000kVA,T1/129/1099/10816,,,,,ALGEBRA,J-SLOTTED,1600A,LV2895,LVDB1 TX1,ALGEBRA,J-SLOTTED,1600A,LV2897,LVDB2 TX1,,,ALGEBRA,J-SLOTTED,1600A,LV2897,LVDB2 TX1,,,LVDB2 TX1,,,{},page14,IR Image Path,C:\Users\aremi\Desktop\REPORT CBM\PO 42289580 - Pahang 11kV SECOND CYCLE AZZAD 2026\RAW MATERIAL\154. HABU HEIGHT (VI)\RAW DATA\IR,28.jpg
15,Panel5,1,02. swg-panel.docx,15,HABU HEIGHT,5:38 pm,01/06/2026,20.9,77,CABLE COMPARTMENT,,,,,,,,,INDKOM,RMU SF6,11kV,ZZTT,MTM,HERMETICALLY SEAL,1000kVA,T1/129/1099/10816,,,,,ALGEBRA,J-SLOTTED,1600A,LV2895,LVDB1 TX1,ALGEBRA,J-SLOTTED,1600A,LV2897,LVDB2 TX1,,,ALGEBRA,J-SLOTTED,1600A,LV2897,LVDB2 TX1,,,LVDB2 TX1,,,{},page15,Visual Image Path,C:\Users\aremi\Desktop\REPORT CBM\PO 42289580 - Pahang 11kV SECOND CYCLE AZZAD 2026\RAW MATERIAL\154. HABU HEIGHT (VI)\RAW DATA\IR,29.jpg
15,Panel5,1,02. swg-panel.docx,15,HABU HEIGHT,5:38 pm,01/06/2026,20.9,77,CABLE COMPARTMENT,,,,,,,,,INDKOM,RMU SF6,11kV,ZZTT,MTM,HERMETICALLY SEAL,1000kVA,T1/129/1099/10816,,,,,ALGEBRA,J-SLOTTED,1600A,LV2895,LVDB1 TX1,ALGEBRA,J-SLOTTED,1600A,LV2897,LVDB2 TX1,,,ALGEBRA,J-SLOTTED,1600A,LV2897,LVDB2 TX1,,,LVDB2 TX1,,,{},page15,IR Image Path,C:\Users\aremi\Desktop\REPORT CBM\PO 42289580 - Pahang 11kV SECOND CYCLE AZZAD 2026\RAW MATERIAL\154. HABU HEIGHT (VI)\RAW DATA\IR,30.jpg
16,Panel5,1,02. swg-panel.docx,16,HABU HEIGHT,5:38 pm,01/06/2026,20.9,77,CABLE ENTRY,,,,,,,,,INDKOM,RMU SF6,11kV,ZZTT,MTM,HERMETICALLY SEAL,1000kVA,T1/129/1099/10816,,,,,ALGEBRA,J-SLOTTED,1600A,LV2895,LVDB1 TX1,ALGEBRA,J-SLOTTED,1600A,LV2897,LVDB2 TX1,,,ALGEBRA,J-SLOTTED,1600A,LV2897,LVDB2 TX1,,,LVDB2 TX1,,,{},page16,Visual Image Path,C:\Users\aremi\Desktop\REPORT CBM\PO 42289580 - Pahang 11kV SECOND CYCLE AZZAD 2026\RAW MATERIAL\154. HABU HEIGHT (VI)\RAW DATA\IR,31.jpg
16,Panel5,1,02. swg-panel.docx,16,HABU HEIGHT,5:38 pm,01/06/2026,20.9,77,CABLE ENTRY,,,,,,,,,INDKOM,RMU SF6,11kV,ZZTT,MTM,HERMETICALLY SEAL,1000kVA,T1/129/1099/10816,,,,,ALGEBRA,J-SLOTTED,1600A,LV2895,LVDB1 TX1,ALGEBRA,J-SLOTTED,1600A,LV2897,LVDB2 TX1,,,ALGEBRA,J-SLOTTED,1600A,LV2897,LVDB2 TX1,,,LVDB2 TX1,,,{},page16,IR Image Path,C:\Users\aremi\Desktop\REPORT CBM\PO 42289580 - Pahang 11kV SECOND CYCLE AZZAD 2026\RAW MATERIAL\154. HABU HEIGHT (VI)\RAW DATA\IR,32.jpg
17,Panel6,1,02. swg-panel.docx,17,HABU HEIGHT,5:38 pm,01/06/2026,20.9,77,CABLE COMPARTMENT,,,,,,,,,INDKOM,RMU SF6,11kV,ZZTT,MTM,HERMETICALLY SEAL,1000kVA,T1/129/1099/10816,,,,,ALGEBRA,J-SLOTTED,1600A,LV2895,LVDB1 TX1,ALGEBRA,J-SLOTTED,1600A,LV2897,LVDB2 TX1,,,ALGEBRA,J-SLOTTED,1600A,LV2897,LVDB2 TX1,,,LVDB2 TX1,,,{},page17,Visual Image Path,C:\Users\aremi\Desktop\REPORT CBM\PO 42289580 - Pahang 11kV SECOND CYCLE AZZAD 2026\RAW MATERIAL\154. HABU HEIGHT (VI)\RAW DATA\IR,33.jpg
17,Panel6,1,02. swg-panel.docx,17,HABU HEIGHT,5:38 pm,01/06/2026,20.9,77,CABLE COMPARTMENT,,,,,,,,,INDKOM,RMU SF6,11kV,ZZTT,MTM,HERMETICALLY SEAL,1000kVA,T1/129/1099/10816,,,,,ALGEBRA,J-SLOTTED,1600A,LV2895,LVDB1 TX1,ALGEBRA,J-SLOTTED,1600A,LV2897,LVDB2 TX1,,,ALGEBRA,J-SLOTTED,1600A,LV2897,LVDB2 TX1,,,LVDB2 TX1,,,{},page17,IR Image Path,C:\Users\aremi\Desktop\REPORT CBM\PO 42289580 - Pahang 11kV SECOND CYCLE AZZAD 2026\RAW MATERIAL\154. HABU HEIGHT (VI)\RAW DATA\IR,34.jpg
18,Panel6,1,02. swg-panel.docx,18,HABU HEIGHT,5:38 pm,01/06/2026,20.9,77,CABLE ENTRY,,,,,,,,,INDKOM,RMU SF6,11kV,ZZTT,MTM,HERMETICALLY SEAL,1000kVA,T1/129/1099/10816,,,,,ALGEBRA,J-SLOTTED,1600A,LV2895,LVDB1 TX1,ALGEBRA,J-SLOTTED,1600A,LV2897,LVDB2 TX1,,,ALGEBRA,J-SLOTTED,1600A,LV2897,LVDB2 TX1,,,LVDB2 TX1,,,{},page18,Visual Image Path,C:\Users\aremi\Desktop\REPORT CBM\PO 42289580 - Pahang 11kV SECOND CYCLE AZZAD 2026\RAW MATERIAL\154. HABU HEIGHT (VI)\RAW DATA\IR,35.jpg
18,Panel6,1,02. swg-panel.docx,18,HABU HEIGHT,5:38 pm,01/06/2026,20.9,77,CABLE ENTRY,,,,,,,,,INDKOM,RMU SF6,11kV,ZZTT,MTM,HERMETICALLY SEAL,1000kVA,T1/129/1099/10816,,,,,ALGEBRA,J-SLOTTED,1600A,LV2895,LVDB1 TX1,ALGEBRA,J-SLOTTED,1600A,LV2897,LVDB2 TX1,,,ALGEBRA,J-SLOTTED,1600A,LV2897,LVDB2 TX1,,,LVDB2 TX1,,,{},page18,IR Image Path,C:\Users\aremi\Desktop\REPORT CBM\PO 42289580 - Pahang 11kV SECOND CYCLE AZZAD 2026\RAW MATERIAL\154. HABU HEIGHT (VI)\RAW DATA\IR,36.jpg
19,Panel7,1,02. swg-panel.docx,19,HABU HEIGHT,5:38 pm,01/06/2026,20.9,77,CABLE COMPARTMENT,,,,,,,,,INDKOM,RMU SF6,11kV,ZZTT,MTM,HERMETICALLY SEAL,1000kVA,T1/129/1099/10816,,,,,ALGEBRA,J-SLOTTED,1600A,LV2895,LVDB1 TX1,ALGEBRA,J-SLOTTED,1600A,LV2897,LVDB2 TX1,,,ALGEBRA,J-SLOTTED,1600A,LV2897,LVDB2 TX1,,,LVDB2 TX1,,,{},page19,Visual Image Path,C:\Users\aremi\Desktop\REPORT CBM\PO 42289580 - Pahang 11kV SECOND CYCLE AZZAD 2026\RAW MATERIAL\154. HABU HEIGHT (VI)\RAW DATA\IR,37.jpg
19,Panel7,1,02. swg-panel.docx,19,HABU HEIGHT,5:38 pm,01/06/2026,20.9,77,CABLE COMPARTMENT,,,,,,,,,INDKOM,RMU SF6,11kV,ZZTT,MTM,HERMETICALLY SEAL,1000kVA,T1/129/1099/10816,,,,,ALGEBRA,J-SLOTTED,1600A,LV2895,LVDB1 TX1,ALGEBRA,J-SLOTTED,1600A,LV2897,LVDB2 TX1,,,ALGEBRA,J-SLOTTED,1600A,LV2897,LVDB2 TX1,,,LVDB2 TX1,,,{},page19,IR Image Path,C:\Users\aremi\Desktop\REPORT CBM\PO 42289580 - Pahang 11kV SECOND CYCLE AZZAD 2026\RAW MATERIAL\154. HABU HEIGHT (VI)\RAW DATA\IR,38.jpg
20,Panel7,1,02. swg-panel.docx,20,HABU HEIGHT,5:38 pm,01/06/2026,20.9,77,CABLE ENTRY,,,,,,,,,INDKOM,RMU SF6,11kV,ZZTT,MTM,HERMETICALLY SEAL,1000kVA,T1/129/1099/10816,,,,,ALGEBRA,J-SLOTTED,1600A,LV2895,LVDB1 TX1,ALGEBRA,J-SLOTTED,1600A,LV2897,LVDB2 TX1,,,ALGEBRA,J-SLOTTED,1600A,LV2897,LVDB2 TX1,,,LVDB2 TX1,,,{},page20,Visual Image Path,C:\Users\aremi\Desktop\REPORT CBM\PO 42289580 - Pahang 11kV SECOND CYCLE AZZAD 2026\RAW MATERIAL\154. HABU HEIGHT (VI)\RAW DATA\IR,39.jpg
20,Panel7,1,02. swg-panel.docx,20,HABU HEIGHT,5:38 pm,01/06/2026,20.9,77,CABLE ENTRY,,,,,,,,,INDKOM,RMU SF6,11kV,ZZTT,MTM,HERMETICALLY SEAL,1000kVA,T1/129/1099/10816,,,,,ALGEBRA,J-SLOTTED,1600A,LV2895,LVDB1 TX1,ALGEBRA,J-SLOTTED,1600A,LV2897,LVDB2 TX1,,,ALGEBRA,J-SLOTTED,1600A,LV2897,LVDB2 TX1,,,LVDB2 TX1,,,{},page20,IR Image Path,C:\Users\aremi\Desktop\REPORT CBM\PO 42289580 - Pahang 11kV SECOND CYCLE AZZAD 2026\RAW MATERIAL\154. HABU HEIGHT (VI)\RAW DATA\IR,40.jpg
21,Panel8,1,02. swg-panel.docx,21,HABU HEIGHT,5:38 pm,01/06/2026,20.9,77,CABLE COMPARTMENT,,,,,,,,,INDKOM,RMU SF6,11kV,ZZTT,MTM,HERMETICALLY SEAL,1000kVA,T1/129/1099/10816,,,,,ALGEBRA,J-SLOTTED,1600A,LV2895,LVDB1 TX1,ALGEBRA,J-SLOTTED,1600A,LV2897,LVDB2 TX1,,,ALGEBRA,J-SLOTTED,1600A,LV2897,LVDB2 TX1,,,LVDB2 TX1,,,{},page21,Visual Image Path,C:\Users\aremi\Desktop\REPORT CBM\PO 42289580 - Pahang 11kV SECOND CYCLE AZZAD 2026\RAW MATERIAL\154. HABU HEIGHT (VI)\RAW DATA\IR,41.jpg
21,Panel8,1,02. swg-panel.docx,21,HABU HEIGHT,5:38 pm,01/06/2026,20.9,77,CABLE COMPARTMENT,,,,,,,,,INDKOM,RMU SF6,11kV,ZZTT,MTM,HERMETICALLY SEAL,1000kVA,T1/129/1099/10816,,,,,ALGEBRA,J-SLOTTED,1600A,LV2895,LVDB1 TX1,ALGEBRA,J-SLOTTED,1600A,LV2897,LVDB2 TX1,,,ALGEBRA,J-SLOTTED,1600A,LV2897,LVDB2 TX1,,,LVDB2 TX1,,,{},page21,IR Image Path,C:\Users\aremi\Desktop\REPORT CBM\PO 42289580 - Pahang 11kV SECOND CYCLE AZZAD 2026\RAW MATERIAL\154. HABU HEIGHT (VI)\RAW DATA\IR,42.jpg
22,Panel8,1,02. swg-panel.docx,22,HABU HEIGHT,5:38 pm,01/06/2026,20.9,77,CABLE ENTRY,,,,,,,,,INDKOM,RMU SF6,11kV,ZZTT,MTM,HERMETICALLY SEAL,1000kVA,T1/129/1099/10816,,,,,ALGEBRA,J-SLOTTED,1600A,LV2895,LVDB1 TX1,ALGEBRA,J-SLOTTED,1600A,LV2897,LVDB2 TX1,,,ALGEBRA,J-SLOTTED,1600A,LV2897,LVDB2 TX1,,,LVDB2 TX1,,,{},page22,Visual Image Path,C:\Users\aremi\Desktop\REPORT CBM\PO 42289580 - Pahang 11kV SECOND CYCLE AZZAD 2026\RAW MATERIAL\154. HABU HEIGHT (VI)\RAW DATA\IR,43.jpg
22,Panel8,1,02. swg-panel.docx,22,HABU HEIGHT,5:38 pm,01/06/2026,20.9,77,CABLE ENTRY,,,,,,,,,INDKOM,RMU SF6,11kV,ZZTT,MTM,HERMETICALLY SEAL,1000kVA,T1/129/1099/10816,,,,,ALGEBRA,J-SLOTTED,1600A,LV2895,LVDB1 TX1,ALGEBRA,J-SLOTTED,1600A,LV2897,LVDB2 TX1,,,ALGEBRA,J-SLOTTED,1600A,LV2897,LVDB2 TX1,,,LVDB2 TX1,,,{},page22,IR Image Path,C:\Users\aremi\Desktop\REPORT CBM\PO 42289580 - Pahang 11kV SECOND CYCLE AZZAD 2026\RAW MATERIAL\154. HABU HEIGHT (VI)\RAW DATA\IR,44.jpg
23,Panel9,1,02. swg-panel.docx,23,HABU HEIGHT,5:38 pm,01/06/2026,20.9,77,CABLE COMPARTMENT,,,,,,,,,INDKOM,RMU SF6,11kV,ZZTT,MTM,HERMETICALLY SEAL,1000kVA,T1/129/1099/10816,,,,,ALGEBRA,J-SLOTTED,1600A,LV2895,LVDB1 TX1,ALGEBRA,J-SLOTTED,1600A,LV2897,LVDB2 TX1,,,ALGEBRA,J-SLOTTED,1600A,LV2897,LVDB2 TX1,,,LVDB2 TX1,,,{},page23,Visual Image Path,C:\Users\aremi\Desktop\REPORT CBM\PO 42289580 - Pahang 11kV SECOND CYCLE AZZAD 2026\RAW MATERIAL\154. HABU HEIGHT (VI)\RAW DATA\IR,45.jpg
23,Panel9,1,02. swg-panel.docx,23,HABU HEIGHT,5:38 pm,01/06/2026,20.9,77,CABLE COMPARTMENT,,,,,,,,,INDKOM,RMU SF6,11kV,ZZTT,MTM,HERMETICALLY SEAL,1000kVA,T1/129/1099/10816,,,,,ALGEBRA,J-SLOTTED,1600A,LV2895,LVDB1 TX1,ALGEBRA,J-SLOTTED,1600A,LV2897,LVDB2 TX1,,,ALGEBRA,J-SLOTTED,1600A,LV2897,LVDB2 TX1,,,LVDB2 TX1,,,{},page23,IR Image Path,C:\Users\aremi\Desktop\REPORT CBM\PO 42289580 - Pahang 11kV SECOND CYCLE AZZAD 2026\RAW MATERIAL\154. HABU HEIGHT (VI)\RAW DATA\IR,46.jpg
24,Panel9,1,02. swg-panel.docx,24,HABU HEIGHT,5:38 pm,01/06/2026,20.9,77,CABLE ENTRY,,,,,,,,,INDKOM,RMU SF6,11kV,ZZTT,MTM,HERMETICALLY SEAL,1000kVA,T1/129/1099/10816,,,,,ALGEBRA,J-SLOTTED,1600A,LV2895,LVDB1 TX1,ALGEBRA,J-SLOTTED,1600A,LV2897,LVDB2 TX1,,,ALGEBRA,J-SLOTTED,1600A,LV2897,LVDB2 TX1,,,LVDB2 TX1,,,{},page24,Visual Image Path,C:\Users\aremi\Desktop\REPORT CBM\PO 42289580 - Pahang 11kV SECOND CYCLE AZZAD 2026\RAW MATERIAL\154. HABU HEIGHT (VI)\RAW DATA\IR,47.jpg
24,Panel9,1,02. swg-panel.docx,24,HABU HEIGHT,5:38 pm,01/06/2026,20.9,77,CABLE ENTRY,,,,,,,,,INDKOM,RMU SF6,11kV,ZZTT,MTM,HERMETICALLY SEAL,1000kVA,T1/129/1099/10816,,,,,ALGEBRA,J-SLOTTED,1600A,LV2895,LVDB1 TX1,ALGEBRA,J-SLOTTED,1600A,LV2897,LVDB2 TX1,,,ALGEBRA,J-SLOTTED,1600A,LV2897,LVDB2 TX1,,,LVDB2 TX1,,,{},page24,IR Image Path,C:\Users\aremi\Desktop\REPORT CBM\PO 42289580 - Pahang 11kV SECOND CYCLE AZZAD 2026\RAW MATERIAL\154. HABU HEIGHT (VI)\RAW DATA\IR,48.jpg
25,Panel10,1,02. swg-panel.docx,25,HABU HEIGHT,5:38 pm,01/06/2026,20.9,77,CABLE COMPARTMENT,,,,,,,,,INDKOM,RMU SF6,11kV,ZZTT,MTM,HERMETICALLY SEAL,1000kVA,T1/129/1099/10816,,,,,ALGEBRA,J-SLOTTED,1600A,LV2895,LVDB1 TX1,ALGEBRA,J-SLOTTED,1600A,LV2897,LVDB2 TX1,,,ALGEBRA,J-SLOTTED,1600A,LV2897,LVDB2 TX1,,,LVDB2 TX1,,,{},page25,Visual Image Path,C:\Users\aremi\Desktop\REPORT CBM\PO 42289580 - Pahang 11kV SECOND CYCLE AZZAD 2026\RAW MATERIAL\154. HABU HEIGHT (VI)\RAW DATA\IR,49.jpg
25,Panel10,1,02. swg-panel.docx,25,HABU HEIGHT,5:38 pm,01/06/2026,20.9,77,CABLE COMPARTMENT,,,,,,,,,INDKOM,RMU SF6,11kV,ZZTT,MTM,HERMETICALLY SEAL,1000kVA,T1/129/1099/10816,,,,,ALGEBRA,J-SLOTTED,1600A,LV2895,LVDB1 TX1,ALGEBRA,J-SLOTTED,1600A,LV2897,LVDB2 TX1,,,ALGEBRA,J-SLOTTED,1600A,LV2897,LVDB2 TX1,,,LVDB2 TX1,,,{},page25,IR Image Path,C:\Users\aremi\Desktop\REPORT CBM\PO 42289580 - Pahang 11kV SECOND CYCLE AZZAD 2026\RAW MATERIAL\154. HABU HEIGHT (VI)\RAW DATA\IR,50.jpg
26,Panel10,1,02. swg-panel.docx,26,HABU HEIGHT,5:38 pm,01/06/2026,20.9,77,CABLE ENTRY,,,,,,,,,INDKOM,RMU SF6,11kV,ZZTT,MTM,HERMETICALLY SEAL,1000kVA,T1/129/1099/10816,,,,,ALGEBRA,J-SLOTTED,1600A,LV2895,LVDB1 TX1,ALGEBRA,J-SLOTTED,1600A,LV2897,LVDB2 TX1,,,ALGEBRA,J-SLOTTED,1600A,LV2897,LVDB2 TX1,,,LVDB2 TX1,,,{},page26,Visual Image Path,C:\Users\aremi\Desktop\REPORT CBM\PO 42289580 - Pahang 11kV SECOND CYCLE AZZAD 2026\RAW MATERIAL\154. HABU HEIGHT (VI)\RAW DATA\IR,51.jpg
26,Panel10,1,02. swg-panel.docx,26,HABU HEIGHT,5:38 pm,01/06/2026,20.9,77,CABLE ENTRY,,,,,,,,,INDKOM,RMU SF6,11kV,ZZTT,MTM,HERMETICALLY SEAL,1000kVA,T1/129/1099/10816,,,,,ALGEBRA,J-SLOTTED,1600A,LV2895,LVDB1 TX1,ALGEBRA,J-SLOTTED,1600A,LV2897,LVDB2 TX1,,,ALGEBRA,J-SLOTTED,1600A,LV2897,LVDB2 TX1,,,LVDB2 TX1,,,{},page26,IR Image Path,C:\Users\aremi\Desktop\REPORT CBM\PO 42289580 - Pahang 11kV SECOND CYCLE AZZAD 2026\RAW MATERIAL\154. HABU HEIGHT (VI)\RAW DATA\IR,52.jpg
27,TX1,1,03. tx1-overview.docx,41,HABU HEIGHT,5:38 pm,01/06/2026,20.9,77,OVERVIEW,1,,,,,,,,INDKOM,RMU SF6,11kV,ZZTT,MTM,HERMETICALLY SEAL,1000kVA,T1/129/1099/10816,,,,,ALGEBRA,J-SLOTTED,1600A,LV2895,LVDB1 TX1,ALGEBRA,J-SLOTTED,1600A,LV2897,LVDB2 TX1,,,ALGEBRA,J-SLOTTED,1600A,LV2897,LVDB2 TX1,,,LVDB2 TX1,,,{},page27,Visual Image Path,C:\Users\aremi\Desktop\REPORT CBM\PO 42289580 - Pahang 11kV SECOND CYCLE AZZAD 2026\RAW MATERIAL\154. HABU HEIGHT (VI)\RAW DATA\IR,53.jpg
27,TX1,1,03. tx1-overview.docx,41,HABU HEIGHT,5:38 pm,01/06/2026,20.9,77,OVERVIEW,1,,,,,,,,INDKOM,RMU SF6,11kV,ZZTT,MTM,HERMETICALLY SEAL,1000kVA,T1/129/1099/10816,,,,,ALGEBRA,J-SLOTTED,1600A,LV2895,LVDB1 TX1,ALGEBRA,J-SLOTTED,1600A,LV2897,LVDB2 TX1,,,ALGEBRA,J-SLOTTED,1600A,LV2897,LVDB2 TX1,,,LVDB2 TX1,,,{},page27,IR Image Path,C:\Users\aremi\Desktop\REPORT CBM\PO 42289580 - Pahang 11kV SECOND CYCLE AZZAD 2026\RAW MATERIAL\154. HABU HEIGHT (VI)\RAW DATA\IR,54.jpg
28,TX1,1,03. tx1-overview.docx,42,HABU HEIGHT,5:38 pm,01/06/2026,20.9,77,OVERVIEW TOP,1,,,,,,,,INDKOM,RMU SF6,11kV,ZZTT,MTM,HERMETICALLY SEAL,1000kVA,T1/129/1099/10816,,,,,ALGEBRA,J-SLOTTED,1600A,LV2895,LVDB1 TX1,ALGEBRA,J-SLOTTED,1600A,LV2897,LVDB2 TX1,,,ALGEBRA,J-SLOTTED,1600A,LV2897,LVDB2 TX1,,,LVDB2 TX1,,,{},page28,Visual Image Path,C:\Users\aremi\Desktop\REPORT CBM\PO 42289580 - Pahang 11kV SECOND CYCLE AZZAD 2026\RAW MATERIAL\154. HABU HEIGHT (VI)\RAW DATA\IR,55.jpg
28,TX1,1,03. tx1-overview.docx,42,HABU HEIGHT,5:38 pm,01/06/2026,20.9,77,OVERVIEW TOP,1,,,,,,,,INDKOM,RMU SF6,11kV,ZZTT,MTM,HERMETICALLY SEAL,1000kVA,T1/129/1099/10816,,,,,ALGEBRA,J-SLOTTED,1600A,LV2895,LVDB1 TX1,ALGEBRA,J-SLOTTED,1600A,LV2897,LVDB2 TX1,,,ALGEBRA,J-SLOTTED,1600A,LV2897,LVDB2 TX1,,,LVDB2 TX1,,,{},page28,IR Image Path,C:\Users\aremi\Desktop\REPORT CBM\PO 42289580 - Pahang 11kV SECOND CYCLE AZZAD 2026\RAW MATERIAL\154. HABU HEIGHT (VI)\RAW DATA\IR,56.jpg
29,TX1,1,04. tx1-hv-sides.docx,43,HABU HEIGHT,5:38 pm,01/06/2026,20.9,77,BUSHING,1,HV SIDE,,,,,,,INDKOM,RMU SF6,11kV,ZZTT,MTM,HERMETICALLY SEAL,1000kVA,T1/129/1099/10816,,,,,ALGEBRA,J-SLOTTED,1600A,LV2895,LVDB1 TX1,ALGEBRA,J-SLOTTED,1600A,LV2897,LVDB2 TX1,,,ALGEBRA,J-SLOTTED,1600A,LV2897,LVDB2 TX1,,,LVDB2 TX1,,,{},page29,Visual Image Path,C:\Users\aremi\Desktop\REPORT CBM\PO 42289580 - Pahang 11kV SECOND CYCLE AZZAD 2026\RAW MATERIAL\154. HABU HEIGHT (VI)\RAW DATA\IR,57.jpg
29,TX1,1,04. tx1-hv-sides.docx,43,HABU HEIGHT,5:38 pm,01/06/2026,20.9,77,BUSHING,1,HV SIDE,,,,,,,INDKOM,RMU SF6,11kV,ZZTT,MTM,HERMETICALLY SEAL,1000kVA,T1/129/1099/10816,,,,,ALGEBRA,J-SLOTTED,1600A,LV2895,LVDB1 TX1,ALGEBRA,J-SLOTTED,1600A,LV2897,LVDB2 TX1,,,ALGEBRA,J-SLOTTED,1600A,LV2897,LVDB2 TX1,,,LVDB2 TX1,,,{},page29,IR Image Path,C:\Users\aremi\Desktop\REPORT CBM\PO 42289580 - Pahang 11kV SECOND CYCLE AZZAD 2026\RAW MATERIAL\154. HABU HEIGHT (VI)\RAW DATA\IR,58.jpg
30,TX1,1,04. tx1-hv-sides.docx,44,HABU HEIGHT,5:38 pm,01/06/2026,20.9,77,CABLE,1,HV SIDE,,,,,,,INDKOM,RMU SF6,11kV,ZZTT,MTM,HERMETICALLY SEAL,1000kVA,T1/129/1099/10816,,,,,ALGEBRA,J-SLOTTED,1600A,LV2895,LVDB1 TX1,ALGEBRA,J-SLOTTED,1600A,LV2897,LVDB2 TX1,,,ALGEBRA,J-SLOTTED,1600A,LV2897,LVDB2 TX1,,,LVDB2 TX1,,,{},page30,Visual Image Path,C:\Users\aremi\Desktop\REPORT CBM\PO 42289580 - Pahang 11kV SECOND CYCLE AZZAD 2026\RAW MATERIAL\154. HABU HEIGHT (VI)\RAW DATA\IR,59.jpg
30,TX1,1,04. tx1-hv-sides.docx,44,HABU HEIGHT,5:38 pm,01/06/2026,20.9,77,CABLE,1,HV SIDE,,,,,,,INDKOM,RMU SF6,11kV,ZZTT,MTM,HERMETICALLY SEAL,1000kVA,T1/129/1099/10816,,,,,ALGEBRA,J-SLOTTED,1600A,LV2895,LVDB1 TX1,ALGEBRA,J-SLOTTED,1600A,LV2897,LVDB2 TX1,,,ALGEBRA,J-SLOTTED,1600A,LV2897,LVDB2 TX1,,,LVDB2 TX1,,,{},page30,IR Image Path,C:\Users\aremi\Desktop\REPORT CBM\PO 42289580 - Pahang 11kV SECOND CYCLE AZZAD 2026\RAW MATERIAL\154. HABU HEIGHT (VI)\RAW DATA\IR,60.jpg
31,TX1,1,04. tx1-hv-sides.docx,45,HABU HEIGHT,5:38 pm,01/06/2026,20.9,77,CABLE SPLIT,1,HV SIDE,,,,,,,INDKOM,RMU SF6,11kV,ZZTT,MTM,HERMETICALLY SEAL,1000kVA,T1/129/1099/10816,,,,,ALGEBRA,J-SLOTTED,1600A,LV2895,LVDB1 TX1,ALGEBRA,J-SLOTTED,1600A,LV2897,LVDB2 TX1,,,ALGEBRA,J-SLOTTED,1600A,LV2897,LVDB2 TX1,,,LVDB2 TX1,,,{},page31,Visual Image Path,C:\Users\aremi\Desktop\REPORT CBM\PO 42289580 - Pahang 11kV SECOND CYCLE AZZAD 2026\RAW MATERIAL\154. HABU HEIGHT (VI)\RAW DATA\IR,61.jpg
31,TX1,1,04. tx1-hv-sides.docx,45,HABU HEIGHT,5:38 pm,01/06/2026,20.9,77,CABLE SPLIT,1,HV SIDE,,,,,,,INDKOM,RMU SF6,11kV,ZZTT,MTM,HERMETICALLY SEAL,1000kVA,T1/129/1099/10816,,,,,ALGEBRA,J-SLOTTED,1600A,LV2895,LVDB1 TX1,ALGEBRA,J-SLOTTED,1600A,LV2897,LVDB2 TX1,,,ALGEBRA,J-SLOTTED,1600A,LV2897,LVDB2 TX1,,,LVDB2 TX1,,,{},page31,IR Image Path,C:\Users\aremi\Desktop\REPORT CBM\PO 42289580 - Pahang 11kV SECOND CYCLE AZZAD 2026\RAW MATERIAL\154. HABU HEIGHT (VI)\RAW DATA\IR,62.jpg
32,TX1,1,05. tx1-lv-sides.docx,46,HABU HEIGHT,5:38 pm,01/06/2026,20.9,77,BUSHING,1,LV SIDE,,,,,,,INDKOM,RMU SF6,11kV,ZZTT,MTM,HERMETICALLY SEAL,1000kVA,T1/129/1099/10816,,,,,ALGEBRA,J-SLOTTED,1600A,LV2895,LVDB1 TX1,ALGEBRA,J-SLOTTED,1600A,LV2897,LVDB2 TX1,,,ALGEBRA,J-SLOTTED,1600A,LV2897,LVDB2 TX1,,,LVDB2 TX1,,,{},page32,Visual Image Path,C:\Users\aremi\Desktop\REPORT CBM\PO 42289580 - Pahang 11kV SECOND CYCLE AZZAD 2026\RAW MATERIAL\154. HABU HEIGHT (VI)\RAW DATA\IR,63.jpg
32,TX1,1,05. tx1-lv-sides.docx,46,HABU HEIGHT,5:38 pm,01/06/2026,20.9,77,BUSHING,1,LV SIDE,,,,,,,INDKOM,RMU SF6,11kV,ZZTT,MTM,HERMETICALLY SEAL,1000kVA,T1/129/1099/10816,,,,,ALGEBRA,J-SLOTTED,1600A,LV2895,LVDB1 TX1,ALGEBRA,J-SLOTTED,1600A,LV2897,LVDB2 TX1,,,ALGEBRA,J-SLOTTED,1600A,LV2897,LVDB2 TX1,,,LVDB2 TX1,,,{},page32,IR Image Path,C:\Users\aremi\Desktop\REPORT CBM\PO 42289580 - Pahang 11kV SECOND CYCLE AZZAD 2026\RAW MATERIAL\154. HABU HEIGHT (VI)\RAW DATA\IR,64.jpg
33,TX1,1,05. tx1-lv-sides.docx,47,HABU HEIGHT,5:38 pm,01/06/2026,20.9,77,CABLE,1,LV SIDE,,,,,,,INDKOM,RMU SF6,11kV,ZZTT,MTM,HERMETICALLY SEAL,1000kVA,T1/129/1099/10816,,,,,ALGEBRA,J-SLOTTED,1600A,LV2895,LVDB1 TX1,ALGEBRA,J-SLOTTED,1600A,LV2897,LVDB2 TX1,,,ALGEBRA,J-SLOTTED,1600A,LV2897,LVDB2 TX1,,,LVDB2 TX1,,,{},page33,Visual Image Path,C:\Users\aremi\Desktop\REPORT CBM\PO 42289580 - Pahang 11kV SECOND CYCLE AZZAD 2026\RAW MATERIAL\154. HABU HEIGHT (VI)\RAW DATA\IR,65.jpg
33,TX1,1,05. tx1-lv-sides.docx,47,HABU HEIGHT,5:38 pm,01/06/2026,20.9,77,CABLE,1,LV SIDE,,,,,,,INDKOM,RMU SF6,11kV,ZZTT,MTM,HERMETICALLY SEAL,1000kVA,T1/129/1099/10816,,,,,ALGEBRA,J-SLOTTED,1600A,LV2895,LVDB1 TX1,ALGEBRA,J-SLOTTED,1600A,LV2897,LVDB2 TX1,,,ALGEBRA,J-SLOTTED,1600A,LV2897,LVDB2 TX1,,,LVDB2 TX1,,,{},page33,IR Image Path,C:\Users\aremi\Desktop\REPORT CBM\PO 42289580 - Pahang 11kV SECOND CYCLE AZZAD 2026\RAW MATERIAL\154. HABU HEIGHT (VI)\RAW DATA\IR,66.jpg
34,TX1,1,05. tx1-lv-sides.docx,48,HABU HEIGHT,5:38 pm,01/06/2026,20.9,77,CABLE SPLIT,1,LV SIDE,,,,,,,INDKOM,RMU SF6,11kV,ZZTT,MTM,HERMETICALLY SEAL,1000kVA,T1/129/1099/10816,,,,,ALGEBRA,J-SLOTTED,1600A,LV2895,LVDB1 TX1,ALGEBRA,J-SLOTTED,1600A,LV2897,LVDB2 TX1,,,ALGEBRA,J-SLOTTED,1600A,LV2897,LVDB2 TX1,,,LVDB2 TX1,,,{},page34,Visual Image Path,C:\Users\aremi\Desktop\REPORT CBM\PO 42289580 - Pahang 11kV SECOND CYCLE AZZAD 2026\RAW MATERIAL\154. HABU HEIGHT (VI)\RAW DATA\IR,67.jpg
34,TX1,1,05. tx1-lv-sides.docx,48,HABU HEIGHT,5:38 pm,01/06/2026,20.9,77,CABLE SPLIT,1,LV SIDE,,,,,,,INDKOM,RMU SF6,11kV,ZZTT,MTM,HERMETICALLY SEAL,1000kVA,T1/129/1099/10816,,,,,ALGEBRA,J-SLOTTED,1600A,LV2895,LVDB1 TX1,ALGEBRA,J-SLOTTED,1600A,LV2897,LVDB2 TX1,,,ALGEBRA,J-SLOTTED,1600A,LV2897,LVDB2 TX1,,,LVDB2 TX1,,,{},page34,IR Image Path,C:\Users\aremi\Desktop\REPORT CBM\PO 42289580 - Pahang 11kV SECOND CYCLE AZZAD 2026\RAW MATERIAL\154. HABU HEIGHT (VI)\RAW DATA\IR,68.jpg
35,TX2,1,06. tx2-overview.docx,49,HABU HEIGHT,5:38 pm,01/06/2026,20.9,77,OVERVIEW,2,,,,,,,,INDKOM,RMU SF6,11kV,ZZTT,MTM,HERMETICALLY SEAL,1000kVA,T1/129/1099/10816,,,,,ALGEBRA,J-SLOTTED,1600A,LV2895,LVDB1 TX1,ALGEBRA,J-SLOTTED,1600A,LV2897,LVDB2 TX1,,,ALGEBRA,J-SLOTTED,1600A,LV2897,LVDB2 TX1,,,LVDB2 TX1,,,{},page35,Visual Image Path,C:\Users\aremi\Desktop\REPORT CBM\PO 42289580 - Pahang 11kV SECOND CYCLE AZZAD 2026\RAW MATERIAL\154. HABU HEIGHT (VI)\RAW DATA\IR,69.jpg
35,TX2,1,06. tx2-overview.docx,49,HABU HEIGHT,5:38 pm,01/06/2026,20.9,77,OVERVIEW,2,,,,,,,,INDKOM,RMU SF6,11kV,ZZTT,MTM,HERMETICALLY SEAL,1000kVA,T1/129/1099/10816,,,,,ALGEBRA,J-SLOTTED,1600A,LV2895,LVDB1 TX1,ALGEBRA,J-SLOTTED,1600A,LV2897,LVDB2 TX1,,,ALGEBRA,J-SLOTTED,1600A,LV2897,LVDB2 TX1,,,LVDB2 TX1,,,{},page35,IR Image Path,C:\Users\aremi\Desktop\REPORT CBM\PO 42289580 - Pahang 11kV SECOND CYCLE AZZAD 2026\RAW MATERIAL\154. HABU HEIGHT (VI)\RAW DATA\IR,70.jpg
36,TX2,1,06. tx2-overview.docx,50,HABU HEIGHT,5:38 pm,01/06/2026,20.9,77,OVERVIEW TOP,2,,,,,,,,INDKOM,RMU SF6,11kV,ZZTT,MTM,HERMETICALLY SEAL,1000kVA,T1/129/1099/10816,,,,,ALGEBRA,J-SLOTTED,1600A,LV2895,LVDB1 TX1,ALGEBRA,J-SLOTTED,1600A,LV2897,LVDB2 TX1,,,ALGEBRA,J-SLOTTED,1600A,LV2897,LVDB2 TX1,,,LVDB2 TX1,,,{},page36,Visual Image Path,C:\Users\aremi\Desktop\REPORT CBM\PO 42289580 - Pahang 11kV SECOND CYCLE AZZAD 2026\RAW MATERIAL\154. HABU HEIGHT (VI)\RAW DATA\IR,71.jpg
36,TX2,1,06. tx2-overview.docx,50,HABU HEIGHT,5:38 pm,01/06/2026,20.9,77,OVERVIEW TOP,2,,,,,,,,INDKOM,RMU SF6,11kV,ZZTT,MTM,HERMETICALLY SEAL,1000kVA,T1/129/1099/10816,,,,,ALGEBRA,J-SLOTTED,1600A,LV2895,LVDB1 TX1,ALGEBRA,J-SLOTTED,1600A,LV2897,LVDB2 TX1,,,ALGEBRA,J-SLOTTED,1600A,LV2897,LVDB2 TX1,,,LVDB2 TX1,,,{},page36,IR Image Path,C:\Users\aremi\Desktop\REPORT CBM\PO 42289580 - Pahang 11kV SECOND CYCLE AZZAD 2026\RAW MATERIAL\154. HABU HEIGHT (VI)\RAW DATA\IR,72.jpg
37,TX2,1,07. tx2-hv-sides.docx,51,HABU HEIGHT,5:38 pm,01/06/2026,20.9,77,BUSHING,2,HV SIDE,,,,,,,INDKOM,RMU SF6,11kV,ZZTT,MTM,HERMETICALLY SEAL,1000kVA,T1/129/1099/10816,,,,,ALGEBRA,J-SLOTTED,1600A,LV2895,LVDB1 TX1,ALGEBRA,J-SLOTTED,1600A,LV2897,LVDB2 TX1,,,ALGEBRA,J-SLOTTED,1600A,LV2897,LVDB2 TX1,,,LVDB2 TX1,,,{},page37,Visual Image Path,C:\Users\aremi\Desktop\REPORT CBM\PO 42289580 - Pahang 11kV SECOND CYCLE AZZAD 2026\RAW MATERIAL\154. HABU HEIGHT (VI)\RAW DATA\IR,73.jpg
37,TX2,1,07. tx2-hv-sides.docx,51,HABU HEIGHT,5:38 pm,01/06/2026,20.9,77,BUSHING,2,HV SIDE,,,,,,,INDKOM,RMU SF6,11kV,ZZTT,MTM,HERMETICALLY SEAL,1000kVA,T1/129/1099/10816,,,,,ALGEBRA,J-SLOTTED,1600A,LV2895,LVDB1 TX1,ALGEBRA,J-SLOTTED,1600A,LV2897,LVDB2 TX1,,,ALGEBRA,J-SLOTTED,1600A,LV2897,LVDB2 TX1,,,LVDB2 TX1,,,{},page37,IR Image Path,C:\Users\aremi\Desktop\REPORT CBM\PO 42289580 - Pahang 11kV SECOND CYCLE AZZAD 2026\RAW MATERIAL\154. HABU HEIGHT (VI)\RAW DATA\IR,74.jpg
38,TX2,1,07. tx2-hv-sides.docx,52,HABU HEIGHT,5:38 pm,01/06/2026,20.9,77,CABLE,2,HV SIDE,,,,,,,INDKOM,RMU SF6,11kV,ZZTT,MTM,HERMETICALLY SEAL,1000kVA,T1/129/1099/10816,,,,,ALGEBRA,J-SLOTTED,1600A,LV2895,LVDB1 TX1,ALGEBRA,J-SLOTTED,1600A,LV2897,LVDB2 TX1,,,ALGEBRA,J-SLOTTED,1600A,LV2897,LVDB2 TX1,,,LVDB2 TX1,,,{},page38,Visual Image Path,C:\Users\aremi\Desktop\REPORT CBM\PO 42289580 - Pahang 11kV SECOND CYCLE AZZAD 2026\RAW MATERIAL\154. HABU HEIGHT (VI)\RAW DATA\IR,75.jpg
38,TX2,1,07. tx2-hv-sides.docx,52,HABU HEIGHT,5:38 pm,01/06/2026,20.9,77,CABLE,2,HV SIDE,,,,,,,INDKOM,RMU SF6,11kV,ZZTT,MTM,HERMETICALLY SEAL,1000kVA,T1/129/1099/10816,,,,,ALGEBRA,J-SLOTTED,1600A,LV2895,LVDB1 TX1,ALGEBRA,J-SLOTTED,1600A,LV2897,LVDB2 TX1,,,ALGEBRA,J-SLOTTED,1600A,LV2897,LVDB2 TX1,,,LVDB2 TX1,,,{},page38,IR Image Path,C:\Users\aremi\Desktop\REPORT CBM\PO 42289580 - Pahang 11kV SECOND CYCLE AZZAD 2026\RAW MATERIAL\154. HABU HEIGHT (VI)\RAW DATA\IR,76.jpg
39,TX2,1,07. tx2-hv-sides.docx,53,HABU HEIGHT,5:38 pm,01/06/2026,20.9,77,CABLE SPLIT,2,HV SIDE,,,,,,,INDKOM,RMU SF6,11kV,ZZTT,MTM,HERMETICALLY SEAL,1000kVA,T1/129/1099/10816,,,,,ALGEBRA,J-SLOTTED,1600A,LV2895,LVDB1 TX1,ALGEBRA,J-SLOTTED,1600A,LV2897,LVDB2 TX1,,,ALGEBRA,J-SLOTTED,1600A,LV2897,LVDB2 TX1,,,LVDB2 TX1,,,{},page39,Visual Image Path,C:\Users\aremi\Desktop\REPORT CBM\PO 42289580 - Pahang 11kV SECOND CYCLE AZZAD 2026\RAW MATERIAL\154. HABU HEIGHT (VI)\RAW DATA\IR,77.jpg
39,TX2,1,08. tx2-lv-sides.docx,53,HABU HEIGHT,5:38 pm,01/06/2026,20.9,77,CABLE SPLIT,2,HV SIDE,,,,,,,INDKOM,RMU SF6,11kV,ZZTT,MTM,HERMETICALLY SEAL,1000kVA,T1/129/1099/10816,,,,,ALGEBRA,J-SLOTTED,1600A,LV2895,LVDB1 TX1,ALGEBRA,J-SLOTTED,1600A,LV2897,LVDB2 TX1,,,ALGEBRA,J-SLOTTED,1600A,LV2897,LVDB2 TX1,,,LVDB2 TX1,,,{},page39,IR Image Path,C:\Users\aremi\Desktop\REPORT CBM\PO 42289580 - Pahang 11kV SECOND CYCLE AZZAD 2026\RAW MATERIAL\154. HABU HEIGHT (VI)\RAW DATA\IR,78.jpg
40,TX2,1,08. tx2-lv-sides.docx,54,HABU HEIGHT,5:38 pm,01/06/2026,20.9,77,BUSHING,2,LV SIDE,,,,,,,INDKOM,RMU SF6,11kV,ZZTT,MTM,HERMETICALLY SEAL,1000kVA,T1/129/1099/10816,,,,,ALGEBRA,J-SLOTTED,1600A,LV2895,LVDB1 TX1,ALGEBRA,J-SLOTTED,1600A,LV2897,LVDB2 TX1,,,ALGEBRA,J-SLOTTED,1600A,LV2897,LVDB2 TX1,,,LVDB2 TX1,,,{},page40,Visual Image Path,C:\Users\aremi\Desktop\REPORT CBM\PO 42289580 - Pahang 11kV SECOND CYCLE AZZAD 2026\RAW MATERIAL\154. HABU HEIGHT (VI)\RAW DATA\IR,79.jpg
40,TX2,1,08. tx2-lv-sides.docx,54,HABU HEIGHT,5:38 pm,01/06/2026,20.9,77,BUSHING,2,LV SIDE,,,,,,,INDKOM,RMU SF6,11kV,ZZTT,MTM,HERMETICALLY SEAL,1000kVA,T1/129/1099/10816,,,,,ALGEBRA,J-SLOTTED,1600A,LV2895,LVDB1 TX1,ALGEBRA,J-SLOTTED,1600A,LV2897,LVDB2 TX1,,,ALGEBRA,J-SLOTTED,1600A,LV2897,LVDB2 TX1,,,LVDB2 TX1,,,{},page40,IR Image Path,C:\Users\aremi\Desktop\REPORT CBM\PO 42289580 - Pahang 11kV SECOND CYCLE AZZAD 2026\RAW MATERIAL\154. HABU HEIGHT (VI)\RAW DATA\IR,80.jpg
41,TX2,1,08. tx2-lv-sides.docx,55,HABU HEIGHT,5:38 pm,01/06/2026,20.9,77,CABLE,2,LV SIDE,,,,,,,INDKOM,RMU SF6,11kV,ZZTT,MTM,HERMETICALLY SEAL,1000kVA,T1/129/1099/10816,,,,,ALGEBRA,J-SLOTTED,1600A,LV2895,LVDB1 TX1,ALGEBRA,J-SLOTTED,1600A,LV2897,LVDB2 TX1,,,ALGEBRA,J-SLOTTED,1600A,LV2897,LVDB2 TX1,,,LVDB2 TX1,,,{},page41,Visual Image Path,C:\Users\aremi\Desktop\REPORT CBM\PO 42289580 - Pahang 11kV SECOND CYCLE AZZAD 2026\RAW MATERIAL\154. HABU HEIGHT (VI)\RAW DATA\IR,81.jpg
41,TX2,1,08. tx2-lv-sides.docx,55,HABU HEIGHT,5:38 pm,01/06/2026,20.9,77,CABLE,2,LV SIDE,,,,,,,INDKOM,RMU SF6,11kV,ZZTT,MTM,HERMETICALLY SEAL,1000kVA,T1/129/1099/10816,,,,,ALGEBRA,J-SLOTTED,1600A,LV2895,LVDB1 TX1,ALGEBRA,J-SLOTTED,1600A,LV2897,LVDB2 TX1,,,ALGEBRA,J-SLOTTED,1600A,LV2897,LVDB2 TX1,,,LVDB2 TX1,,,{},page41,IR Image Path,C:\Users\aremi\Desktop\REPORT CBM\PO 42289580 - Pahang 11kV SECOND CYCLE AZZAD 2026\RAW MATERIAL\154. HABU HEIGHT (VI)\RAW DATA\IR,82.jpg
42,TX2,1,08. tx2-lv-sides.docx,56,HABU HEIGHT,5:38 pm,01/06/2026,20.9,77,CABLE SPLIT,2,LV SIDE,,,,,,,INDKOM,RMU SF6,11kV,ZZTT,MTM,HERMETICALLY SEAL,1000kVA,T1/129/1099/10816,,,,,ALGEBRA,J-SLOTTED,1600A,LV2895,LVDB1 TX1,ALGEBRA,J-SLOTTED,1600A,LV2897,LVDB2 TX1,,,ALGEBRA,J-SLOTTED,1600A,LV2897,LVDB2 TX1,,,LVDB2 TX1,,,{},page42,Visual Image Path,C:\Users\aremi\Desktop\REPORT CBM\PO 42289580 - Pahang 11kV SECOND CYCLE AZZAD 2026\RAW MATERIAL\154. HABU HEIGHT (VI)\RAW DATA\IR,83.jpg
42,TX2,1,08. tx2-lv-sides.docx,56,HABU HEIGHT,5:38 pm,01/06/2026,20.9,77,CABLE SPLIT,2,LV SIDE,,,,,,,INDKOM,RMU SF6,11kV,ZZTT,MTM,HERMETICALLY SEAL,1000kVA,T1/129/1099/10816,,,,,ALGEBRA,J-SLOTTED,1600A,LV2895,LVDB1 TX1,ALGEBRA,J-SLOTTED,1600A,LV2897,LVDB2 TX1,,,ALGEBRA,J-SLOTTED,1600A,LV2897,LVDB2 TX1,,,LVDB2 TX1,,,{},page42,IR Image Path,C:\Users\aremi\Desktop\REPORT CBM\PO 42289580 - Pahang 11kV SECOND CYCLE AZZAD 2026\RAW MATERIAL\154. HABU HEIGHT (VI)\RAW DATA\IR,84.jpg
43,FP 1,1,09. fp1-overview.docx,57,HABU HEIGHT,5:38 pm,01/06/2026,20.9,77,OVERVIEW,-,,,,,,,,INDKOM,RMU SF6,11kV,ZZTT,MTM,HERMETICALLY SEAL,1000kVA,T1/129/1099/10816,,,,,ALGEBRA,J-SLOTTED,1600A,LV2895,LVDB1 TX1,ALGEBRA,J-SLOTTED,1600A,LV2897,LVDB2 TX1,,,ALGEBRA,J-SLOTTED,1600A,LV2897,LVDB2 TX1,,,LVDB2 TX1,,,{},page43,Visual Image Path,C:\Users\aremi\Desktop\REPORT CBM\PO 42289580 - Pahang 11kV SECOND CYCLE AZZAD 2026\RAW MATERIAL\154. HABU HEIGHT (VI)\RAW DATA\IR,85.jpg
43,FP1,1,09. fp1-overview.docx,57,HABU HEIGHT,5:38 pm,01/06/2026,20.9,77,OVERVIEW,-,,,,,,,,INDKOM,RMU SF6,11kV,ZZTT,MTM,HERMETICALLY SEAL,1000kVA,T1/129/1099/10816,,,,,ALGEBRA,J-SLOTTED,1600A,LV2895,LVDB1 TX1,ALGEBRA,J-SLOTTED,1600A,LV2897,LVDB2 TX1,,,ALGEBRA,J-SLOTTED,1600A,LV2897,LVDB2 TX1,,,LVDB2 TX1,,,{},page43,IR Image Path,C:\Users\aremi\Desktop\REPORT CBM\PO 42289580 - Pahang 11kV SECOND CYCLE AZZAD 2026\RAW MATERIAL\154. HABU HEIGHT (VI)\RAW DATA\IR,86.jpg
44,FP2,1,10. fp2-overview.docx,58,HABU HEIGHT,5:38 pm,01/06/2026,20.9,77,OVERVIEW,-,,,,,,,,INDKOM,RMU SF6,11kV,ZZTT,MTM,HERMETICALLY SEAL,1000kVA,T1/129/1099/10816,,,,,ALGEBRA,J-SLOTTED,1600A,LV2895,LVDB1 TX1,ALGEBRA,J-SLOTTED,1600A,LV2897,LVDB2 TX1,,,ALGEBRA,J-SLOTTED,1600A,LV2897,LVDB2 TX1,,,LVDB2 TX1,,,{},page44,Visual Image Path,C:\Users\aremi\Desktop\REPORT CBM\PO 42289580 - Pahang 11kV SECOND CYCLE AZZAD 2026\RAW MATERIAL\154. HABU HEIGHT (VI)\RAW DATA\IR,87.jpg
44,FP2,1,10. fp2-overview.docx,58,HABU HEIGHT,5:38 pm,01/06/2026,20.9,77,OVERVIEW,-,,,,,,,,INDKOM,RMU SF6,11kV,ZZTT,MTM,HERMETICALLY SEAL,1000kVA,T1/129/1099/10816,,,,,ALGEBRA,J-SLOTTED,1600A,LV2895,LVDB1 TX1,ALGEBRA,J-SLOTTED,1600A,LV2897,LVDB2 TX1,,,ALGEBRA,J-SLOTTED,1600A,LV2897,LVDB2 TX1,,,LVDB2 TX1,,,{},page44,IR Image Path,C:\Users\aremi\Desktop\REPORT CBM\PO 42289580 - Pahang 11kV SECOND CYCLE AZZAD 2026\RAW MATERIAL\154. HABU HEIGHT (VI)\RAW DATA\IR,88.jpg
45,BLACK BOX 1,1,11. blackbox1-overview.docx,59,HABU HEIGHT,5:38 pm,01/06/2026,20.9,77,OVERVIEW,-,,,,,,,,INDKOM,RMU SF6,11kV,ZZTT,MTM,HERMETICALLY SEAL,1000kVA,T1/129/1099/10816,,,,,ALGEBRA,J-SLOTTED,1600A,LV2895,LVDB1 TX1,ALGEBRA,J-SLOTTED,1600A,LV2897,LVDB2 TX1,,,ALGEBRA,J-SLOTTED,1600A,LV2897,LVDB2 TX1,,,LVDB2 TX1,,,{},page45,Visual Image Path,C:\Users\aremi\Desktop\REPORT CBM\PO 42289580 - Pahang 11kV SECOND CYCLE AZZAD 2026\RAW MATERIAL\154. HABU HEIGHT (VI)\RAW DATA\IR,89.jpg
45,BLACK BOX 1,1,11. blackbox1-overview.docx,59,HABU HEIGHT,5:38 pm,01/06/2026,20.9,77,OVERVIEW,-,,,,,,,,INDKOM,RMU SF6,11kV,ZZTT,MTM,HERMETICALLY SEAL,1000kVA,T1/129/1099/10816,,,,,ALGEBRA,J-SLOTTED,1600A,LV2895,LVDB1 TX1,ALGEBRA,J-SLOTTED,1600A,LV2897,LVDB2 TX1,,,ALGEBRA,J-SLOTTED,1600A,LV2897,LVDB2 TX1,,,LVDB2 TX1,,,{},page45,IR Image Path,C:\Users\aremi\Desktop\REPORT CBM\PO 42289580 - Pahang 11kV SECOND CYCLE AZZAD 2026\RAW MATERIAL\154. HABU HEIGHT (VI)\RAW DATA\IR,90.jpg
46,BLACK BOX 2,1,12. blackbox2-overview.docx,60,HABU HEIGHT,5:38 pm,01/06/2026,20.9,77,OVERVIEW,-,,,,,,,,INDKOM,RMU SF6,11kV,ZZTT,MTM,HERMETICALLY SEAL,1000kVA,T1/129/1099/10816,,,,,ALGEBRA,J-SLOTTED,1600A,LV2895,LVDB1 TX1,ALGEBRA,J-SLOTTED,1600A,LV2897,LVDB2 TX1,,,ALGEBRA,J-SLOTTED,1600A,LV2897,LVDB2 TX1,,,LVDB2 TX1,,,{},page46,Visual Image Path,C:\Users\aremi\Desktop\REPORT CBM\PO 42289580 - Pahang 11kV SECOND CYCLE AZZAD 2026\RAW MATERIAL\154. HABU HEIGHT (VI)\RAW DATA\IR,91.jpg
46,BLACK BOX 2,1,12. blackbox2-overview.docx,60,HABU HEIGHT,5:38 pm,01/06/2026,20.9,77,OVERVIEW,-,,,,,,,,INDKOM,RMU SF6,11kV,ZZTT,MTM,HERMETICALLY SEAL,1000kVA,T1/129/1099/10816,,,,,ALGEBRA,J-SLOTTED,1600A,LV2895,LVDB1 TX1,ALGEBRA,J-SLOTTED,1600A,LV2897,LVDB2 TX1,,,ALGEBRA,J-SLOTTED,1600A,LV2897,LVDB2 TX1,,,LVDB2 TX1,,,{},page46,IR Image Path,C:\Users\aremi\Desktop\REPORT CBM\PO 42289580 - Pahang 11kV SECOND CYCLE AZZAD 2026\RAW MATERIAL\154. HABU HEIGHT (VI)\RAW DATA\IR,92.jpg
47,BATTERY BANK 1,1,13. battery1-overview.docx,61,HABU HEIGHT,5:38 pm,01/06/2026,20.9,77,OVERVIEW,-,,,,,,,,INDKOM,RMU SF6,11kV,ZZTT,MTM,HERMETICALLY SEAL,1000kVA,T1/129/1099/10816,,,,,ALGEBRA,J-SLOTTED,1600A,LV2895,LVDB1 TX1,ALGEBRA,J-SLOTTED,1600A,LV2897,LVDB2 TX1,,,ALGEBRA,J-SLOTTED,1600A,LV2897,LVDB2 TX1,,,LVDB2 TX1,,,{},page47,Visual Image Path,C:\Users\aremi\Desktop\REPORT CBM\PO 42289580 - Pahang 11kV SECOND CYCLE AZZAD 2026\RAW MATERIAL\154. HABU HEIGHT (VI)\RAW DATA\IR,93.jpg
47,BATTERY BANK 1,1,13. battery1-overview.docx,61,HABU HEIGHT,5:38 pm,01/06/2026,20.9,77,OVERVIEW,-,,,,,,,,INDKOM,RMU SF6,11kV,ZZTT,MTM,HERMETICALLY SEAL,1000kVA,T1/129/1099/10816,,,,,ALGEBRA,J-SLOTTED,1600A,LV2895,LVDB1 TX1,ALGEBRA,J-SLOTTED,1600A,LV2897,LVDB2 TX1,,,ALGEBRA,J-SLOTTED,1600A,LV2897,LVDB2 TX1,,,LVDB2 TX1,,,{},page47,IR Image Path,C:\Users\aremi\Desktop\REPORT CBM\PO 42289580 - Pahang 11kV SECOND CYCLE AZZAD 2026\RAW MATERIAL\154. HABU HEIGHT (VI)\RAW DATA\IR,94.jpg
48,BATTERY BANK 2,1,14. battery2-overview.docx,62,HABU HEIGHT,5:38 pm,01/06/2026,20.9,77,OVERVIEW,-,,,,,,,,INDKOM,RMU SF6,11kV,ZZTT,MTM,HERMETICALLY SEAL,1000kVA,T1/129/1099/10816,,,,,ALGEBRA,J-SLOTTED,1600A,LV2895,LVDB1 TX1,ALGEBRA,J-SLOTTED,1600A,LV2897,LVDB2 TX1,,,ALGEBRA,J-SLOTTED,1600A,LV2897,LVDB2 TX1,,,LVDB2 TX1,,,{},page48,Visual Image Path,C:\Users\aremi\Desktop\REPORT CBM\PO 42289580 - Pahang 11kV SECOND CYCLE AZZAD 2026\RAW MATERIAL\154. HABU HEIGHT (VI)\RAW DATA\IR,95.jpg
48,BATTERY BANK 2,1,14. battery2-overview.docx,62,HABU HEIGHT,5:38 pm,01/06/2026,20.9,77,OVERVIEW,-,,,,,,,,INDKOM,RMU SF6,11kV,ZZTT,MTM,HERMETICALLY SEAL,1000kVA,T1/129/1099/10816,,,,,ALGEBRA,J-SLOTTED,1600A,LV2895,LVDB1 TX1,ALGEBRA,J-SLOTTED,1600A,LV2897,LVDB2 TX1,,,ALGEBRA,J-SLOTTED,1600A,LV2897,LVDB2 TX1,,,LVDB2 TX1,,,{},page48,IR Image Path,C:\Users\aremi\Desktop\REPORT CBM\PO 42289580 - Pahang 11kV SECOND CYCLE AZZAD 2026\RAW MATERIAL\154. HABU HEIGHT (VI)\RAW DATA\IR,96.jpg
49,BATTERY BANK 3,1,15. battery3-overview.docx,63,HABU HEIGHT,5:38 pm,01/06/2026,20.9,77,OVERVIEW,-,,,,,,,,INDKOM,RMU SF6,11kV,ZZTT,MTM,HERMETICALLY SEAL,1000kVA,T1/129/1099/10816,,,,,ALGEBRA,J-SLOTTED,1600A,LV2895,LVDB1 TX1,ALGEBRA,J-SLOTTED,1600A,LV2897,LVDB2 TX1,,,ALGEBRA,J-SLOTTED,1600A,LV2897,LVDB2 TX1,,,LVDB2 TX1,,,{},page49,Visual Image Path,C:\Users\aremi\Desktop\REPORT CBM\PO 42289580 - Pahang 11kV SECOND CYCLE AZZAD 2026\RAW MATERIAL\154. HABU HEIGHT (VI)\RAW DATA\IR,97.jpg
49,BATTERY BANK 3,1,15. battery3-overview.docx,63,HABU HEIGHT,5:38 pm,01/06/2026,20.9,77,OVERVIEW,-,,,,,,,,INDKOM,RMU SF6,11kV,ZZTT,MTM,HERMETICALLY SEAL,1000kVA,T1/129/1099/10816,,,,,ALGEBRA,J-SLOTTED,1600A,LV2895,LVDB1 TX1,ALGEBRA,J-SLOTTED,1600A,LV2897,LVDB2 TX1,,,ALGEBRA,J-SLOTTED,1600A,LV2897,LVDB2 TX1,,,LVDB2 TX1,,,{},page49,IR Image Path,C:\Users\aremi\Desktop\REPORT CBM\PO 42289580 - Pahang 11kV SECOND CYCLE AZZAD 2026\RAW MATERIAL\154. HABU HEIGHT (VI)\RAW DATA\IR,98.jpg
50,BATTERY BANK 4,1,16. battery4-overview.docx,64,HABU HEIGHT,5:38 pm,01/06/2026,20.9,77,OVERVIEW,-,,,,,,,,INDKOM,RMU SF6,11kV,ZZTT,MTM,HERMETICALLY SEAL,1000kVA,T1/129/1099/10816,,,,,ALGEBRA,J-SLOTTED,1600A,LV2895,LVDB1 TX1,ALGEBRA,J-SLOTTED,1600A,LV2897,LVDB2 TX1,,,ALGEBRA,J-SLOTTED,1600A,LV2897,LVDB2 TX1,,,LVDB2 TX1,,,{},page50,Visual Image Path,C:\Users\aremi\Desktop\REPORT CBM\PO 42289580 - Pahang 11kV SECOND CYCLE AZZAD 2026\RAW MATERIAL\154. HABU HEIGHT (VI)\RAW DATA\IR,99.jpg
50,BATTERY BANK 4,1,16. battery4-overview.docx,64,HABU HEIGHT,5:38 pm,01/06/2026,20.9,77,OVERVIEW,-,,,,,,,,INDKOM,RMU SF6,11kV,ZZTT,MTM,HERMETICALLY SEAL,1000kVA,T1/129/1099/10816,,,,,ALGEBRA,J-SLOTTED,1600A,LV2895,LVDB1 TX1,ALGEBRA,J-SLOTTED,1600A,LV2897,LVDB2 TX1,,,ALGEBRA,J-SLOTTED,1600A,LV2897,LVDB2 TX1,,,LVDB2 TX1,,,{},page50,IR Image Path,C:\Users\aremi\Desktop\REPORT CBM\PO 42289580 - Pahang 11kV SECOND CYCLE AZZAD 2026\RAW MATERIAL\154. HABU HEIGHT (VI)\RAW DATA\IR,100.jpg
51,,2,,51,HABU HEIGHT,5:38 pm,01/06/2026,20.9,77,,,,,,,,,,,,,,,,,,,,,,,,,,,,,,,,,,,,,,,,,,,,,,,,
51,,2,,51,HABU HEIGHT,5:38 pm,01/06/2026,20.9,77,,,,,,,,,,,,,,,,,,,,,,,,,,,,,,,,,,,,,,,,,,,,,,,,
52,,2,,52,HABU HEIGHT,5:38 pm,01/06/2026,20.9,77,,,,,,,,,,,,,,,,,,,,,,,,,,,,,,,,,,,,,,,,,,,,,,,,
52,,2,,52,HABU HEIGHT,5:38 pm,01/06/2026,20.9,77,,,,,,,,,,,,,,,,,,,,,,,,,,,,,,,,,,,,,,,,,,,,,,,,
53,,2,,53,HABU HEIGHT,5:38 pm,01/06/2026,20.9,77,,,,,,,,,,,,,,,,,,,,,,,,,,,,,,,,,,,,,,,,,,,,,,,,
53,,2,,53,HABU HEIGHT,5:38 pm,01/06/2026,20.9,77,,,,,,,,,,,,,,,,,,,,,,,,,,,,,,,,,,,,,,,,,,,,,,,,
54,,2,,54,HABU HEIGHT,5:38 pm,01/06/2026,20.9,77,,,,,,,,,,,,,,,,,,,,,,,,,,,,,,,,,,,,,,,,,,,,,,,,
54,,2,,54,HABU HEIGHT,5:38 pm,01/06/2026,20.9,77,,,,,,,,,,,,,,,,,,,,,,,,,,,,,,,,,,,,,,,,,,,,,,,,
55,,2,,55,HABU HEIGHT,5:38 pm,01/06/2026,20.9,77,,,,,,,,,,,,,,,,,,,,,,,,,,,,,,,,,,,,,,,,,,,,,,,,
55,,2,,55,HABU HEIGHT,5:38 pm,01/06/2026,20.9,77,,,,,,,,,,,,,,,,,,,,,,,,,,,,,,,,,,,,,,,,,,,,,,,,
56,,2,,56,HABU HEIGHT,5:38 pm,01/06/2026,20.9,77,,,,,,,,,,,,,,,,,,,,,,,,,,,,,,,,,,,,,,,,,,,,,,,,
56,,2,,56,HABU HEIGHT,5:38 pm,01/06/2026,20.9,77,,,,,,,,,,,,,,,,,,,,,,,,,,,,,,,,,,,,,,,,,,,,,,,,
57,,2,,57,HABU HEIGHT,5:38 pm,01/06/2026,20.9,77,,,,,,,,,,,,,,,,,,,,,,,,,,,,,,,,,,,,,,,,,,,,,,,,
57,,2,,57,HABU HEIGHT,5:38 pm,01/06/2026,20.9,77,,,,,,,,,,,,,,,,,,,,,,,,,,,,,,,,,,,,,,,,,,,,,,,,
58,,2,,58,HABU HEIGHT,5:38 pm,01/06/2026,20.9,77,,,,,,,,,,,,,,,,,,,,,,,,,,,,,,,,,,,,,,,,,,,,,,,,
58,,2,,58,HABU HEIGHT,5:38 pm,01/06/2026,20.9,77,,,,,,,,,,,,,,,,,,,,,,,,,,,,,,,,,,,,,,,,,,,,,,,,
59,,2,,59,HABU HEIGHT,5:38 pm,01/06/2026,20.9,77,,,,,,,,,,,,,,,,,,,,,,,,,,,,,,,,,,,,,,,,,,,,,,,,
59,,2,,59,HABU HEIGHT,5:38 pm,01/06/2026,20.9,77,,,,,,,,,,,,,,,,,,,,,,,,,,,,,,,,,,,,,,,,,,,,,,,,
60,,2,,60,HABU HEIGHT,5:38 pm,01/06/2026,20.9,77,,,,,,,,,,,,,,,,,,,,,,,,,,,,,,,,,,,,,,,,,,,,,,,,
60,,2,,60,HABU HEIGHT,5:38 pm,01/06/2026,20.9,77,,,,,,,,,,,,,,,,,,,,,,,,,,,,,,,,,,,,,,,,,,,,,,,,
61,,2,,61,HABU HEIGHT,5:38 pm,01/06/2026,20.9,77,,,,,,,,,,,,,,,,,,,,,,,,,,,,,,,,,,,,,,,,,,,,,,,,
61,,2,,61,HABU HEIGHT,5:38 pm,01/06/2026,20.9,77,,,,,,,,,,,,,,,,,,,,,,,,,,,,,,,,,,,,,,,,,,,,,,,,
62,,2,,62,HABU HEIGHT,5:38 pm,01/06/2026,20.9,77,,,,,,,,,,,,,,,,,,,,,,,,,,,,,,,,,,,,,,,,,,,,,,,,
62,,2,,62,HABU HEIGHT,5:38 pm,01/06/2026,20.9,77,,,,,,,,,,,,,,,,,,,,,,,,,,,,,,,,,,,,,,,,,,,,,,,,
63,,2,,63,HABU HEIGHT,5:38 pm,01/06/2026,20.9,77,,,,,,,,,,,,,,,,,,,,,,,,,,,,,,,,,,,,,,,,,,,,,,,,
63,,2,,63,HABU HEIGHT,5:38 pm,01/06/2026,20.9,77,,,,,,,,,,,,,,,,,,,,,,,,,,,,,,,,,,,,,,,,,,,,,,,,
64,,2,,64,HABU HEIGHT,5:38 pm,01/06/2026,20.9,77,,,,,,,,,,,,,,,,,,,,,,,,,,,,,,,,,,,,,,,,,,,,,,,,
64,,2,,64,HABU HEIGHT,5:38 pm,01/06/2026,20.9,77,,,,,,,,,,,,,,,,,,,,,,,,,,,,,,,,,,,,,,,,,,,,,,,,
65,,3,,65,HABU HEIGHT,5:38 pm,01/06/2026,20.9,77,,,,,,,,,,,,,,,,,,,,,,,,,,,,,,,,,,,,,,,,,,,,,,,,
65,,3,,65,HABU HEIGHT,5:38 pm,01/06/2026,20.9,77,,,,,,,,,,,,,,,,,,,,,,,,,,,,,,,,,,,,,,,,,,,,,,,,
66,,3,,66,HABU HEIGHT,5:38 pm,01/06/2026,20.9,77,,,,,,,,,,,,,,,,,,,,,,,,,,,,,,,,,,,,,,,,,,,,,,,,
66,,3,,66,HABU HEIGHT,5:38 pm,01/06/2026,20.9,77,,,,,,,,,,,,,,,,,,,,,,,,,,,,,,,,,,,,,,,,,,,,,,,,
67,,3,,67,HABU HEIGHT,5:38 pm,01/06/2026,20.9,77,,,,,,,,,,,,,,,,,,,,,,,,,,,,,,,,,,,,,,,,,,,,,,,,
67,,3,,67,HABU HEIGHT,5:38 pm,01/06/2026,20.9,77,,,,,,,,,,,,,,,,,,,,,,,,,,,,,,,,,,,,,,,,,,,,,,,,
68,,3,,68,HABU HEIGHT,5:38 pm,01/06/2026,20.9,77,,,,,,,,,,,,,,,,,,,,,,,,,,,,,,,,,,,,,,,,,,,,,,,,
68,,3,,68,HABU HEIGHT,5:38 pm,01/06/2026,20.9,77,,,,,,,,,,,,,,,,,,,,,,,,,,,,,,,,,,,,,,,,,,,,,,,,
69,,3,,69,HABU HEIGHT,5:38 pm,01/06/2026,20.9,77,,,,,,,,,,,,,,,,,,,,,,,,,,,,,,,,,,,,,,,,,,,,,,,,
69,,3,,69,HABU HEIGHT,5:38 pm,01/06/2026,20.9,77,,,,,,,,,,,,,,,,,,,,,,,,,,,,,,,,,,,,,,,,,,,,,,,,
70,,3,,70,HABU HEIGHT,5:38 pm,01/06/2026,20.9,77,,,,,,,,,,,,,,,,,,,,,,,,,,,,,,,,,,,,,,,,,,,,,,,,
70,,3,,70,HABU HEIGHT,5:38 pm,01/06/2026,20.9,77,,,,,,,,,,,,,,,,,,,,,,,,,,,,,,,,,,,,,,,,,,,,,,,,
71,,3,,71,HABU HEIGHT,5:38 pm,01/06/2026,20.9,77,,,,,,,,,,,,,,,,,,,,,,,,,,,,,,,,,,,,,,,,,,,,,,,,
71,,3,,71,HABU HEIGHT,5:38 pm,01/06/2026,20.9,77,,,,,,,,,,,,,,,,,,,,,,,,,,,,,,,,,,,,,,,,,,,,,,,,
72,,3,,72,HABU HEIGHT,5:38 pm,01/06/2026,20.9,77,,,,,,,,,,,,,,,,,,,,,,,,,,,,,,,,,,,,,,,,,,,,,,,,
72,,3,,72,HABU HEIGHT,5:38 pm,01/06/2026,20.9,77,,,,,,,,,,,,,,,,,,,,,,,,,,,,,,,,,,,,,,,,,,,,,,,,
73,,3,,73,HABU HEIGHT,5:38 pm,01/06/2026,20.9,77,,,,,,,,,,,,,,,,,,,,,,,,,,,,,,,,,,,,,,,,,,,,,,,,
73,,3,,73,HABU HEIGHT,5:38 pm,01/06/2026,20.9,77,,,,,,,,,,,,,,,,,,,,,,,,,,,,,,,,,,,,,,,,,,,,,,,,
74,,3,,74,HABU HEIGHT,5:38 pm,01/06/2026,20.9,77,,,,,,,,,,,,,,,,,,,,,,,,,,,,,,,,,,,,,,,,,,,,,,,,
74,,3,,74,HABU HEIGHT,5:38 pm,01/06/2026,20.9,77,,,,,,,,,,,,,,,,,,,,,,,,,,,,,,,,,,,,,,,,,,,,,,,,
75,,3,,75,HABU HEIGHT,5:38 pm,01/06/2026,20.9,77,,,,,,,,,,,,,,,,,,,,,,,,,,,,,,,,,,,,,,,,,,,,,,,,
75,,3,,75,HABU HEIGHT,5:38 pm,01/06/2026,20.9,77,,,,,,,,,,,,,,,,,,,,,,,,,,,,,,,,,,,,,,,,,,,,,,,,
76,,3,,76,HABU HEIGHT,5:38 pm,01/06/2026,20.9,77,,,,,,,,,,,,,,,,,,,,,,,,,,,,,,,,,,,,,,,,,,,,,,,,
76,,3,,76,HABU HEIGHT,5:38 pm,01/06/2026,20.9,77,,,,,,,,,,,,,,,,,,,,,,,,,,,,,,,,,,,,,,,,,,,,,,,,
77,,3,,77,HABU HEIGHT,5:38 pm,01/06/2026,20.9,77,,,,,,,,,,,,,,,,,,,,,,,,,,,,,,,,,,,,,,,,,,,,,,,,
77,,3,,77,HABU HEIGHT,5:38 pm,01/06/2026,20.9,77,,,,,,,,,,,,,,,,,,,,,,,,,,,,,,,,,,,,,,,,,,,,,,,,
78,,3,,78,HABU HEIGHT,5:38 pm,01/06/2026,20.9,77,,,,,,,,,,,,,,,,,,,,,,,,,,,,,,,,,,,,,,,,,,,,,,,,
78,,3,,78,HABU HEIGHT,5:38 pm,01/06/2026,20.9,77,,,,,,,,,,,,,,,,,,,,,,,,,,,,,,,,,,,,,,,,,,,,,,,,
79,,3,,79,HABU HEIGHT,5:38 pm,01/06/2026,20.9,77,,,,,,,,,,,,,,,,,,,,,,,,,,,,,,,,,,,,,,,,,,,,,,,,
79,,3,,79,HABU HEIGHT,5:38 pm,01/06/2026,20.9,77,,,,,,,,,,,,,,,,,,,,,,,,,,,,,,,,,,,,,,,,,,,,,,,,
80,,3,,80,HABU HEIGHT,5:38 pm,01/06/2026,20.9,77,,,,,,,,,,,,,,,,,,,,,,,,,,,,,,,,,,,,,,,,,,,,,,,,
80,,3,,80,HABU HEIGHT,5:38 pm,01/06/2026,20.9,77,,,,,,,,,,,,,,,,,,,,,,,,,,,,,,,,,,,,,,,,,,,,,,,,
81,,3,,81,HABU HEIGHT,5:38 pm,01/06/2026,20.9,77,,,,,,,,,,,,,,,,,,,,,,,,,,,,,,,,,,,,,,,,,,,,,,,,
81,,3,,81,HABU HEIGHT,5:38 pm,01/06/2026,20.9,77,,,,,,,,,,,,,,,,,,,,,,,,,,,,,,,,,,,,,,,,,,,,,,,,
82,,3,,82,HABU HEIGHT,5:38 pm,01/06/2026,20.9,77,,,,,,,,,,,,,,,,,,,,,,,,,,,,,,,,,,,,,,,,,,,,,,,,
82,,3,,82,HABU HEIGHT,5:38 pm,01/06/2026,20.9,77,,,,,,,,,,,,,,,,,,,,,,,,,,,,,,,,,,,,,,,,,,,,,,,,
83,,3,,83,HABU HEIGHT,5:38 pm,01/06/2026,20.9,77,,,,,,,,,,,,,,,,,,,,,,,,,,,,,,,,,,,,,,,,,,,,,,,,
83,,3,,83,HABU HEIGHT,5:38 pm,01/06/2026,20.9,77,,,,,,,,,,,,,,,,,,,,,,,,,,,,,,,,,,,,,,,,,,,,,,,,
84,,3,,84,HABU HEIGHT,5:38 pm,01/06/2026,20.9,77,,,,,,,,,,,,,,,,,,,,,,,,,,,,,,,,,,,,,,,,,,,,,,,,
84,,3,,84,HABU HEIGHT,5:38 pm,01/06/2026,20.9,77,,,,,,,,,,,,,,,,,,,,,,,,,,,,,,,,,,,,,,,,,,,,,,,,
85,,3,,85,HABU HEIGHT,5:38 pm,01/06/2026,20.9,77,,,,,,,,,,,,,,,,,,,,,,,,,,,,,,,,,,,,,,,,,,,,,,,,
85,,3,,85,HABU HEIGHT,5:38 pm,01/06/2026,20.9,77,,,,,,,,,,,,,,,,,,,,,,,,,,,,,,,,,,,,,,,,,,,,,,,,
86,,3,,86,HABU HEIGHT,5:38 pm,01/06/2026,20.9,77,,,,,,,,,,,,,,,,,,,,,,,,,,,,,,,,,,,,,,,,,,,,,,,,
86,,3,,86,HABU HEIGHT,5:38 pm,01/06/2026,20.9,77,,,,,,,,,,,,,,,,,,,,,,,,,,,,,,,,,,,,,,,,,,,,,,,,
87,,3,,87,HABU HEIGHT,5:38 pm,01/06/2026,20.9,77,,,,,,,,,,,,,,,,,,,,,,,,,,,,,,,,,,,,,,,,,,,,,,,,
87,,3,,87,HABU HEIGHT,5:38 pm,01/06/2026,20.9,77,,,,,,,,,,,,,,,,,,,,,,,,,,,,,,,,,,,,,,,,,,,,,,,,
88,,3,,88,HABU HEIGHT,5:38 pm,01/06/2026,20.9,77,,,,,,,,,,,,,,,,,,,,,,,,,,,,,,,,,,,,,,,,,,,,,,,,
88,,3,,88,HABU HEIGHT,5:38 pm,01/06/2026,20.9,77,,,,,,,,,,,,,,,,,,,,,,,,,,,,,,,,,,,,,,,,,,,,,,,,
89,,3,,89,HABU HEIGHT,5:38 pm,01/06/2026,20.9,77,,,,,,,,,,,,,,,,,,,,,,,,,,,,,,,,,,,,,,,,,,,,,,,,
89,,3,,89,HABU HEIGHT,5:38 pm,01/06/2026,20.9,77,,,,,,,,,,,,,,,,,,,,,,,,,,,,,,,,,,,,,,,,,,,,,,,,
90,,3,,90,HABU HEIGHT,5:38 pm,01/06/2026,20.9,77,,,,,,,,,,,,,,,,,,,,,,,,,,,,,,,,,,,,,,,,,,,,,,,,
90,,3,,90,HABU HEIGHT,5:38 pm,01/06/2026,20.9,77,,,,,,,,,,,,,,,,,,,,,,,,,,,,,,,,,,,,,,,,,,,,,,,,
91,,3,,91,HABU HEIGHT,5:38 pm,01/06/2026,20.9,77,,,,,,,,,,,,,,,,,,,,,,,,,,,,,,,,,,,,,,,,,,,,,,,,
91,,3,,91,HABU HEIGHT,5:38 pm,01/06/2026,20.9,77,,,,,,,,,,,,,,,,,,,,,,,,,,,,,,,,,,,,,,,,,,,,,,,,
92,,3,,92,HABU HEIGHT,5:38 pm,01/06/2026,20.9,77,,,,,,,,,,,,,,,,,,,,,,,,,,,,,,,,,,,,,,,,,,,,,,,,
92,,3,,92,HABU HEIGHT,5:38 pm,01/06/2026,20.9,77,,,,,,,,,,,,,,,,,,,,,,,,,,,,,,,,,,,,,,,,,,,,,,,,
93,,4,,93,HABU HEIGHT,5:38 pm,01/06/2026,20.9,77,,,,,,,,,,,,,,,,,,,,,,,,,,,,,,,,,,,,,,,,,,,,,,,,
93,,4,,93,HABU HEIGHT,5:38 pm,01/06/2026,20.9,77,,,,,,,,,,,,,,,,,,,,,,,,,,,,,,,,,,,,,,,,,,,,,,,,
94,,4,,94,HABU HEIGHT,5:38 pm,01/06/2026,20.9,77,,,,,,,,,,,,,,,,,,,,,,,,,,,,,,,,,,,,,,,,,,,,,,,,
94,,4,,94,HABU HEIGHT,5:38 pm,01/06/2026,20.9,77,,,,,,,,,,,,,,,,,,,,,,,,,,,,,,,,,,,,,,,,,,,,,,,,
95,,4,,95,HABU HEIGHT,5:38 pm,01/06/2026,20.9,77,,,,,,,,,,,,,,,,,,,,,,,,,,,,,,,,,,,,,,,,,,,,,,,,
95,,4,,95,HABU HEIGHT,5:38 pm,01/06/2026,20.9,77,,,,,,,,,,,,,,,,,,,,,,,,,,,,,,,,,,,,,,,,,,,,,,,,
96,,4,,96,HABU HEIGHT,5:38 pm,01/06/2026,20.9,77,,,,,,,,,,,,,,,,,,,,,,,,,,,,,,,,,,,,,,,,,,,,,,,,
96,,4,,96,HABU HEIGHT,5:38 pm,01/06/2026,20.9,77,,,,,,,,,,,,,,,,,,,,,,,,,,,,,,,,,,,,,,,,,,,,,,,,
97,,4,,97,HABU HEIGHT,5:38 pm,01/06/2026,20.9,77,,,,,,,,,,,,,,,,,,,,,,,,,,,,,,,,,,,,,,,,,,,,,,,,
97,,4,,97,HABU HEIGHT,5:38 pm,01/06/2026,20.9,77,,,,,,,,,,,,,,,,,,,,,,,,,,,,,,,,,,,,,,,,,,,,,,,,
98,,4,,98,HABU HEIGHT,5:38 pm,01/06/2026,20.9,77,,,,,,,,,,,,,,,,,,,,,,,,,,,,,,,,,,,,,,,,,,,,,,,,
98,,4,,98,HABU HEIGHT,5:38 pm,01/06/2026,20.9,77,,,,,,,,,,,,,,,,,,,,,,,,,,,,,,,,,,,,,,,,,,,,,,,,
99,,4,,99,HABU HEIGHT,5:38 pm,01/06/2026,20.9,77,,,,,,,,,,,,,,,,,,,,,,,,,,,,,,,,,,,,,,,,,,,,,,,,
99,,4,,99,HABU HEIGHT,5:38 pm,01/06/2026,20.9,77,,,,,,,,,,,,,,,,,,,,,,,,,,,,,,,,,,,,,,,,,,,,,,,,
100,,4,,100,HABU HEIGHT,5:38 pm,01/06/2026,20.9,77,,,,,,,,,,,,,,,,,,,,,,,,,,,,,,,,,,,,,,,,,,,,,,,,
100,,4,,100,HABU HEIGHT,5:38 pm,01/06/2026,20.9,77,,,,,,,,,,,,,,,,,,,,,,,,,,,,,,,,,,,,,,,,,,,,,,,,
101,,4,,101,HABU HEIGHT,5:38 pm,01/06/2026,20.9,77,,,,,,,,,,,,,,,,,,,,,,,,,,,,,,,,,,,,,,,,,,,,,,,,
101,,4,,101,HABU HEIGHT,5:38 pm,01/06/2026,20.9,77,,,,,,,,,,,,,,,,,,,,,,,,,,,,,,,,,,,,,,,,,,,,,,,,
102,,4,,102,HABU HEIGHT,5:38 pm,01/06/2026,20.9,77,,,,,,,,,,,,,,,,,,,,,,,,,,,,,,,,,,,,,,,,,,,,,,,,
102,,4,,102,HABU HEIGHT,5:38 pm,01/06/2026,20.9,77,,,,,,,,,,,,,,,,,,,,,,,,,,,,,,,,,,,,,,,,,,,,,,,,
103,,4,,103,HABU HEIGHT,5:38 pm,01/06/2026,20.9,77,,,,,,,,,,,,,,,,,,,,,,,,,,,,,,,,,,,,,,,,,,,,,,,,
103,,4,,103,HABU HEIGHT,5:38 pm,01/06/2026,20.9,77,,,,,,,,,,,,,,,,,,,,,,,,,,,,,,,,,,,,,,,,,,,,,,,,
104,,4,,104,HABU HEIGHT,5:38 pm,01/06/2026,20.9,77,,,,,,,,,,,,,,,,,,,,,,,,,,,,,,,,,,,,,,,,,,,,,,,,
104,,4,,104,HABU HEIGHT,5:38 pm,01/06/2026,20.9,77,,,,,,,,,,,,,,,,,,,,,,,,,,,,,,,,,,,,,,,,,,,,,,,,
105,,4,,105,HABU HEIGHT,5:38 pm,01/06/2026,20.9,77,,,,,,,,,,,,,,,,,,,,,,,,,,,,,,,,,,,,,,,,,,,,,,,,
105,,4,,105,HABU HEIGHT,5:38 pm,01/06/2026,20.9,77,,,,,,,,,,,,,,,,,,,,,,,,,,,,,,,,,,,,,,,,,,,,,,,,
106,,4,,106,HABU HEIGHT,5:38 pm,01/06/2026,20.9,77,,,,,,,,,,,,,,,,,,,,,,,,,,,,,,,,,,,,,,,,,,,,,,,,
106,,4,,106,HABU HEIGHT,5:38 pm,01/06/2026,20.9,77,,,,,,,,,,,,,,,,,,,,,,,,,,,,,,,,,,,,,,,,,,,,,,,,
107,,4,,107,HABU HEIGHT,5:38 pm,01/06/2026,20.9,77,,,,,,,,,,,,,,,,,,,,,,,,,,,,,,,,,,,,,,,,,,,,,,,,
107,,4,,107,HABU HEIGHT,5:38 pm,01/06/2026,20.9,77,,,,,,,,,,,,,,,,,,,,,,,,,,,,,,,,,,,,,,,,,,,,,,,,
108,,4,,108,HABU HEIGHT,5:38 pm,01/06/2026,20.9,77,,,,,,,,,,,,,,,,,,,,,,,,,,,,,,,,,,,,,,,,,,,,,,,,
108,,4,,108,HABU HEIGHT,5:38 pm,01/06/2026,20.9,77,,,,,,,,,,,,,,,,,,,,,,,,,,,,,,,,,,,,,,,,,,,,,,,,
109,,4,,109,HABU HEIGHT,5:38 pm,01/06/2026,20.9,77,,,,,,,,,,,,,,,,,,,,,,,,,,,,,,,,,,,,,,,,,,,,,,,,
109,,4,,109,HABU HEIGHT,5:38 pm,01/06/2026,20.9,77,,,,,,,,,,,,,,,,,,,,,,,,,,,,,,,,,,,,,,,,,,,,,,,,
110,,4,,110,HABU HEIGHT,5:38 pm,01/06/2026,20.9,77,,,,,,,,,,,,,,,,,,,,,,,,,,,,,,,,,,,,,,,,,,,,,,,,
110,,4,,110,HABU HEIGHT,5:38 pm,01/06/2026,20.9,77,,,,,,,,,,,,,,,,,,,,,,,,,,,,,,,,,,,,,,,,,,,,,,,,
111,,4,,111,HABU HEIGHT,5:38 pm,01/06/2026,20.9,77,,,,,,,,,,,,,,,,,,,,,,,,,,,,,,,,,,,,,,,,,,,,,,,,
111,,4,,111,HABU HEIGHT,5:38 pm,01/06/2026,20.9,77,,,,,,,,,,,,,,,,,,,,,,,,,,,,,,,,,,,,,,,,,,,,,,,,
112,,4,,112,HABU HEIGHT,5:38 pm,01/06/2026,20.9,77,,,,,,,,,,,,,,,,,,,,,,,,,,,,,,,,,,,,,,,,,,,,,,,,
112,,4,,112,HABU HEIGHT,5:38 pm,01/06/2026,20.9,77,,,,,,,,,,,,,,,,,,,,,,,,,,,,,,,,,,,,,,,,,,,,,,,,
113,,4,,113,HABU HEIGHT,5:38 pm,01/06/2026,20.9,77,,,,,,,,,,,,,,,,,,,,,,,,,,,,,,,,,,,,,,,,,,,,,,,,
113,,4,,113,HABU HEIGHT,5:38 pm,01/06/2026,20.9,77,,,,,,,,,,,,,,,,,,,,,,,,,,,,,,,,,,,,,,,,,,,,,,,,
114,,4,,114,HABU HEIGHT,5:38 pm,01/06/2026,20.9,77,,,,,,,,,,,,,,,,,,,,,,,,,,,,,,,,,,,,,,,,,,,,,,,,
114,,4,,114,HABU HEIGHT,5:38 pm,01/06/2026,20.9,77,,,,,,,,,,,,,,,,,,,,,,,,,,,,,,,,,,,,,,,,,,,,,,,,
115,,4,,115,HABU HEIGHT,5:38 pm,01/06/2026,20.9,77,,,,,,,,,,,,,,,,,,,,,,,,,,,,,,,,,,,,,,,,,,,,,,,,
115,,4,,115,HABU HEIGHT,5:38 pm,01/06/2026,20.9,77,,,,,,,,,,,,,,,,,,,,,,,,,,,,,,,,,,,,,,,,,,,,,,,,
116,,4,,116,HABU HEIGHT,5:38 pm,01/06/2026,20.9,77,,,,,,,,,,,,,,,,,,,,,,,,,,,,,,,,,,,,,,,,,,,,,,,,
116,,4,,116,HABU HEIGHT,5:38 pm,01/06/2026,20.9,77,,,,,,,,,,,,,,,,,,,,,,,,,,,,,,,,,,,,,,,,,,,,,,,,
117,,4,,117,HABU HEIGHT,5:38 pm,01/06/2026,20.9,77,,,,,,,,,,,,,,,,,,,,,,,,,,,,,,,,,,,,,,,,,,,,,,,,
117,,4,,117,HABU HEIGHT,5:38 pm,01/06/2026,20.9,77,,,,,,,,,,,,,,,,,,,,,,,,,,,,,,,,,,,,,,,,,,,,,,,,
118,,4,,118,HABU HEIGHT,5:38 pm,01/06/2026,20.9,77,,,,,,,,,,,,,,,,,,,,,,,,,,,,,,,,,,,,,,,,,,,,,,,,
118,,4,,118,HABU HEIGHT,5:38 pm,01/06/2026,20.9,77,,,,,,,,,,,,,,,,,,,,,,,,,,,,,,,,,,,,,,,,,,,,,,,,
119,,4,,119,HABU HEIGHT,5:38 pm,01/06/2026,20.9,77,,,,,,,,,,,,,,,,,,,,,,,,,,,,,,,,,,,,,,,,,,,,,,,,
119,,4,,119,HABU HEIGHT,5:38 pm,01/06/2026,20.9,77,,,,,,,,,,,,,,,,,,,,,,,,,,,,,,,,,,,,,,,,,,,,,,,,
120,,4,,120,HABU HEIGHT,5:38 pm,01/06/2026,20.9,77,,,,,,,,,,,,,,,,,,,,,,,,,,,,,,,,,,,,,,,,,,,,,,,,
120,,4,,120,HABU HEIGHT,5:38 pm,01/06/2026,20.9,77,,,,,,,,,,,,,,,,,,,,,,,,,,,,,,,,,,,,,,,,,,,,,,,,
121,,4,,121,HABU HEIGHT,5:38 pm,01/06/2026,20.9,77,,,,,,,,,,,,,,,,,,,,,,,,,,,,,,,,,,,,,,,,,,,,,,,,
121,,4,,121,HABU HEIGHT,5:38 pm,01/06/2026,20.9,77,,,,,,,,,,,,,,,,,,,,,,,,,,,,,,,,,,,,,,,,,,,,,,,,
122,,4,,122,HABU HEIGHT,5:38 pm,01/06/2026,20.9,77,,,,,,,,,,,,,,,,,,,,,,,,,,,,,,,,,,,,,,,,,,,,,,,,
122,,4,,122,HABU HEIGHT,5:38 pm,01/06/2026,20.9,77,,,,,,,,,,,,,,,,,,,,,,,,,,,,,,,,,,,,,,,,,,,,,,,,
123,,4,,123,HABU HEIGHT,5:38 pm,01/06/2026,20.9,77,,,,,,,,,,,,,,,,,,,,,,,,,,,,,,,,,,,,,,,,,,,,,,,,
123,,4,,123,HABU HEIGHT,5:38 pm,01/06/2026,20.9,77,,,,,,,,,,,,,,,,,,,,,,,,,,,,,,,,,,,,,,,,,,,,,,,,
124,,4,,124,HABU HEIGHT,5:38 pm,01/06/2026,20.9,77,,,,,,,,,,,,,,,,,,,,,,,,,,,,,,,,,,,,,,,,,,,,,,,,
124,,4,,124,HABU HEIGHT,5:38 pm,01/06/2026,20.9,77,,,,,,,,,,,,,,,,,,,,,,,,,,,,,,,,,,,,,,,,,,,,,,,,
125,,4,,125,HABU HEIGHT,5:38 pm,01/06/2026,20.9,77,,,,,,,,,,,,,,,,,,,,,,,,,,,,,,,,,,,,,,,,,,,,,,,,
125,,4,,125,HABU HEIGHT,5:38 pm,01/06/2026,20.9,77,,,,,,,,,,,,,,,,,,,,,,,,,,,,,,,,,,,,,,,,,,,,,,,,
126,,4,,126,HABU HEIGHT,5:38 pm,01/06/2026,20.9,77,,,,,,,,,,,,,,,,,,,,,,,,,,,,,,,,,,,,,,,,,,,,,,,,
126,,4,,126,HABU HEIGHT,5:38 pm,01/06/2026,20.9,77,,,,,,,,,,,,,,,,,,,,,,,,,,,,,,,,,,,,,,,,,,,,,,,,
127,,4,,127,HABU HEIGHT,5:38 pm,01/06/2026,20.9,77,,,,,,,,,,,,,,,,,,,,,,,,,,,,,,,,,,,,,,,,,,,,,,,,
127,,4,,127,HABU HEIGHT,5:38 pm,01/06/2026,20.9,77,,,,,,,,,,,,,,,,,,,,,,,,,,,,,,,,,,,,,,,,,,,,,,,,
128,,4,,128,HABU HEIGHT,5:38 pm,01/06/2026,20.9,77,,,,,,,,,,,,,,,,,,,,,,,,,,,,,,,,,,,,,,,,,,,,,,,,
128,,4,,128,HABU HEIGHT,5:38 pm,01/06/2026,20.9,77,,,,,,,,,,,,,,,,,,,,,,,,,,,,,,,,,,,,,,,,,,,,,,,,
129,,4,,129,HABU HEIGHT,5:38 pm,01/06/2026,20.9,77,,,,,,,,,,,,,,,,,,,,,,,,,,,,,,,,,,,,,,,,,,,,,,,,
129,,4,,129,HABU HEIGHT,5:38 pm,01/06/2026,20.9,77,,,,,,,,,,,,,,,,,,,,,,,,,,,,,,,,,,,,,,,,,,,,,,,,
130,,4,,130,HABU HEIGHT,5:38 pm,01/06/2026,20.9,77,,,,,,,,,,,,,,,,,,,,,,,,,,,,,,,,,,,,,,,,,,,,,,,,
130,,4,,130,HABU HEIGHT,5:38 pm,01/06/2026,20.9,77,,,,,,,,,,,,,,,,,,,,,,,,,,,,,,,,,,,,,,,,,,,,,,,,
131,,4,,131,HABU HEIGHT,5:38 pm,01/06/2026,20.9,77,,,,,,,,,,,,,,,,,,,,,,,,,,,,,,,,,,,,,,,,,,,,,,,,
131,,4,,131,HABU HEIGHT,5:38 pm,01/06/2026,20.9,77,,,,,,,,,,,,,,,,,,,,,,,,,,,,,,,,,,,,,,,,,,,,,,,,
132,,4,,132,HABU HEIGHT,5:38 pm,01/06/2026,20.9,77,,,,,,,,,,,,,,,,,,,,,,,,,,,,,,,,,,,,,,,,,,,,,,,,
132,,4,,132,HABU HEIGHT,5:38 pm,01/06/2026,20.9,77,,,,,,,,,,,,,,,,,,,,,,,,,,,,,,,,,,,,,,,,,,,,,,,,
133,,5,,133,HABU HEIGHT,5:38 pm,01/06/2026,20.9,77,,,,,,,,,,,,,,,,,,,,,,,,,,,,,,,,,,,,,,,,,,,,,,,,
133,,5,,133,HABU HEIGHT,5:38 pm,01/06/2026,20.9,77,,,,,,,,,,,,,,,,,,,,,,,,,,,,,,,,,,,,,,,,,,,,,,,,
134,,5,,134,HABU HEIGHT,5:38 pm,01/06/2026,20.9,77,,,,,,,,,,,,,,,,,,,,,,,,,,,,,,,,,,,,,,,,,,,,,,,,
134,,5,,134,HABU HEIGHT,5:38 pm,01/06/2026,20.9,77,,,,,,,,,,,,,,,,,,,,,,,,,,,,,,,,,,,,,,,,,,,,,,,,
135,,5,,135,HABU HEIGHT,5:38 pm,01/06/2026,20.9,77,,,,,,,,,,,,,,,,,,,,,,,,,,,,,,,,,,,,,,,,,,,,,,,,
135,,5,,135,HABU HEIGHT,5:38 pm,01/06/2026,20.9,77,,,,,,,,,,,,,,,,,,,,,,,,,,,,,,,,,,,,,,,,,,,,,,,,
136,,5,,136,HABU HEIGHT,5:38 pm,01/06/2026,20.9,77,,,,,,,,,,,,,,,,,,,,,,,,,,,,,,,,,,,,,,,,,,,,,,,,
136,,5,,136,HABU HEIGHT,5:38 pm,01/06/2026,20.9,77,,,,,,,,,,,,,,,,,,,,,,,,,,,,,,,,,,,,,,,,,,,,,,,,
137,,5,,137,HABU HEIGHT,5:38 pm,01/06/2026,20.9,77,,,,,,,,,,,,,,,,,,,,,,,,,,,,,,,,,,,,,,,,,,,,,,,,
137,,5,,137,HABU HEIGHT,5:38 pm,01/06/2026,20.9,77,,,,,,,,,,,,,,,,,,,,,,,,,,,,,,,,,,,,,,,,,,,,,,,,
138,,5,,138,HABU HEIGHT,5:38 pm,01/06/2026,20.9,77,,,,,,,,,,,,,,,,,,,,,,,,,,,,,,,,,,,,,,,,,,,,,,,,
138,,5,,138,HABU HEIGHT,5:38 pm,01/06/2026,20.9,77,,,,,,,,,,,,,,,,,,,,,,,,,,,,,,,,,,,,,,,,,,,,,,,,
139,,5,,139,HABU HEIGHT,5:38 pm,01/06/2026,20.9,77,,,,,,,,,,,,,,,,,,,,,,,,,,,,,,,,,,,,,,,,,,,,,,,,
139,,5,,139,HABU HEIGHT,5:38 pm,01/06/2026,20.9,77,,,,,,,,,,,,,,,,,,,,,,,,,,,,,,,,,,,,,,,,,,,,,,,,
140,,5,,140,HABU HEIGHT,5:38 pm,01/06/2026,20.9,77,,,,,,,,,,,,,,,,,,,,,,,,,,,,,,,,,,,,,,,,,,,,,,,,
140,,5,,140,HABU HEIGHT,5:38 pm,01/06/2026,20.9,77,,,,,,,,,,,,,,,,,,,,,,,,,,,,,,,,,,,,,,,,,,,,,,,,
141,,5,,141,HABU HEIGHT,5:38 pm,01/06/2026,20.9,77,,,,,,,,,,,,,,,,,,,,,,,,,,,,,,,,,,,,,,,,,,,,,,,,
141,,5,,141,HABU HEIGHT,5:38 pm,01/06/2026,20.9,77,,,,,,,,,,,,,,,,,,,,,,,,,,,,,,,,,,,,,,,,,,,,,,,,
142,,5,,142,HABU HEIGHT,5:38 pm,01/06/2026,20.9,77,,,,,,,,,,,,,,,,,,,,,,,,,,,,,,,,,,,,,,,,,,,,,,,,
142,,5,,142,HABU HEIGHT,5:38 pm,01/06/2026,20.9,77,,,,,,,,,,,,,,,,,,,,,,,,,,,,,,,,,,,,,,,,,,,,,,,,
143,,5,,143,HABU HEIGHT,5:38 pm,01/06/2026,20.9,77,,,,,,,,,,,,,,,,,,,,,,,,,,,,,,,,,,,,,,,,,,,,,,,,
143,,5,,143,HABU HEIGHT,5:38 pm,01/06/2026,20.9,77,,,,,,,,,,,,,,,,,,,,,,,,,,,,,,,,,,,,,,,,,,,,,,,,
144,,5,,144,HABU HEIGHT,5:38 pm,01/06/2026,20.9,77,,,,,,,,,,,,,,,,,,,,,,,,,,,,,,,,,,,,,,,,,,,,,,,,
144,,5,,144,HABU HEIGHT,5:38 pm,01/06/2026,20.9,77,,,,,,,,,,,,,,,,,,,,,,,,,,,,,,,,,,,,,,,,,,,,,,,,
145,,5,,145,HABU HEIGHT,5:38 pm,01/06/2026,20.9,77,,,,,,,,,,,,,,,,,,,,,,,,,,,,,,,,,,,,,,,,,,,,,,,,
145,,5,,145,HABU HEIGHT,5:38 pm,01/06/2026,20.9,77,,,,,,,,,,,,,,,,,,,,,,,,,,,,,,,,,,,,,,,,,,,,,,,,
146,,5,,146,HABU HEIGHT,5:38 pm,01/06/2026,20.9,77,,,,,,,,,,,,,,,,,,,,,,,,,,,,,,,,,,,,,,,,,,,,,,,,
146,,5,,146,HABU HEIGHT,5:38 pm,01/06/2026,20.9,77,,,,,,,,,,,,,,,,,,,,,,,,,,,,,,,,,,,,,,,,,,,,,,,,
147,,5,,147,HABU HEIGHT,5:38 pm,01/06/2026,20.9,77,,,,,,,,,,,,,,,,,,,,,,,,,,,,,,,,,,,,,,,,,,,,,,,,
147,,5,,147,HABU HEIGHT,5:38 pm,01/06/2026,20.9,77,,,,,,,,,,,,,,,,,,,,,,,,,,,,,,,,,,,,,,,,,,,,,,,,
148,,5,,148,HABU HEIGHT,5:38 pm,01/06/2026,20.9,77,,,,,,,,,,,,,,,,,,,,,,,,,,,,,,,,,,,,,,,,,,,,,,,,
148,,5,,148,HABU HEIGHT,5:38 pm,01/06/2026,20.9,77,,,,,,,,,,,,,,,,,,,,,,,,,,,,,,,,,,,,,,,,,,,,,,,,
149,,5,,149,HABU HEIGHT,5:38 pm,01/06/2026,20.9,77,,,,,,,,,,,,,,,,,,,,,,,,,,,,,,,,,,,,,,,,,,,,,,,,
149,,5,,149,HABU HEIGHT,5:38 pm,01/06/2026,20.9,77,,,,,,,,,,,,,,,,,,,,,,,,,,,,,,,,,,,,,,,,,,,,,,,,
150,,5,,150,HABU HEIGHT,5:38 pm,01/06/2026,20.9,77,,,,,,,,,,,,,,,,,,,,,,,,,,,,,,,,,,,,,,,,,,,,,,,,
150,,5,,150,HABU HEIGHT,5:38 pm,01/06/2026,20.9,77,,,,,,,,,,,,,,,,,,,,,,,,,,,,,,,,,,,,,,,,,,,,,,,,
151,,5,,151,HABU HEIGHT,5:38 pm,01/06/2026,20.9,77,,,,,,,,,,,,,,,,,,,,,,,,,,,,,,,,,,,,,,,,,,,,,,,,
151,,5,,151,HABU HEIGHT,5:38 pm,01/06/2026,20.9,77,,,,,,,,,,,,,,,,,,,,,,,,,,,,,,,,,,,,,,,,,,,,,,,,
152,,5,,152,HABU HEIGHT,5:38 pm,01/06/2026,20.9,77,,,,,,,,,,,,,,,,,,,,,,,,,,,,,,,,,,,,,,,,,,,,,,,,
152,,5,,152,HABU HEIGHT,5:38 pm,01/06/2026,20.9,77,,,,,,,,,,,,,,,,,,,,,,,,,,,,,,,,,,,,,,,,,,,,,,,,
153,,5,,153,HABU HEIGHT,5:38 pm,01/06/2026,20.9,77,,,,,,,,,,,,,,,,,,,,,,,,,,,,,,,,,,,,,,,,,,,,,,,,
153,,5,,153,HABU HEIGHT,5:38 pm,01/06/2026,20.9,77,,,,,,,,,,,,,,,,,,,,,,,,,,,,,,,,,,,,,,,,,,,,,,,,
154,,5,,154,HABU HEIGHT,5:38 pm,01/06/2026,20.9,77,,,,,,,,,,,,,,,,,,,,,,,,,,,,,,,,,,,,,,,,,,,,,,,,
154,,5,,154,HABU HEIGHT,5:38 pm,01/06/2026,20.9,77,,,,,,,,,,,,,,,,,,,,,,,,,,,,,,,,,,,,,,,,,,,,,,,,
155,,5,,155,HABU HEIGHT,5:38 pm,01/06/2026,20.9,77,,,,,,,,,,,,,,,,,,,,,,,,,,,,,,,,,,,,,,,,,,,,,,,,
155,,5,,155,HABU HEIGHT,5:38 pm,01/06/2026,20.9,77,,,,,,,,,,,,,,,,,,,,,,,,,,,,,,,,,,,,,,,,,,,,,,,,
156,,5,,156,HABU HEIGHT,5:38 pm,01/06/2026,20.9,77,,,,,,,,,,,,,,,,,,,,,,,,,,,,,,,,,,,,,,,,,,,,,,,,
156,,5,,156,HABU HEIGHT,5:38 pm,01/06/2026,20.9,77,,,,,,,,,,,,,,,,,,,,,,,,,,,,,,,,,,,,,,,,,,,,,,,,
157,,5,,157,HABU HEIGHT,5:38 pm,01/06/2026,20.9,77,,,,,,,,,,,,,,,,,,,,,,,,,,,,,,,,,,,,,,,,,,,,,,,,
157,,5,,157,HABU HEIGHT,5:38 pm,01/06/2026,20.9,77,,,,,,,,,,,,,,,,,,,,,,,,,,,,,,,,,,,,,,,,,,,,,,,,
158,,5,,158,HABU HEIGHT,5:38 pm,01/06/2026,20.9,77,,,,,,,,,,,,,,,,,,,,,,,,,,,,,,,,,,,,,,,,,,,,,,,,
158,,5,,158,HABU HEIGHT,5:38 pm,01/06/2026,20.9,77,,,,,,,,,,,,,,,,,,,,,,,,,,,,,,,,,,,,,,,,,,,,,,,,
159,,5,,159,HABU HEIGHT,5:38 pm,01/06/2026,20.9,77,,,,,,,,,,,,,,,,,,,,,,,,,,,,,,,,,,,,,,,,,,,,,,,,
159,,5,,159,HABU HEIGHT,5:38 pm,01/06/2026,20.9,77,,,,,,,,,,,,,,,,,,,,,,,,,,,,,,,,,,,,,,,,,,,,,,,,
160,,5,,160,HABU HEIGHT,5:38 pm,01/06/2026,20.9,77,,,,,,,,,,,,,,,,,,,,,,,,,,,,,,,,,,,,,,,,,,,,,,,,
160,,5,,160,HABU HEIGHT,5:38 pm,01/06/2026,20.9,77,,,,,,,,,,,,,,,,,,,,,,,,,,,,,,,,,,,,,,,,,,,,,,,,
161,,5,,161,HABU HEIGHT,5:38 pm,01/06/2026,20.9,77,,,,,,,,,,,,,,,,,,,,,,,,,,,,,,,,,,,,,,,,,,,,,,,,
161,,5,,161,HABU HEIGHT,5:38 pm,01/06/2026,20.9,77,,,,,,,,,,,,,,,,,,,,,,,,,,,,,,,,,,,,,,,,,,,,,,,,
162,,5,,162,HABU HEIGHT,5:38 pm,01/06/2026,20.9,77,,,,,,,,,,,,,,,,,,,,,,,,,,,,,,,,,,,,,,,,,,,,,,,,
162,,5,,162,HABU HEIGHT,5:38 pm,01/06/2026,20.9,77,,,,,,,,,,,,,,,,,,,,,,,,,,,,,,,,,,,,,,,,,,,,,,,,
163,,5,,163,HABU HEIGHT,5:38 pm,01/06/2026,20.9,77,,,,,,,,,,,,,,,,,,,,,,,,,,,,,,,,,,,,,,,,,,,,,,,,
163,,5,,163,HABU HEIGHT,5:38 pm,01/06/2026,20.9,77,,,,,,,,,,,,,,,,,,,,,,,,,,,,,,,,,,,,,,,,,,,,,,,,
164,,5,,164,HABU HEIGHT,5:38 pm,01/06/2026,20.9,77,,,,,,,,,,,,,,,,,,,,,,,,,,,,,,,,,,,,,,,,,,,,,,,,
164,,5,,164,HABU HEIGHT,5:38 pm,01/06/2026,20.9,77,,,,,,,,,,,,,,,,,,,,,,,,,,,,,,,,,,,,,,,,,,,,,,,,
165,,5,,165,HABU HEIGHT,5:38 pm,01/06/2026,20.9,77,,,,,,,,,,,,,,,,,,,,,,,,,,,,,,,,,,,,,,,,,,,,,,,,
165,,5,,165,HABU HEIGHT,5:38 pm,01/06/2026,20.9,77,,,,,,,,,,,,,,,,,,,,,,,,,,,,,,,,,,,,,,,,,,,,,,,,
166,,5,,166,HABU HEIGHT,5:38 pm,01/06/2026,20.9,77,,,,,,,,,,,,,,,,,,,,,,,,,,,,,,,,,,,,,,,,,,,,,,,,
166,,5,,166,HABU HEIGHT,5:38 pm,01/06/2026,20.9,77,,,,,,,,,,,,,,,,,,,,,,,,,,,,,,,,,,,,,,,,,,,,,,,,
167,,5,,167,HABU HEIGHT,5:38 pm,01/06/2026,20.9,77,,,,,,,,,,,,,,,,,,,,,,,,,,,,,,,,,,,,,,,,,,,,,,,,
167,,5,,167,HABU HEIGHT,5:38 pm,01/06/2026,20.9,77,,,,,,,,,,,,,,,,,,,,,,,,,,,,,,,,,,,,,,,,,,,,,,,,
168,,5,,168,HABU HEIGHT,5:38 pm,01/06/2026,20.9,77,,,,,,,,,,,,,,,,,,,,,,,,,,,,,,,,,,,,,,,,,,,,,,,,
168,,5,,168,HABU HEIGHT,5:38 pm,01/06/2026,20.9,77,,,,,,,,,,,,,,,,,,,,,,,,,,,,,,,,,,,,,,,,,,,,,,,,
169,,5,,169,HABU HEIGHT,5:38 pm,01/06/2026,20.9,77,,,,,,,,,,,,,,,,,,,,,,,,,,,,,,,,,,,,,,,,,,,,,,,,
169,,5,,169,HABU HEIGHT,5:38 pm,01/06/2026,20.9,77,,,,,,,,,,,,,,,,,,,,,,,,,,,,,,,,,,,,,,,,,,,,,,,,
170,,5,,170,HABU HEIGHT,5:38 pm,01/06/2026,20.9,77,,,,,,,,,,,,,,,,,,,,,,,,,,,,,,,,,,,,,,,,,,,,,,,,
170,,5,,170,HABU HEIGHT,5:38 pm,01/06/2026,20.9,77,,,,,,,,,,,,,,,,,,,,,,,,,,,,,,,,,,,,,,,,,,,,,,,,
171,,5,,171,HABU HEIGHT,5:38 pm,01/06/2026,20.9,77,,,,,,,,,,,,,,,,,,,,,,,,,,,,,,,,,,,,,,,,,,,,,,,,
171,,5,,171,HABU HEIGHT,5:38 pm,01/06/2026,20.9,77,,,,,,,,,,,,,,,,,,,,,,,,,,,,,,,,,,,,,,,,,,,,,,,,
172,,5,,172,HABU HEIGHT,5:38 pm,01/06/2026,20.9,77,,,,,,,,,,,,,,,,,,,,,,,,,,,,,,,,,,,,,,,,,,,,,,,,
172,,5,,172,HABU HEIGHT,5:38 pm,01/06/2026,20.9,77,,,,,,,,,,,,,,,,,,,,,,,,,,,,,,,,,,,,,,,,,,,,,,,,
173,,6,,173,HABU HEIGHT,5:38 pm,01/06/2026,20.9,77,,,,,,,,,,,,,,,,,,,,,,,,,,,,,,,,,,,,,,,,,,,,,,,,
173,,6,,173,HABU HEIGHT,5:38 pm,01/06/2026,20.9,77,,,,,,,,,,,,,,,,,,,,,,,,,,,,,,,,,,,,,,,,,,,,,,,,
174,,6,,174,HABU HEIGHT,5:38 pm,01/06/2026,20.9,77,,,,,,,,,,,,,,,,,,,,,,,,,,,,,,,,,,,,,,,,,,,,,,,,
174,,6,,174,HABU HEIGHT,5:38 pm,01/06/2026,20.9,77,,,,,,,,,,,,,,,,,,,,,,,,,,,,,,,,,,,,,,,,,,,,,,,,
175,,6,,175,HABU HEIGHT,5:38 pm,01/06/2026,20.9,77,,,,,,,,,,,,,,,,,,,,,,,,,,,,,,,,,,,,,,,,,,,,,,,,
175,,6,,175,HABU HEIGHT,5:38 pm,01/06/2026,20.9,77,,,,,,,,,,,,,,,,,,,,,,,,,,,,,,,,,,,,,,,,,,,,,,,,
176,,6,,176,HABU HEIGHT,5:38 pm,01/06/2026,20.9,77,,,,,,,,,,,,,,,,,,,,,,,,,,,,,,,,,,,,,,,,,,,,,,,,
176,,6,,176,HABU HEIGHT,5:38 pm,01/06/2026,20.9,77,,,,,,,,,,,,,,,,,,,,,,,,,,,,,,,,,,,,,,,,,,,,,,,,
177,,6,,177,HABU HEIGHT,5:38 pm,01/06/2026,20.9,77,,,,,,,,,,,,,,,,,,,,,,,,,,,,,,,,,,,,,,,,,,,,,,,,
177,,6,,177,HABU HEIGHT,5:38 pm,01/06/2026,20.9,77,,,,,,,,,,,,,,,,,,,,,,,,,,,,,,,,,,,,,,,,,,,,,,,,
178,,6,,178,HABU HEIGHT,5:38 pm,01/06/2026,20.9,77,,,,,,,,,,,,,,,,,,,,,,,,,,,,,,,,,,,,,,,,,,,,,,,,
178,,6,,178,HABU HEIGHT,5:38 pm,01/06/2026,20.9,77,,,,,,,,,,,,,,,,,,,,,,,,,,,,,,,,,,,,,,,,,,,,,,,,
179,,6,,179,HABU HEIGHT,5:38 pm,01/06/2026,20.9,77,,,,,,,,,,,,,,,,,,,,,,,,,,,,,,,,,,,,,,,,,,,,,,,,
179,,6,,179,HABU HEIGHT,5:38 pm,01/06/2026,20.9,77,,,,,,,,,,,,,,,,,,,,,,,,,,,,,,,,,,,,,,,,,,,,,,,,
180,,6,,180,HABU HEIGHT,5:38 pm,01/06/2026,20.9,77,,,,,,,,,,,,,,,,,,,,,,,,,,,,,,,,,,,,,,,,,,,,,,,,
180,,6,,180,HABU HEIGHT,5:38 pm,01/06/2026,20.9,77,,,,,,,,,,,,,,,,,,,,,,,,,,,,,,,,,,,,,,,,,,,,,,,,
181,,6,,181,HABU HEIGHT,5:38 pm,01/06/2026,20.9,77,,,,,,,,,,,,,,,,,,,,,,,,,,,,,,,,,,,,,,,,,,,,,,,,
181,,6,,181,HABU HEIGHT,5:38 pm,01/06/2026,20.9,77,,,,,,,,,,,,,,,,,,,,,,,,,,,,,,,,,,,,,,,,,,,,,,,,
182,,6,,182,HABU HEIGHT,5:38 pm,01/06/2026,20.9,77,,,,,,,,,,,,,,,,,,,,,,,,,,,,,,,,,,,,,,,,,,,,,,,,
182,,6,,182,HABU HEIGHT,5:38 pm,01/06/2026,20.9,77,,,,,,,,,,,,,,,,,,,,,,,,,,,,,,,,,,,,,,,,,,,,,,,,
183,,6,,183,HABU HEIGHT,5:38 pm,01/06/2026,20.9,77,,,,,,,,,,,,,,,,,,,,,,,,,,,,,,,,,,,,,,,,,,,,,,,,
183,,6,,183,HABU HEIGHT,5:38 pm,01/06/2026,20.9,77,,,,,,,,,,,,,,,,,,,,,,,,,,,,,,,,,,,,,,,,,,,,,,,,
184,,6,,184,HABU HEIGHT,5:38 pm,01/06/2026,20.9,77,,,,,,,,,,,,,,,,,,,,,,,,,,,,,,,,,,,,,,,,,,,,,,,,
184,,6,,184,HABU HEIGHT,5:38 pm,01/06/2026,20.9,77,,,,,,,,,,,,,,,,,,,,,,,,,,,,,,,,,,,,,,,,,,,,,,,,
185,,6,,185,HABU HEIGHT,5:38 pm,01/06/2026,20.9,77,,,,,,,,,,,,,,,,,,,,,,,,,,,,,,,,,,,,,,,,,,,,,,,,
185,,6,,185,HABU HEIGHT,5:38 pm,01/06/2026,20.9,77,,,,,,,,,,,,,,,,,,,,,,,,,,,,,,,,,,,,,,,,,,,,,,,,
186,,6,,186,HABU HEIGHT,5:38 pm,01/06/2026,20.9,77,,,,,,,,,,,,,,,,,,,,,,,,,,,,,,,,,,,,,,,,,,,,,,,,
186,,6,,186,HABU HEIGHT,5:38 pm,01/06/2026,20.9,77,,,,,,,,,,,,,,,,,,,,,,,,,,,,,,,,,,,,,,,,,,,,,,,,
187,,6,,187,HABU HEIGHT,5:38 pm,01/06/2026,20.9,77,,,,,,,,,,,,,,,,,,,,,,,,,,,,,,,,,,,,,,,,,,,,,,,,
187,,6,,187,HABU HEIGHT,5:38 pm,01/06/2026,20.9,77,,,,,,,,,,,,,,,,,,,,,,,,,,,,,,,,,,,,,,,,,,,,,,,,
188,,6,,188,HABU HEIGHT,5:38 pm,01/06/2026,20.9,77,,,,,,,,,,,,,,,,,,,,,,,,,,,,,,,,,,,,,,,,,,,,,,,,
188,,6,,188,HABU HEIGHT,5:38 pm,01/06/2026,20.9,77,,,,,,,,,,,,,,,,,,,,,,,,,,,,,,,,,,,,,,,,,,,,,,,,
189,,6,,189,HABU HEIGHT,5:38 pm,01/06/2026,20.9,77,,,,,,,,,,,,,,,,,,,,,,,,,,,,,,,,,,,,,,,,,,,,,,,,
189,,6,,189,HABU HEIGHT,5:38 pm,01/06/2026,20.9,77,,,,,,,,,,,,,,,,,,,,,,,,,,,,,,,,,,,,,,,,,,,,,,,,
190,,6,,190,HABU HEIGHT,5:38 pm,01/06/2026,20.9,77,,,,,,,,,,,,,,,,,,,,,,,,,,,,,,,,,,,,,,,,,,,,,,,,
190,,6,,190,HABU HEIGHT,5:38 pm,01/06/2026,20.9,77,,,,,,,,,,,,,,,,,,,,,,,,,,,,,,,,,,,,,,,,,,,,,,,,
191,,6,,191,HABU HEIGHT,5:38 pm,01/06/2026,20.9,77,,,,,,,,,,,,,,,,,,,,,,,,,,,,,,,,,,,,,,,,,,,,,,,,
191,,6,,191,HABU HEIGHT,5:38 pm,01/06/2026,20.9,77,,,,,,,,,,,,,,,,,,,,,,,,,,,,,,,,,,,,,,,,,,,,,,,,
192,,6,,192,HABU HEIGHT,5:38 pm,01/06/2026,20.9,77,,,,,,,,,,,,,,,,,,,,,,,,,,,,,,,,,,,,,,,,,,,,,,,,
192,,6,,192,HABU HEIGHT,5:38 pm,01/06/2026,20.9,77,,,,,,,,,,,,,,,,,,,,,,,,,,,,,,,,,,,,,,,,,,,,,,,,
193,,6,,193,HABU HEIGHT,5:38 pm,01/06/2026,20.9,77,,,,,,,,,,,,,,,,,,,,,,,,,,,,,,,,,,,,,,,,,,,,,,,,
193,,6,,193,HABU HEIGHT,5:38 pm,01/06/2026,20.9,77,,,,,,,,,,,,,,,,,,,,,,,,,,,,,,,,,,,,,,,,,,,,,,,,
194,,6,,194,HABU HEIGHT,5:38 pm,01/06/2026,20.9,77,,,,,,,,,,,,,,,,,,,,,,,,,,,,,,,,,,,,,,,,,,,,,,,,
194,,6,,194,HABU HEIGHT,5:38 pm,01/06/2026,20.9,77,,,,,,,,,,,,,,,,,,,,,,,,,,,,,,,,,,,,,,,,,,,,,,,,
195,,6,,195,HABU HEIGHT,5:38 pm,01/06/2026,20.9,77,,,,,,,,,,,,,,,,,,,,,,,,,,,,,,,,,,,,,,,,,,,,,,,,
195,,6,,195,HABU HEIGHT,5:38 pm,01/06/2026,20.9,77,,,,,,,,,,,,,,,,,,,,,,,,,,,,,,,,,,,,,,,,,,,,,,,,
196,,6,,196,HABU HEIGHT,5:38 pm,01/06/2026,20.9,77,,,,,,,,,,,,,,,,,,,,,,,,,,,,,,,,,,,,,,,,,,,,,,,,
196,,6,,196,HABU HEIGHT,5:38 pm,01/06/2026,20.9,77,,,,,,,,,,,,,,,,,,,,,,,,,,,,,,,,,,,,,,,,,,,,,,,,
197,,6,,197,HABU HEIGHT,5:38 pm,01/06/2026,20.9,77,,,,,,,,,,,,,,,,,,,,,,,,,,,,,,,,,,,,,,,,,,,,,,,,
197,,6,,197,HABU HEIGHT,5:38 pm,01/06/2026,20.9,77,,,,,,,,,,,,,,,,,,,,,,,,,,,,,,,,,,,,,,,,,,,,,,,,
198,,6,,198,HABU HEIGHT,5:38 pm,01/06/2026,20.9,77,,,,,,,,,,,,,,,,,,,,,,,,,,,,,,,,,,,,,,,,,,,,,,,,
198,,6,,198,HABU HEIGHT,5:38 pm,01/06/2026,20.9,77,,,,,,,,,,,,,,,,,,,,,,,,,,,,,,,,,,,,,,,,,,,,,,,,
199,,6,,199,HABU HEIGHT,5:38 pm,01/06/2026,20.9,77,,,,,,,,,,,,,,,,,,,,,,,,,,,,,,,,,,,,,,,,,,,,,,,,
199,,6,,199,HABU HEIGHT,5:38 pm,01/06/2026,20.9,77,,,,,,,,,,,,,,,,,,,,,,,,,,,,,,,,,,,,,,,,,,,,,,,,
200,,6,,200,HABU HEIGHT,5:38 pm,01/06/2026,20.9,77,,,,,,,,,,,,,,,,,,,,,,,,,,,,,,,,,,,,,,,,,,,,,,,,
200,,6,,200,HABU HEIGHT,5:38 pm,01/06/2026,20.9,77,,,,,,,,,,,,,,,,,,,,,,,,,,,,,,,,,,,,,,,,,,,,,,,,
201,,6,,201,HABU HEIGHT,5:38 pm,01/06/2026,20.9,77,,,,,,,,,,,,,,,,,,,,,,,,,,,,,,,,,,,,,,,,,,,,,,,,
201,,6,,201,HABU HEIGHT,5:38 pm,01/06/2026,20.9,77,,,,,,,,,,,,,,,,,,,,,,,,,,,,,,,,,,,,,,,,,,,,,,,,
202,,6,,202,HABU HEIGHT,5:38 pm,01/06/2026,20.9,77,,,,,,,,,,,,,,,,,,,,,,,,,,,,,,,,,,,,,,,,,,,,,,,,
202,,6,,202,HABU HEIGHT,5:38 pm,01/06/2026,20.9,77,,,,,,,,,,,,,,,,,,,,,,,,,,,,,,,,,,,,,,,,,,,,,,,,
203,,6,,203,HABU HEIGHT,5:38 pm,01/06/2026,20.9,77,,,,,,,,,,,,,,,,,,,,,,,,,,,,,,,,,,,,,,,,,,,,,,,,
203,,6,,203,HABU HEIGHT,5:38 pm,01/06/2026,20.9,77,,,,,,,,,,,,,,,,,,,,,,,,,,,,,,,,,,,,,,,,,,,,,,,,
204,,6,,204,HABU HEIGHT,5:38 pm,01/06/2026,20.9,77,,,,,,,,,,,,,,,,,,,,,,,,,,,,,,,,,,,,,,,,,,,,,,,,
204,,6,,204,HABU HEIGHT,5:38 pm,01/06/2026,20.9,77,,,,,,,,,,,,,,,,,,,,,,,,,,,,,,,,,,,,,,,,,,,,,,,,
205,,6,,205,HABU HEIGHT,5:38 pm,01/06/2026,20.9,77,,,,,,,,,,,,,,,,,,,,,,,,,,,,,,,,,,,,,,,,,,,,,,,,
205,,6,,205,HABU HEIGHT,5:38 pm,01/06/2026,20.9,77,,,,,,,,,,,,,,,,,,,,,,,,,,,,,,,,,,,,,,,,,,,,,,,,
206,,6,,206,HABU HEIGHT,5:38 pm,01/06/2026,20.9,77,,,,,,,,,,,,,,,,,,,,,,,,,,,,,,,,,,,,,,,,,,,,,,,,
206,,6,,206,HABU HEIGHT,5:38 pm,01/06/2026,20.9,77,,,,,,,,,,,,,,,,,,,,,,,,,,,,,,,,,,,,,,,,,,,,,,,,
207,,6,,207,HABU HEIGHT,5:38 pm,01/06/2026,20.9,77,,,,,,,,,,,,,,,,,,,,,,,,,,,,,,,,,,,,,,,,,,,,,,,,
207,,6,,207,HABU HEIGHT,5:38 pm,01/06/2026,20.9,77,,,,,,,,,,,,,,,,,,,,,,,,,,,,,,,,,,,,,,,,,,,,,,,,
208,,6,,208,HABU HEIGHT,5:38 pm,01/06/2026,20.9,77,,,,,,,,,,,,,,,,,,,,,,,,,,,,,,,,,,,,,,,,,,,,,,,,
208,,6,,208,HABU HEIGHT,5:38 pm,01/06/2026,20.9,77,,,,,,,,,,,,,,,,,,,,,,,,,,,,,,,,,,,,,,,,,,,,,,,,
209,,6,,209,HABU HEIGHT,5:38 pm,01/06/2026,20.9,77,,,,,,,,,,,,,,,,,,,,,,,,,,,,,,,,,,,,,,,,,,,,,,,,
209,,6,,209,HABU HEIGHT,5:38 pm,01/06/2026,20.9,77,,,,,,,,,,,,,,,,,,,,,,,,,,,,,,,,,,,,,,,,,,,,,,,,
210,,6,,210,HABU HEIGHT,5:38 pm,01/06/2026,20.9,77,,,,,,,,,,,,,,,,,,,,,,,,,,,,,,,,,,,,,,,,,,,,,,,,
210,,6,,210,HABU HEIGHT,5:38 pm,01/06/2026,20.9,77,,,,,,,,,,,,,,,,,,,,,,,,,,,,,,,,,,,,,,,,,,,,,,,,
211,,6,,211,HABU HEIGHT,5:38 pm,01/06/2026,20.9,77,,,,,,,,,,,,,,,,,,,,,,,,,,,,,,,,,,,,,,,,,,,,,,,,
211,,6,,211,HABU HEIGHT,5:38 pm,01/06/2026,20.9,77,,,,,,,,,,,,,,,,,,,,,,,,,,,,,,,,,,,,,,,,,,,,,,,,
212,,6,,212,HABU HEIGHT,5:38 pm,01/06/2026,20.9,77,,,,,,,,,,,,,,,,,,,,,,,,,,,,,,,,,,,,,,,,,,,,,,,,
212,,6,,212,HABU HEIGHT,5:38 pm,01/06/2026,20.9,77,,,,,,,,,,,,,,,,,,,,,,,,,,,,,,,,,,,,,,,,,,,,,,,,
213,,7,,213,HABU HEIGHT,5:38 pm,01/06/2026,20.9,77,,,,,,,,,,,,,,,,,,,,,,,,,,,,,,,,,,,,,,,,,,,,,,,,
213,,7,,213,HABU HEIGHT,5:38 pm,01/06/2026,20.9,77,,,,,,,,,,,,,,,,,,,,,,,,,,,,,,,,,,,,,,,,,,,,,,,,
214,,7,,214,HABU HEIGHT,5:38 pm,01/06/2026,20.9,77,,,,,,,,,,,,,,,,,,,,,,,,,,,,,,,,,,,,,,,,,,,,,,,,
214,,7,,214,HABU HEIGHT,5:38 pm,01/06/2026,20.9,77,,,,,,,,,,,,,,,,,,,,,,,,,,,,,,,,,,,,,,,,,,,,,,,,
215,,7,,215,HABU HEIGHT,5:38 pm,01/06/2026,20.9,77,,,,,,,,,,,,,,,,,,,,,,,,,,,,,,,,,,,,,,,,,,,,,,,,
215,,7,,215,HABU HEIGHT,5:38 pm,01/06/2026,20.9,77,,,,,,,,,,,,,,,,,,,,,,,,,,,,,,,,,,,,,,,,,,,,,,,,
216,,7,,216,HABU HEIGHT,5:38 pm,01/06/2026,20.9,77,,,,,,,,,,,,,,,,,,,,,,,,,,,,,,,,,,,,,,,,,,,,,,,,
216,,7,,216,HABU HEIGHT,5:38 pm,01/06/2026,20.9,77,,,,,,,,,,,,,,,,,,,,,,,,,,,,,,,,,,,,,,,,,,,,,,,,
217,,7,,217,HABU HEIGHT,5:38 pm,01/06/2026,20.9,77,,,,,,,,,,,,,,,,,,,,,,,,,,,,,,,,,,,,,,,,,,,,,,,,
217,,7,,217,HABU HEIGHT,5:38 pm,01/06/2026,20.9,77,,,,,,,,,,,,,,,,,,,,,,,,,,,,,,,,,,,,,,,,,,,,,,,,
218,,7,,218,HABU HEIGHT,5:38 pm,01/06/2026,20.9,77,,,,,,,,,,,,,,,,,,,,,,,,,,,,,,,,,,,,,,,,,,,,,,,,
218,,7,,218,HABU HEIGHT,5:38 pm,01/06/2026,20.9,77,,,,,,,,,,,,,,,,,,,,,,,,,,,,,,,,,,,,,,,,,,,,,,,,
219,,7,,219,HABU HEIGHT,5:38 pm,01/06/2026,20.9,77,,,,,,,,,,,,,,,,,,,,,,,,,,,,,,,,,,,,,,,,,,,,,,,,
219,,7,,219,HABU HEIGHT,5:38 pm,01/06/2026,20.9,77,,,,,,,,,,,,,,,,,,,,,,,,,,,,,,,,,,,,,,,,,,,,,,,,
220,,7,,220,HABU HEIGHT,5:38 pm,01/06/2026,20.9,77,,,,,,,,,,,,,,,,,,,,,,,,,,,,,,,,,,,,,,,,,,,,,,,,
220,,7,,220,HABU HEIGHT,5:38 pm,01/06/2026,20.9,77,,,,,,,,,,,,,,,,,,,,,,,,,,,,,,,,,,,,,,,,,,,,,,,,
221,,7,,221,HABU HEIGHT,5:38 pm,01/06/2026,20.9,77,,,,,,,,,,,,,,,,,,,,,,,,,,,,,,,,,,,,,,,,,,,,,,,,
221,,7,,221,HABU HEIGHT,5:38 pm,01/06/2026,20.9,77,,,,,,,,,,,,,,,,,,,,,,,,,,,,,,,,,,,,,,,,,,,,,,,,
222,,7,,222,HABU HEIGHT,5:38 pm,01/06/2026,20.9,77,,,,,,,,,,,,,,,,,,,,,,,,,,,,,,,,,,,,,,,,,,,,,,,,
222,,7,,222,HABU HEIGHT,5:38 pm,01/06/2026,20.9,77,,,,,,,,,,,,,,,,,,,,,,,,,,,,,,,,,,,,,,,,,,,,,,,,
223,,7,,223,HABU HEIGHT,5:38 pm,01/06/2026,20.9,77,,,,,,,,,,,,,,,,,,,,,,,,,,,,,,,,,,,,,,,,,,,,,,,,
223,,7,,223,HABU HEIGHT,5:38 pm,01/06/2026,20.9,77,,,,,,,,,,,,,,,,,,,,,,,,,,,,,,,,,,,,,,,,,,,,,,,,
224,,7,,224,HABU HEIGHT,5:38 pm,01/06/2026,20.9,77,,,,,,,,,,,,,,,,,,,,,,,,,,,,,,,,,,,,,,,,,,,,,,,,
224,,7,,224,HABU HEIGHT,5:38 pm,01/06/2026,20.9,77,,,,,,,,,,,,,,,,,,,,,,,,,,,,,,,,,,,,,,,,,,,,,,,,
225,,8,,225,HABU HEIGHT,5:38 pm,01/06/2026,20.9,77,,,,,,,,,,,,,,,,,,,,,,,,,,,,,,,,,,,,,,,,,,,,,,,,
225,,8,,225,HABU HEIGHT,5:38 pm,01/06/2026,20.9,77,,,,,,,,,,,,,,,,,,,,,,,,,,,,,,,,,,,,,,,,,,,,,,,,
226,,8,,226,HABU HEIGHT,5:38 pm,01/06/2026,20.9,77,,,,,,,,,,,,,,,,,,,,,,,,,,,,,,,,,,,,,,,,,,,,,,,,
226,,8,,226,HABU HEIGHT,5:38 pm,01/06/2026,20.9,77,,,,,,,,,,,,,,,,,,,,,,,,,,,,,,,,,,,,,,,,,,,,,,,,
227,,8,,227,HABU HEIGHT,5:38 pm,01/06/2026,20.9,77,,,,,,,,,,,,,,,,,,,,,,,,,,,,,,,,,,,,,,,,,,,,,,,,
227,,8,,227,HABU HEIGHT,5:38 pm,01/06/2026,20.9,77,,,,,,,,,,,,,,,,,,,,,,,,,,,,,,,,,,,,,,,,,,,,,,,,
228,,8,,228,HABU HEIGHT,5:38 pm,01/06/2026,20.9,77,,,,,,,,,,,,,,,,,,,,,,,,,,,,,,,,,,,,,,,,,,,,,,,,
228,,8,,228,HABU HEIGHT,5:38 pm,01/06/2026,20.9,77,,,,,,,,,,,,,,,,,,,,,,,,,,,,,,,,,,,,,,,,,,,,,,,,
229,,8,,229,HABU HEIGHT,5:38 pm,01/06/2026,20.9,77,,,,,,,,,,,,,,,,,,,,,,,,,,,,,,,,,,,,,,,,,,,,,,,,
229,,8,,229,HABU HEIGHT,5:38 pm,01/06/2026,20.9,77,,,,,,,,,,,,,,,,,,,,,,,,,,,,,,,,,,,,,,,,,,,,,,,,
230,,8,,230,HABU HEIGHT,5:38 pm,01/06/2026,20.9,77,,,,,,,,,,,,,,,,,,,,,,,,,,,,,,,,,,,,,,,,,,,,,,,,
230,,8,,230,HABU HEIGHT,5:38 pm,01/06/2026,20.9,77,,,,,,,,,,,,,,,,,,,,,,,,,,,,,,,,,,,,,,,,,,,,,,,,
231,,8,,231,HABU HEIGHT,5:38 pm,01/06/2026,20.9,77,,,,,,,,,,,,,,,,,,,,,,,,,,,,,,,,,,,,,,,,,,,,,,,,
231,,8,,231,HABU HEIGHT,5:38 pm,01/06/2026,20.9,77,,,,,,,,,,,,,,,,,,,,,,,,,,,,,,,,,,,,,,,,,,,,,,,,
232,,8,,232,HABU HEIGHT,5:38 pm,01/06/2026,20.9,77,,,,,,,,,,,,,,,,,,,,,,,,,,,,,,,,,,,,,,,,,,,,,,,,
232,,8,,232,HABU HEIGHT,5:38 pm,01/06/2026,20.9,77,,,,,,,,,,,,,,,,,,,,,,,,,,,,,,,,,,,,,,,,,,,,,,,,
233,,8,,233,HABU HEIGHT,5:38 pm,01/06/2026,20.9,77,,,,,,,,,,,,,,,,,,,,,,,,,,,,,,,,,,,,,,,,,,,,,,,,
233,,8,,233,HABU HEIGHT,5:38 pm,01/06/2026,20.9,77,,,,,,,,,,,,,,,,,,,,,,,,,,,,,,,,,,,,,,,,,,,,,,,,
234,,8,,234,HABU HEIGHT,5:38 pm,01/06/2026,20.9,77,,,,,,,,,,,,,,,,,,,,,,,,,,,,,,,,,,,,,,,,,,,,,,,,
234,,8,,234,HABU HEIGHT,5:38 pm,01/06/2026,20.9,77,,,,,,,,,,,,,,,,,,,,,,,,,,,,,,,,,,,,,,,,,,,,,,,,
235,,8,,235,HABU HEIGHT,5:38 pm,01/06/2026,20.9,77,,,,,,,,,,,,,,,,,,,,,,,,,,,,,,,,,,,,,,,,,,,,,,,,
235,,8,,235,HABU HEIGHT,5:38 pm,01/06/2026,20.9,77,,,,,,,,,,,,,,,,,,,,,,,,,,,,,,,,,,,,,,,,,,,,,,,,
236,,8,,236,HABU HEIGHT,5:38 pm,01/06/2026,20.9,77,,,,,,,,,,,,,,,,,,,,,,,,,,,,,,,,,,,,,,,,,,,,,,,,
236,,8,,236,HABU HEIGHT,5:38 pm,01/06/2026,20.9,77,,,,,,,,,,,,,,,,,,,,,,,,,,,,,,,,,,,,,,,,,,,,,,,,
237,,8,,237,HABU HEIGHT,5:38 pm,01/06/2026,20.9,77,,,,,,,,,,,,,,,,,,,,,,,,,,,,,,,,,,,,,,,,,,,,,,,,
237,,8,,237,HABU HEIGHT,5:38 pm,01/06/2026,20.9,77,,,,,,,,,,,,,,,,,,,,,,,,,,,,,,,,,,,,,,,,,,,,,,,,
238,,8,,238,HABU HEIGHT,5:38 pm,01/06/2026,20.9,77,,,,,,,,,,,,,,,,,,,,,,,,,,,,,,,,,,,,,,,,,,,,,,,,
238,,8,,238,HABU HEIGHT,5:38 pm,01/06/2026,20.9,77,,,,,,,,,,,,,,,,,,,,,,,,,,,,,,,,,,,,,,,,,,,,,,,,
239,,8,,239,HABU HEIGHT,5:38 pm,01/06/2026,20.9,77,,,,,,,,,,,,,,,,,,,,,,,,,,,,,,,,,,,,,,,,,,,,,,,,
239,,8,,239,HABU HEIGHT,5:38 pm,01/06/2026,20.9,77,,,,,,,,,,,,,,,,,,,,,,,,,,,,,,,,,,,,,,,,,,,,,,,,
240,,8,,240,HABU HEIGHT,5:38 pm,01/06/2026,20.9,77,,,,,,,,,,,,,,,,,,,,,,,,,,,,,,,,,,,,,,,,,,,,,,,,
240,,8,,240,HABU HEIGHT,5:38 pm,01/06/2026,20.9,77,,,,,,,,,,,,,,,,,,,,,,,,,,,,,,,,,,,,,,,,,,,,,,,,
241,,8,,241,HABU HEIGHT,5:38 pm,01/06/2026,20.9,77,,,,,,,,,,,,,,,,,,,,,,,,,,,,,,,,,,,,,,,,,,,,,,,,
241,,8,,241,HABU HEIGHT,5:38 pm,01/06/2026,20.9,77,,,,,,,,,,,,,,,,,,,,,,,,,,,,,,,,,,,,,,,,,,,,,,,,
242,,8,,242,HABU HEIGHT,5:38 pm,01/06/2026,20.9,77,,,,,,,,,,,,,,,,,,,,,,,,,,,,,,,,,,,,,,,,,,,,,,,,
242,,8,,242,HABU HEIGHT,5:38 pm,01/06/2026,20.9,77,,,,,,,,,,,,,,,,,,,,,,,,,,,,,,,,,,,,,,,,,,,,,,,,
243,,8,,243,HABU HEIGHT,5:38 pm,01/06/2026,20.9,77,,,,,,,,,,,,,,,,,,,,,,,,,,,,,,,,,,,,,,,,,,,,,,,,
243,,8,,243,HABU HEIGHT,5:38 pm,01/06/2026,20.9,77,,,,,,,,,,,,,,,,,,,,,,,,,,,,,,,,,,,,,,,,,,,,,,,,
244,,8,,244,HABU HEIGHT,5:38 pm,01/06/2026,20.9,77,,,,,,,,,,,,,,,,,,,,,,,,,,,,,,,,,,,,,,,,,,,,,,,,
244,,8,,244,HABU HEIGHT,5:38 pm,01/06/2026,20.9,77,,,,,,,,,,,,,,,,,,,,,,,,,,,,,,,,,,,,,,,,,,,,,,,,
245,,8,,245,HABU HEIGHT,5:38 pm,01/06/2026,20.9,77,,,,,,,,,,,,,,,,,,,,,,,,,,,,,,,,,,,,,,,,,,,,,,,,
245,,8,,245,HABU HEIGHT,5:38 pm,01/06/2026,20.9,77,,,,,,,,,,,,,,,,,,,,,,,,,,,,,,,,,,,,,,,,,,,,,,,,
246,,8,,246,HABU HEIGHT,5:38 pm,01/06/2026,20.9,77,,,,,,,,,,,,,,,,,,,,,,,,,,,,,,,,,,,,,,,,,,,,,,,,
246,,8,,246,HABU HEIGHT,5:38 pm,01/06/2026,20.9,77,,,,,,,,,,,,,,,,,,,,,,,,,,,,,,,,,,,,,,,,,,,,,,,,
247,,8,,247,HABU HEIGHT,5:38 pm,01/06/2026,20.9,77,,,,,,,,,,,,,,,,,,,,,,,,,,,,,,,,,,,,,,,,,,,,,,,,
247,,8,,247,HABU HEIGHT,5:38 pm,01/06/2026,20.9,77,,,,,,,,,,,,,,,,,,,,,,,,,,,,,,,,,,,,,,,,,,,,,,,,
248,,8,,248,HABU HEIGHT,5:38 pm,01/06/2026,20.9,77,,,,,,,,,,,,,,,,,,,,,,,,,,,,,,,,,,,,,,,,,,,,,,,,
248,,8,,248,HABU HEIGHT,5:38 pm,01/06/2026,20.9,77,,,,,,,,,,,,,,,,,,,,,,,,,,,,,,,,,,,,,,,,,,,,,,,,
249,,8,,249,HABU HEIGHT,5:38 pm,01/06/2026,20.9,77,,,,,,,,,,,,,,,,,,,,,,,,,,,,,,,,,,,,,,,,,,,,,,,,
249,,8,,249,HABU HEIGHT,5:38 pm,01/06/2026,20.9,77,,,,,,,,,,,,,,,,,,,,,,,,,,,,,,,,,,,,,,,,,,,,,,,,
250,,8,,250,HABU HEIGHT,5:38 pm,01/06/2026,20.9,77,,,,,,,,,,,,,,,,,,,,,,,,,,,,,,,,,,,,,,,,,,,,,,,,
250,,8,,250,HABU HEIGHT,5:38 pm,01/06/2026,20.9,77,,,,,,,,,,,,,,,,,,,,,,,,,,,,,,,,,,,,,,,,,,,,,,,,
251,,8,,251,HABU HEIGHT,5:38 pm,01/06/2026,20.9,77,,,,,,,,,,,,,,,,,,,,,,,,,,,,,,,,,,,,,,,,,,,,,,,,
251,,8,,251,HABU HEIGHT,5:38 pm,01/06/2026,20.9,77,,,,,,,,,,,,,,,,,,,,,,,,,,,,,,,,,,,,,,,,,,,,,,,,
252,,8,,252,HABU HEIGHT,5:38 pm,01/06/2026,20.9,77,,,,,,,,,,,,,,,,,,,,,,,,,,,,,,,,,,,,,,,,,,,,,,,,
252,,8,,252,HABU HEIGHT,5:38 pm,01/06/2026,20.9,77,,,,,,,,,,,,,,,,,,,,,,,,,,,,,,,,,,,,,,,,,,,,,,,,
253,,8,,253,HABU HEIGHT,5:38 pm,01/06/2026,20.9,77,,,,,,,,,,,,,,,,,,,,,,,,,,,,,,,,,,,,,,,,,,,,,,,,
253,,8,,253,HABU HEIGHT,5:38 pm,01/06/2026,20.9,77,,,,,,,,,,,,,,,,,,,,,,,,,,,,,,,,,,,,,,,,,,,,,,,,
254,,8,,254,HABU HEIGHT,5:38 pm,01/06/2026,20.9,77,,,,,,,,,,,,,,,,,,,,,,,,,,,,,,,,,,,,,,,,,,,,,,,,
254,,8,,254,HABU HEIGHT,5:38 pm,01/06/2026,20.9,77,,,,,,,,,,,,,,,,,,,,,,,,,,,,,,,,,,,,,,,,,,,,,,,,
255,,8,,255,HABU HEIGHT,5:38 pm,01/06/2026,20.9,77,,,,,,,,,,,,,,,,,,,,,,,,,,,,,,,,,,,,,,,,,,,,,,,,
255,,8,,255,HABU HEIGHT,5:38 pm,01/06/2026,20.9,77,,,,,,,,,,,,,,,,,,,,,,,,,,,,,,,,,,,,,,,,,,,,,,,,
256,,8,,256,HABU HEIGHT,5:38 pm,01/06/2026,20.9,77,,,,,,,,,,,,,,,,,,,,,,,,,,,,,,,,,,,,,,,,,,,,,,,,
256,,8,,256,HABU HEIGHT,5:38 pm,01/06/2026,20.9,77,,,,,,,,,,,,,,,,,,,,,,,,,,,,,,,,,,,,,,,,,,,,,,,,
257,,8,,257,HABU HEIGHT,5:38 pm,01/06/2026,20.9,77,,,,,,,,,,,,,,,,,,,,,,,,,,,,,,,,,,,,,,,,,,,,,,,,
257,,8,,257,HABU HEIGHT,5:38 pm,01/06/2026,20.9,77,,,,,,,,,,,,,,,,,,,,,,,,,,,,,,,,,,,,,,,,,,,,,,,,
258,,8,,258,HABU HEIGHT,5:38 pm,01/06/2026,20.9,77,,,,,,,,,,,,,,,,,,,,,,,,,,,,,,,,,,,,,,,,,,,,,,,,
258,,8,,258,HABU HEIGHT,5:38 pm,01/06/2026,20.9,77,,,,,,,,,,,,,,,,,,,,,,,,,,,,,,,,,,,,,,,,,,,,,,,,
259,,8,,259,HABU HEIGHT,5:38 pm,01/06/2026,20.9,77,,,,,,,,,,,,,,,,,,,,,,,,,,,,,,,,,,,,,,,,,,,,,,,,
259,,8,,259,HABU HEIGHT,5:38 pm,01/06/2026,20.9,77,,,,,,,,,,,,,,,,,,,,,,,,,,,,,,,,,,,,,,,,,,,,,,,,
260,,8,,260,HABU HEIGHT,5:38 pm,01/06/2026,20.9,77,,,,,,,,,,,,,,,,,,,,,,,,,,,,,,,,,,,,,,,,,,,,,,,,
260,,8,,260,HABU HEIGHT,5:38 pm,01/06/2026,20.9,77,,,,,,,,,,,,,,,,,,,,,,,,,,,,,,,,,,,,,,,,,,,,,,,,
261,,8,,261,HABU HEIGHT,5:38 pm,01/06/2026,20.9,77,,,,,,,,,,,,,,,,,,,,,,,,,,,,,,,,,,,,,,,,,,,,,,,,
261,,8,,261,HABU HEIGHT,5:38 pm,01/06/2026,20.9,77,,,,,,,,,,,,,,,,,,,,,,,,,,,,,,,,,,,,,,,,,,,,,,,,
262,,8,,262,HABU HEIGHT,5:38 pm,01/06/2026,20.9,77,,,,,,,,,,,,,,,,,,,,,,,,,,,,,,,,,,,,,,,,,,,,,,,,
262,,8,,262,HABU HEIGHT,5:38 pm,01/06/2026,20.9,77,,,,,,,,,,,,,,,,,,,,,,,,,,,,,,,,,,,,,,,,,,,,,,,,
263,,8,,263,HABU HEIGHT,5:38 pm,01/06/2026,20.9,77,,,,,,,,,,,,,,,,,,,,,,,,,,,,,,,,,,,,,,,,,,,,,,,,
263,,8,,263,HABU HEIGHT,5:38 pm,01/06/2026,20.9,77,,,,,,,,,,,,,,,,,,,,,,,,,,,,,,,,,,,,,,,,,,,,,,,,
264,,8,,264,HABU HEIGHT,5:38 pm,01/06/2026,20.9,77,,,,,,,,,,,,,,,,,,,,,,,,,,,,,,,,,,,,,,,,,,,,,,,,
264,,8,,264,HABU HEIGHT,5:38 pm,01/06/2026,20.9,77,,,,,,,,,,,,,,,,,,,,,,,,,,,,,,,,,,,,,,,,,,,,,,,,
265,,9,,265,HABU HEIGHT,5:38 pm,01/06/2026,20.9,77,,,,,,,,,,,,,,,,,,,,,,,,,,,,,,,,,,,,,,,,,,,,,,,,
265,,9,,265,HABU HEIGHT,5:38 pm,01/06/2026,20.9,77,,,,,,,,,,,,,,,,,,,,,,,,,,,,,,,,,,,,,,,,,,,,,,,,
266,,9,,266,HABU HEIGHT,5:38 pm,01/06/2026,20.9,77,,,,,,,,,,,,,,,,,,,,,,,,,,,,,,,,,,,,,,,,,,,,,,,,
266,,9,,266,HABU HEIGHT,5:38 pm,01/06/2026,20.9,77,,,,,,,,,,,,,,,,,,,,,,,,,,,,,,,,,,,,,,,,,,,,,,,,
267,,9,,267,HABU HEIGHT,5:38 pm,01/06/2026,20.9,77,,,,,,,,,,,,,,,,,,,,,,,,,,,,,,,,,,,,,,,,,,,,,,,,
267,,9,,267,HABU HEIGHT,5:38 pm,01/06/2026,20.9,77,,,,,,,,,,,,,,,,,,,,,,,,,,,,,,,,,,,,,,,,,,,,,,,,
268,,9,,268,HABU HEIGHT,5:38 pm,01/06/2026,20.9,77,,,,,,,,,,,,,,,,,,,,,,,,,,,,,,,,,,,,,,,,,,,,,,,,
268,,9,,268,HABU HEIGHT,5:38 pm,01/06/2026,20.9,77,,,,,,,,,,,,,,,,,,,,,,,,,,,,,,,,,,,,,,,,,,,,,,,,
269,,9,,269,HABU HEIGHT,5:38 pm,01/06/2026,20.9,77,,,,,,,,,,,,,,,,,,,,,,,,,,,,,,,,,,,,,,,,,,,,,,,,
269,,9,,269,HABU HEIGHT,5:38 pm,01/06/2026,20.9,77,,,,,,,,,,,,,,,,,,,,,,,,,,,,,,,,,,,,,,,,,,,,,,,,
270,,9,,270,HABU HEIGHT,5:38 pm,01/06/2026,20.9,77,,,,,,,,,,,,,,,,,,,,,,,,,,,,,,,,,,,,,,,,,,,,,,,,
270,,9,,270,HABU HEIGHT,5:38 pm,01/06/2026,20.9,77,,,,,,,,,,,,,,,,,,,,,,,,,,,,,,,,,,,,,,,,,,,,,,,,
271,,9,,271,HABU HEIGHT,5:38 pm,01/06/2026,20.9,77,,,,,,,,,,,,,,,,,,,,,,,,,,,,,,,,,,,,,,,,,,,,,,,,
271,,9,,271,HABU HEIGHT,5:38 pm,01/06/2026,20.9,77,,,,,,,,,,,,,,,,,,,,,,,,,,,,,,,,,,,,,,,,,,,,,,,,
272,,9,,272,HABU HEIGHT,5:38 pm,01/06/2026,20.9,77,,,,,,,,,,,,,,,,,,,,,,,,,,,,,,,,,,,,,,,,,,,,,,,,
272,,9,,272,HABU HEIGHT,5:38 pm,01/06/2026,20.9,77,,,,,,,,,,,,,,,,,,,,,,,,,,,,,,,,,,,,,,,,,,,,,,,,
273,,9,,273,HABU HEIGHT,5:38 pm,01/06/2026,20.9,77,,,,,,,,,,,,,,,,,,,,,,,,,,,,,,,,,,,,,,,,,,,,,,,,
273,,9,,273,HABU HEIGHT,5:38 pm,01/06/2026,20.9,77,,,,,,,,,,,,,,,,,,,,,,,,,,,,,,,,,,,,,,,,,,,,,,,,
274,,9,,274,HABU HEIGHT,5:38 pm,01/06/2026,20.9,77,,,,,,,,,,,,,,,,,,,,,,,,,,,,,,,,,,,,,,,,,,,,,,,,
274,,9,,274,HABU HEIGHT,5:38 pm,01/06/2026,20.9,77,,,,,,,,,,,,,,,,,,,,,,,,,,,,,,,,,,,,,,,,,,,,,,,,
275,,9,,275,HABU HEIGHT,5:38 pm,01/06/2026,20.9,77,,,,,,,,,,,,,,,,,,,,,,,,,,,,,,,,,,,,,,,,,,,,,,,,
275,,9,,275,HABU HEIGHT,5:38 pm,01/06/2026,20.9,77,,,,,,,,,,,,,,,,,,,,,,,,,,,,,,,,,,,,,,,,,,,,,,,,
276,,9,,276,HABU HEIGHT,5:38 pm,01/06/2026,20.9,77,,,,,,,,,,,,,,,,,,,,,,,,,,,,,,,,,,,,,,,,,,,,,,,,
276,,9,,276,HABU HEIGHT,5:38 pm,01/06/2026,20.9,77,,,,,,,,,,,,,,,,,,,,,,,,,,,,,,,,,,,,,,,,,,,,,,,,
277,,9,,277,HABU HEIGHT,5:38 pm,01/06/2026,20.9,77,,,,,,,,,,,,,,,,,,,,,,,,,,,,,,,,,,,,,,,,,,,,,,,,
277,,9,,277,HABU HEIGHT,5:38 pm,01/06/2026,20.9,77,,,,,,,,,,,,,,,,,,,,,,,,,,,,,,,,,,,,,,,,,,,,,,,,
278,,9,,278,HABU HEIGHT,5:38 pm,01/06/2026,20.9,77,,,,,,,,,,,,,,,,,,,,,,,,,,,,,,,,,,,,,,,,,,,,,,,,
278,,9,,278,HABU HEIGHT,5:38 pm,01/06/2026,20.9,77,,,,,,,,,,,,,,,,,,,,,,,,,,,,,,,,,,,,,,,,,,,,,,,,
279,,9,,279,HABU HEIGHT,5:38 pm,01/06/2026,20.9,77,,,,,,,,,,,,,,,,,,,,,,,,,,,,,,,,,,,,,,,,,,,,,,,,
279,,9,,279,HABU HEIGHT,5:38 pm,01/06/2026,20.9,77,,,,,,,,,,,,,,,,,,,,,,,,,,,,,,,,,,,,,,,,,,,,,,,,
280,,9,,280,HABU HEIGHT,5:38 pm,01/06/2026,20.9,77,,,,,,,,,,,,,,,,,,,,,,,,,,,,,,,,,,,,,,,,,,,,,,,,
280,,9,,280,HABU HEIGHT,5:38 pm,01/06/2026,20.9,77,,,,,,,,,,,,,,,,,,,,,,,,,,,,,,,,,,,,,,,,,,,,,,,,
281,,9,,281,HABU HEIGHT,5:38 pm,01/06/2026,20.9,77,,,,,,,,,,,,,,,,,,,,,,,,,,,,,,,,,,,,,,,,,,,,,,,,
281,,9,,281,HABU HEIGHT,5:38 pm,01/06/2026,20.9,77,,,,,,,,,,,,,,,,,,,,,,,,,,,,,,,,,,,,,,,,,,,,,,,,
282,,9,,282,HABU HEIGHT,5:38 pm,01/06/2026,20.9,77,,,,,,,,,,,,,,,,,,,,,,,,,,,,,,,,,,,,,,,,,,,,,,,,
282,,9,,282,HABU HEIGHT,5:38 pm,01/06/2026,20.9,77,,,,,,,,,,,,,,,,,,,,,,,,,,,,,,,,,,,,,,,,,,,,,,,,
283,,9,,283,HABU HEIGHT,5:38 pm,01/06/2026,20.9,77,,,,,,,,,,,,,,,,,,,,,,,,,,,,,,,,,,,,,,,,,,,,,,,,
283,,9,,283,HABU HEIGHT,5:38 pm,01/06/2026,20.9,77,,,,,,,,,,,,,,,,,,,,,,,,,,,,,,,,,,,,,,,,,,,,,,,,
284,,9,,284,HABU HEIGHT,5:38 pm,01/06/2026,20.9,77,,,,,,,,,,,,,,,,,,,,,,,,,,,,,,,,,,,,,,,,,,,,,,,,
284,,9,,284,HABU HEIGHT,5:38 pm,01/06/2026,20.9,77,,,,,,,,,,,,,,,,,,,,,,,,,,,,,,,,,,,,,,,,,,,,,,,,
285,,9,,285,HABU HEIGHT,5:38 pm,01/06/2026,20.9,77,,,,,,,,,,,,,,,,,,,,,,,,,,,,,,,,,,,,,,,,,,,,,,,,
285,,9,,285,HABU HEIGHT,5:38 pm,01/06/2026,20.9,77,,,,,,,,,,,,,,,,,,,,,,,,,,,,,,,,,,,,,,,,,,,,,,,,
286,,9,,286,HABU HEIGHT,5:38 pm,01/06/2026,20.9,77,,,,,,,,,,,,,,,,,,,,,,,,,,,,,,,,,,,,,,,,,,,,,,,,
286,,9,,286,HABU HEIGHT,5:38 pm,01/06/2026,20.9,77,,,,,,,,,,,,,,,,,,,,,,,,,,,,,,,,,,,,,,,,,,,,,,,,
287,,9,,287,HABU HEIGHT,5:38 pm,01/06/2026,20.9,77,,,,,,,,,,,,,,,,,,,,,,,,,,,,,,,,,,,,,,,,,,,,,,,,
287,,9,,287,HABU HEIGHT,5:38 pm,01/06/2026,20.9,77,,,,,,,,,,,,,,,,,,,,,,,,,,,,,,,,,,,,,,,,,,,,,,,,
288,,9,,288,HABU HEIGHT,5:38 pm,01/06/2026,20.9,77,,,,,,,,,,,,,,,,,,,,,,,,,,,,,,,,,,,,,,,,,,,,,,,,
288,,9,,288,HABU HEIGHT,5:38 pm,01/06/2026,20.9,77,,,,,,,,,,,,,,,,,,,,,,,,,,,,,,,,,,,,,,,,,,,,,,,,
289,,9,,289,HABU HEIGHT,5:38 pm,01/06/2026,20.9,77,,,,,,,,,,,,,,,,,,,,,,,,,,,,,,,,,,,,,,,,,,,,,,,,
289,,9,,289,HABU HEIGHT,5:38 pm,01/06/2026,20.9,77,,,,,,,,,,,,,,,,,,,,,,,,,,,,,,,,,,,,,,,,,,,,,,,,
290,,9,,290,HABU HEIGHT,5:38 pm,01/06/2026,20.9,77,,,,,,,,,,,,,,,,,,,,,,,,,,,,,,,,,,,,,,,,,,,,,,,,
290,,9,,290,HABU HEIGHT,5:38 pm,01/06/2026,20.9,77,,,,,,,,,,,,,,,,,,,,,,,,,,,,,,,,,,,,,,,,,,,,,,,,
291,,9,,291,HABU HEIGHT,5:38 pm,01/06/2026,20.9,77,,,,,,,,,,,,,,,,,,,,,,,,,,,,,,,,,,,,,,,,,,,,,,,,
291,,9,,291,HABU HEIGHT,5:38 pm,01/06/2026,20.9,77,,,,,,,,,,,,,,,,,,,,,,,,,,,,,,,,,,,,,,,,,,,,,,,,
292,,9,,292,HABU HEIGHT,5:38 pm,01/06/2026,20.9,77,,,,,,,,,,,,,,,,,,,,,,,,,,,,,,,,,,,,,,,,,,,,,,,,
292,,9,,292,HABU HEIGHT,5:38 pm,01/06/2026,20.9,77,,,,,,,,,,,,,,,,,,,,,,,,,,,,,,,,,,,,,,,,,,,,,,,,
293,,9,,293,HABU HEIGHT,5:38 pm,01/06/2026,20.9,77,,,,,,,,,,,,,,,,,,,,,,,,,,,,,,,,,,,,,,,,,,,,,,,,
293,,9,,293,HABU HEIGHT,5:38 pm,01/06/2026,20.9,77,,,,,,,,,,,,,,,,,,,,,,,,,,,,,,,,,,,,,,,,,,,,,,,,
294,,9,,294,HABU HEIGHT,5:38 pm,01/06/2026,20.9,77,,,,,,,,,,,,,,,,,,,,,,,,,,,,,,,,,,,,,,,,,,,,,,,,
294,,9,,294,HABU HEIGHT,5:38 pm,01/06/2026,20.9,77,,,,,,,,,,,,,,,,,,,,,,,,,,,,,,,,,,,,,,,,,,,,,,,,
295,,9,,295,HABU HEIGHT,5:38 pm,01/06/2026,20.9,77,,,,,,,,,,,,,,,,,,,,,,,,,,,,,,,,,,,,,,,,,,,,,,,,
295,,9,,295,HABU HEIGHT,5:38 pm,01/06/2026,20.9,77,,,,,,,,,,,,,,,,,,,,,,,,,,,,,,,,,,,,,,,,,,,,,,,,
296,,9,,296,HABU HEIGHT,5:38 pm,01/06/2026,20.9,77,,,,,,,,,,,,,,,,,,,,,,,,,,,,,,,,,,,,,,,,,,,,,,,,
296,,9,,296,HABU HEIGHT,5:38 pm,01/06/2026,20.9,77,,,,,,,,,,,,,,,,,,,,,,,,,,,,,,,,,,,,,,,,,,,,,,,,
297,,9,,297,HABU HEIGHT,5:38 pm,01/06/2026,20.9,77,,,,,,,,,,,,,,,,,,,,,,,,,,,,,,,,,,,,,,,,,,,,,,,,
297,,9,,297,HABU HEIGHT,5:38 pm,01/06/2026,20.9,77,,,,,,,,,,,,,,,,,,,,,,,,,,,,,,,,,,,,,,,,,,,,,,,,
298,,9,,298,HABU HEIGHT,5:38 pm,01/06/2026,20.9,77,,,,,,,,,,,,,,,,,,,,,,,,,,,,,,,,,,,,,,,,,,,,,,,,
298,,9,,298,HABU HEIGHT,5:38 pm,01/06/2026,20.9,77,,,,,,,,,,,,,,,,,,,,,,,,,,,,,,,,,,,,,,,,,,,,,,,,
299,,9,,299,HABU HEIGHT,5:38 pm,01/06/2026,20.9,77,,,,,,,,,,,,,,,,,,,,,,,,,,,,,,,,,,,,,,,,,,,,,,,,
299,,9,,299,HABU HEIGHT,5:38 pm,01/06/2026,20.9,77,,,,,,,,,,,,,,,,,,,,,,,,,,,,,,,,,,,,,,,,,,,,,,,,
300,,9,,300,HABU HEIGHT,5:38 pm,01/06/2026,20.9,77,,,,,,,,,,,,,,,,,,,,,,,,,,,,,,,,,,,,,,,,,,,,,,,,
300,,9,,300,HABU HEIGHT,5:38 pm,01/06/2026,20.9,77,,,,,,,,,,,,,,,,,,,,,,,,,,,,,,,,,,,,,,,,,,,,,,,,
301,,9,,301,HABU HEIGHT,5:38 pm,01/06/2026,20.9,77,,,,,,,,,,,,,,,,,,,,,,,,,,,,,,,,,,,,,,,,,,,,,,,,
301,,9,,301,HABU HEIGHT,5:38 pm,01/06/2026,20.9,77,,,,,,,,,,,,,,,,,,,,,,,,,,,,,,,,,,,,,,,,,,,,,,,,
302,,9,,302,HABU HEIGHT,5:38 pm,01/06/2026,20.9,77,,,,,,,,,,,,,,,,,,,,,,,,,,,,,,,,,,,,,,,,,,,,,,,,
302,,9,,302,HABU HEIGHT,5:38 pm,01/06/2026,20.9,77,,,,,,,,,,,,,,,,,,,,,,,,,,,,,,,,,,,,,,,,,,,,,,,,
303,,9,,303,HABU HEIGHT,5:38 pm,01/06/2026,20.9,77,,,,,,,,,,,,,,,,,,,,,,,,,,,,,,,,,,,,,,,,,,,,,,,,
303,,9,,303,HABU HEIGHT,5:38 pm,01/06/2026,20.9,77,,,,,,,,,,,,,,,,,,,,,,,,,,,,,,,,,,,,,,,,,,,,,,,,
304,,9,,304,HABU HEIGHT,5:38 pm,01/06/2026,20.9,77,,,,,,,,,,,,,,,,,,,,,,,,,,,,,,,,,,,,,,,,,,,,,,,,
304,,9,,304,HABU HEIGHT,5:38 pm,01/06/2026,20.9,77,,,,,,,,,,,,,,,,,,,,,,,,,,,,,,,,,,,,,,,,,,,,,,,,
305,,10,,305,HABU HEIGHT,5:38 pm,01/06/2026,20.9,77,,,,,,,,,,,,,,,,,,,,,,,,,,,,,,,,,,,,,,,,,,,,,,,,
305,,10,,305,HABU HEIGHT,5:38 pm,01/06/2026,20.9,77,,,,,,,,,,,,,,,,,,,,,,,,,,,,,,,,,,,,,,,,,,,,,,,,
306,,10,,306,HABU HEIGHT,5:38 pm,01/06/2026,20.9,77,,,,,,,,,,,,,,,,,,,,,,,,,,,,,,,,,,,,,,,,,,,,,,,,
306,,10,,306,HABU HEIGHT,5:38 pm,01/06/2026,20.9,77,,,,,,,,,,,,,,,,,,,,,,,,,,,,,,,,,,,,,,,,,,,,,,,,
307,,10,,307,HABU HEIGHT,5:38 pm,01/06/2026,20.9,77,,,,,,,,,,,,,,,,,,,,,,,,,,,,,,,,,,,,,,,,,,,,,,,,
307,,10,,307,HABU HEIGHT,5:38 pm,01/06/2026,20.9,77,,,,,,,,,,,,,,,,,,,,,,,,,,,,,,,,,,,,,,,,,,,,,,,,
308,,10,,308,HABU HEIGHT,5:38 pm,01/06/2026,20.9,77,,,,,,,,,,,,,,,,,,,,,,,,,,,,,,,,,,,,,,,,,,,,,,,,
308,,10,,308,HABU HEIGHT,5:38 pm,01/06/2026,20.9,77,,,,,,,,,,,,,,,,,,,,,,,,,,,,,,,,,,,,,,,,,,,,,,,,
309,,10,,309,HABU HEIGHT,5:38 pm,01/06/2026,20.9,77,,,,,,,,,,,,,,,,,,,,,,,,,,,,,,,,,,,,,,,,,,,,,,,,
309,,10,,309,HABU HEIGHT,5:38 pm,01/06/2026,20.9,77,,,,,,,,,,,,,,,,,,,,,,,,,,,,,,,,,,,,,,,,,,,,,,,,
310,,10,,310,HABU HEIGHT,5:38 pm,01/06/2026,20.9,77,,,,,,,,,,,,,,,,,,,,,,,,,,,,,,,,,,,,,,,,,,,,,,,,
310,,10,,310,HABU HEIGHT,5:38 pm,01/06/2026,20.9,77,,,,,,,,,,,,,,,,,,,,,,,,,,,,,,,,,,,,,,,,,,,,,,,,
311,,10,,311,HABU HEIGHT,5:38 pm,01/06/2026,20.9,77,,,,,,,,,,,,,,,,,,,,,,,,,,,,,,,,,,,,,,,,,,,,,,,,
311,,10,,311,HABU HEIGHT,5:38 pm,01/06/2026,20.9,77,,,,,,,,,,,,,,,,,,,,,,,,,,,,,,,,,,,,,,,,,,,,,,,,
312,,10,,312,HABU HEIGHT,5:38 pm,01/06/2026,20.9,77,,,,,,,,,,,,,,,,,,,,,,,,,,,,,,,,,,,,,,,,,,,,,,,,
312,,10,,312,HABU HEIGHT,5:38 pm,01/06/2026,20.9,77,,,,,,,,,,,,,,,,,,,,,,,,,,,,,,,,,,,,,,,,,,,,,,,,
313,,10,,313,HABU HEIGHT,5:38 pm,01/06/2026,20.9,77,,,,,,,,,,,,,,,,,,,,,,,,,,,,,,,,,,,,,,,,,,,,,,,,
313,,10,,313,HABU HEIGHT,5:38 pm,01/06/2026,20.9,77,,,,,,,,,,,,,,,,,,,,,,,,,,,,,,,,,,,,,,,,,,,,,,,,
314,,10,,314,HABU HEIGHT,5:38 pm,01/06/2026,20.9,77,,,,,,,,,,,,,,,,,,,,,,,,,,,,,,,,,,,,,,,,,,,,,,,,
314,,10,,314,HABU HEIGHT,5:38 pm,01/06/2026,20.9,77,,,,,,,,,,,,,,,,,,,,,,,,,,,,,,,,,,,,,,,,,,,,,,,,
315,,10,,315,HABU HEIGHT,5:38 pm,01/06/2026,20.9,77,,,,,,,,,,,,,,,,,,,,,,,,,,,,,,,,,,,,,,,,,,,,,,,,
315,,10,,315,HABU HEIGHT,5:38 pm,01/06/2026,20.9,77,,,,,,,,,,,,,,,,,,,,,,,,,,,,,,,,,,,,,,,,,,,,,,,,
316,,10,,316,HABU HEIGHT,5:38 pm,01/06/2026,20.9,77,,,,,,,,,,,,,,,,,,,,,,,,,,,,,,,,,,,,,,,,,,,,,,,,
316,,10,,316,HABU HEIGHT,5:38 pm,01/06/2026,20.9,77,,,,,,,,,,,,,,,,,,,,,,,,,,,,,,,,,,,,,,,,,,,,,,,,
317,,10,,317,HABU HEIGHT,5:38 pm,01/06/2026,20.9,77,,,,,,,,,,,,,,,,,,,,,,,,,,,,,,,,,,,,,,,,,,,,,,,,
317,,10,,317,HABU HEIGHT,5:38 pm,01/06/2026,20.9,77,,,,,,,,,,,,,,,,,,,,,,,,,,,,,,,,,,,,,,,,,,,,,,,,
318,,10,,318,HABU HEIGHT,5:38 pm,01/06/2026,20.9,77,,,,,,,,,,,,,,,,,,,,,,,,,,,,,,,,,,,,,,,,,,,,,,,,
318,,10,,318,HABU HEIGHT,5:38 pm,01/06/2026,20.9,77,,,,,,,,,,,,,,,,,,,,,,,,,,,,,,,,,,,,,,,,,,,,,,,,
319,,10,,319,HABU HEIGHT,5:38 pm,01/06/2026,20.9,77,,,,,,,,,,,,,,,,,,,,,,,,,,,,,,,,,,,,,,,,,,,,,,,,
319,,10,,319,HABU HEIGHT,5:38 pm,01/06/2026,20.9,77,,,,,,,,,,,,,,,,,,,,,,,,,,,,,,,,,,,,,,,,,,,,,,,,
320,,10,,320,HABU HEIGHT,5:38 pm,01/06/2026,20.9,77,,,,,,,,,,,,,,,,,,,,,,,,,,,,,,,,,,,,,,,,,,,,,,,,
320,,10,,320,HABU HEIGHT,5:38 pm,01/06/2026,20.9,77,,,,,,,,,,,,,,,,,,,,,,,,,,,,,,,,,,,,,,,,,,,,,,,,
321,,10,,321,HABU HEIGHT,5:38 pm,01/06/2026,20.9,77,,,,,,,,,,,,,,,,,,,,,,,,,,,,,,,,,,,,,,,,,,,,,,,,
321,,10,,321,HABU HEIGHT,5:38 pm,01/06/2026,20.9,77,,,,,,,,,,,,,,,,,,,,,,,,,,,,,,,,,,,,,,,,,,,,,,,,
322,,10,,322,HABU HEIGHT,5:38 pm,01/06/2026,20.9,77,,,,,,,,,,,,,,,,,,,,,,,,,,,,,,,,,,,,,,,,,,,,,,,,
322,,10,,322,HABU HEIGHT,5:38 pm,01/06/2026,20.9,77,,,,,,,,,,,,,,,,,,,,,,,,,,,,,,,,,,,,,,,,,,,,,,,,
323,,10,,323,HABU HEIGHT,5:38 pm,01/06/2026,20.9,77,,,,,,,,,,,,,,,,,,,,,,,,,,,,,,,,,,,,,,,,,,,,,,,,
323,,10,,323,HABU HEIGHT,5:38 pm,01/06/2026,20.9,77,,,,,,,,,,,,,,,,,,,,,,,,,,,,,,,,,,,,,,,,,,,,,,,,
324,,10,,324,HABU HEIGHT,5:38 pm,01/06/2026,20.9,77,,,,,,,,,,,,,,,,,,,,,,,,,,,,,,,,,,,,,,,,,,,,,,,,
324,,10,,324,HABU HEIGHT,5:38 pm,01/06/2026,20.9,77,,,,,,,,,,,,,,,,,,,,,,,,,,,,,,,,,,,,,,,,,,,,,,,,
325,,10,,325,HABU HEIGHT,5:38 pm,01/06/2026,20.9,77,,,,,,,,,,,,,,,,,,,,,,,,,,,,,,,,,,,,,,,,,,,,,,,,
325,,10,,325,HABU HEIGHT,5:38 pm,01/06/2026,20.9,77,,,,,,,,,,,,,,,,,,,,,,,,,,,,,,,,,,,,,,,,,,,,,,,,
326,,10,,326,HABU HEIGHT,5:38 pm,01/06/2026,20.9,77,,,,,,,,,,,,,,,,,,,,,,,,,,,,,,,,,,,,,,,,,,,,,,,,
326,,10,,326,HABU HEIGHT,5:38 pm,01/06/2026,20.9,77,,,,,,,,,,,,,,,,,,,,,,,,,,,,,,,,,,,,,,,,,,,,,,,,
327,,10,,327,HABU HEIGHT,5:38 pm,01/06/2026,20.9,77,,,,,,,,,,,,,,,,,,,,,,,,,,,,,,,,,,,,,,,,,,,,,,,,
327,,10,,327,HABU HEIGHT,5:38 pm,01/06/2026,20.9,77,,,,,,,,,,,,,,,,,,,,,,,,,,,,,,,,,,,,,,,,,,,,,,,,
328,,10,,328,HABU HEIGHT,5:38 pm,01/06/2026,20.9,77,,,,,,,,,,,,,,,,,,,,,,,,,,,,,,,,,,,,,,,,,,,,,,,,
328,,10,,328,HABU HEIGHT,5:38 pm,01/06/2026,20.9,77,,,,,,,,,,,,,,,,,,,,,,,,,,,,,,,,,,,,,,,,,,,,,,,,
329,,10,,329,HABU HEIGHT,5:38 pm,01/06/2026,20.9,77,,,,,,,,,,,,,,,,,,,,,,,,,,,,,,,,,,,,,,,,,,,,,,,,
329,,10,,329,HABU HEIGHT,5:38 pm,01/06/2026,20.9,77,,,,,,,,,,,,,,,,,,,,,,,,,,,,,,,,,,,,,,,,,,,,,,,,
330,,10,,330,HABU HEIGHT,5:38 pm,01/06/2026,20.9,77,,,,,,,,,,,,,,,,,,,,,,,,,,,,,,,,,,,,,,,,,,,,,,,,
330,,10,,330,HABU HEIGHT,5:38 pm,01/06/2026,20.9,77,,,,,,,,,,,,,,,,,,,,,,,,,,,,,,,,,,,,,,,,,,,,,,,,
331,,10,,331,HABU HEIGHT,5:38 pm,01/06/2026,20.9,77,,,,,,,,,,,,,,,,,,,,,,,,,,,,,,,,,,,,,,,,,,,,,,,,
331,,10,,331,HABU HEIGHT,5:38 pm,01/06/2026,20.9,77,,,,,,,,,,,,,,,,,,,,,,,,,,,,,,,,,,,,,,,,,,,,,,,,
332,,10,,332,HABU HEIGHT,5:38 pm,01/06/2026,20.9,77,,,,,,,,,,,,,,,,,,,,,,,,,,,,,,,,,,,,,,,,,,,,,,,,
332,,10,,332,HABU HEIGHT,5:38 pm,01/06/2026,20.9,77,,,,,,,,,,,,,,,,,,,,,,,,,,,,,,,,,,,,,,,,,,,,,,,,
333,,10,,333,HABU HEIGHT,5:38 pm,01/06/2026,20.9,77,,,,,,,,,,,,,,,,,,,,,,,,,,,,,,,,,,,,,,,,,,,,,,,,
333,,10,,333,HABU HEIGHT,5:38 pm,01/06/2026,20.9,77,,,,,,,,,,,,,,,,,,,,,,,,,,,,,,,,,,,,,,,,,,,,,,,,
334,,10,,334,HABU HEIGHT,5:38 pm,01/06/2026,20.9,77,,,,,,,,,,,,,,,,,,,,,,,,,,,,,,,,,,,,,,,,,,,,,,,,
334,,10,,334,HABU HEIGHT,5:38 pm,01/06/2026,20.9,77,,,,,,,,,,,,,,,,,,,,,,,,,,,,,,,,,,,,,,,,,,,,,,,,
335,,10,,335,HABU HEIGHT,5:38 pm,01/06/2026,20.9,77,,,,,,,,,,,,,,,,,,,,,,,,,,,,,,,,,,,,,,,,,,,,,,,,
335,,10,,335,HABU HEIGHT,5:38 pm,01/06/2026,20.9,77,,,,,,,,,,,,,,,,,,,,,,,,,,,,,,,,,,,,,,,,,,,,,,,,
336,,10,,336,HABU HEIGHT,5:38 pm,01/06/2026,20.9,77,,,,,,,,,,,,,,,,,,,,,,,,,,,,,,,,,,,,,,,,,,,,,,,,
336,,10,,336,HABU HEIGHT,5:38 pm,01/06/2026,20.9,77,,,,,,,,,,,,,,,,,,,,,,,,,,,,,,,,,,,,,,,,,,,,,,,,
337,,10,,337,HABU HEIGHT,5:38 pm,01/06/2026,20.9,77,,,,,,,,,,,,,,,,,,,,,,,,,,,,,,,,,,,,,,,,,,,,,,,,
337,,10,,337,HABU HEIGHT,5:38 pm,01/06/2026,20.9,77,,,,,,,,,,,,,,,,,,,,,,,,,,,,,,,,,,,,,,,,,,,,,,,,
338,,10,,338,HABU HEIGHT,5:38 pm,01/06/2026,20.9,77,,,,,,,,,,,,,,,,,,,,,,,,,,,,,,,,,,,,,,,,,,,,,,,,
338,,10,,338,HABU HEIGHT,5:38 pm,01/06/2026,20.9,77,,,,,,,,,,,,,,,,,,,,,,,,,,,,,,,,,,,,,,,,,,,,,,,,
339,,10,,339,HABU HEIGHT,5:38 pm,01/06/2026,20.9,77,,,,,,,,,,,,,,,,,,,,,,,,,,,,,,,,,,,,,,,,,,,,,,,,
339,,10,,339,HABU HEIGHT,5:38 pm,01/06/2026,20.9,77,,,,,,,,,,,,,,,,,,,,,,,,,,,,,,,,,,,,,,,,,,,,,,,,
340,,10,,340,HABU HEIGHT,5:38 pm,01/06/2026,20.9,77,,,,,,,,,,,,,,,,,,,,,,,,,,,,,,,,,,,,,,,,,,,,,,,,
340,,10,,340,HABU HEIGHT,5:38 pm,01/06/2026,20.9,77,,,,,,,,,,,,,,,,,,,,,,,,,,,,,,,,,,,,,,,,,,,,,,,,
341,,10,,341,HABU HEIGHT,5:38 pm,01/06/2026,20.9,77,,,,,,,,,,,,,,,,,,,,,,,,,,,,,,,,,,,,,,,,,,,,,,,,
341,,10,,341,HABU HEIGHT,5:38 pm,01/06/2026,20.9,77,,,,,,,,,,,,,,,,,,,,,,,,,,,,,,,,,,,,,,,,,,,,,,,,
342,,10,,342,HABU HEIGHT,5:38 pm,01/06/2026,20.9,77,,,,,,,,,,,,,,,,,,,,,,,,,,,,,,,,,,,,,,,,,,,,,,,,
342,,10,,342,HABU HEIGHT,5:38 pm,01/06/2026,20.9,77,,,,,,,,,,,,,,,,,,,,,,,,,,,,,,,,,,,,,,,,,,,,,,,,
343,,10,,343,HABU HEIGHT,5:38 pm,01/06/2026,20.9,77,,,,,,,,,,,,,,,,,,,,,,,,,,,,,,,,,,,,,,,,,,,,,,,,
343,,10,,343,HABU HEIGHT,5:38 pm,01/06/2026,20.9,77,,,,,,,,,,,,,,,,,,,,,,,,,,,,,,,,,,,,,,,,,,,,,,,,
344,,10,,344,HABU HEIGHT,5:38 pm,01/06/2026,20.9,77,,,,,,,,,,,,,,,,,,,,,,,,,,,,,,,,,,,,,,,,,,,,,,,,
344,,10,,344,HABU HEIGHT,5:38 pm,01/06/2026,20.9,77,,,,,,,,,,,,,,,,,,,,,,,,,,,,,,,,,,,,,,,,,,,,,,,,
345,,11,,345,HABU HEIGHT,5:38 pm,01/06/2026,20.9,77,,,,,,,,,,,,,,,,,,,,,,,,,,,,,,,,,,,,,,,,,,,,,,,,
345,,11,,345,HABU HEIGHT,5:38 pm,01/06/2026,20.9,77,,,,,,,,,,,,,,,,,,,,,,,,,,,,,,,,,,,,,,,,,,,,,,,,
346,,11,,346,HABU HEIGHT,5:38 pm,01/06/2026,20.9,77,,,,,,,,,,,,,,,,,,,,,,,,,,,,,,,,,,,,,,,,,,,,,,,,
346,,11,,346,HABU HEIGHT,5:38 pm,01/06/2026,20.9,77,,,,,,,,,,,,,,,,,,,,,,,,,,,,,,,,,,,,,,,,,,,,,,,,
347,,11,,347,HABU HEIGHT,5:38 pm,01/06/2026,20.9,77,,,,,,,,,,,,,,,,,,,,,,,,,,,,,,,,,,,,,,,,,,,,,,,,
347,,11,,347,HABU HEIGHT,5:38 pm,01/06/2026,20.9,77,,,,,,,,,,,,,,,,,,,,,,,,,,,,,,,,,,,,,,,,,,,,,,,,
348,,11,,348,HABU HEIGHT,5:38 pm,01/06/2026,20.9,77,,,,,,,,,,,,,,,,,,,,,,,,,,,,,,,,,,,,,,,,,,,,,,,,
348,,11,,348,HABU HEIGHT,5:38 pm,01/06/2026,20.9,77,,,,,,,,,,,,,,,,,,,,,,,,,,,,,,,,,,,,,,,,,,,,,,,,
349,,11,,349,HABU HEIGHT,5:38 pm,01/06/2026,20.9,77,,,,,,,,,,,,,,,,,,,,,,,,,,,,,,,,,,,,,,,,,,,,,,,,
349,,11,,349,HABU HEIGHT,5:38 pm,01/06/2026,20.9,77,,,,,,,,,,,,,,,,,,,,,,,,,,,,,,,,,,,,,,,,,,,,,,,,
350,,11,,350,HABU HEIGHT,5:38 pm,01/06/2026,20.9,77,,,,,,,,,,,,,,,,,,,,,,,,,,,,,,,,,,,,,,,,,,,,,,,,
350,,11,,350,HABU HEIGHT,5:38 pm,01/06/2026,20.9,77,,,,,,,,,,,,,,,,,,,,,,,,,,,,,,,,,,,,,,,,,,,,,,,,
351,,11,,351,HABU HEIGHT,5:38 pm,01/06/2026,20.9,77,,,,,,,,,,,,,,,,,,,,,,,,,,,,,,,,,,,,,,,,,,,,,,,,
351,,11,,351,HABU HEIGHT,5:38 pm,01/06/2026,20.9,77,,,,,,,,,,,,,,,,,,,,,,,,,,,,,,,,,,,,,,,,,,,,,,,,
352,,11,,352,HABU HEIGHT,5:38 pm,01/06/2026,20.9,77,,,,,,,,,,,,,,,,,,,,,,,,,,,,,,,,,,,,,,,,,,,,,,,,
352,,11,,352,HABU HEIGHT,5:38 pm,01/06/2026,20.9,77,,,,,,,,,,,,,,,,,,,,,,,,,,,,,,,,,,,,,,,,,,,,,,,,
353,,11,,353,HABU HEIGHT,5:38 pm,01/06/2026,20.9,77,,,,,,,,,,,,,,,,,,,,,,,,,,,,,,,,,,,,,,,,,,,,,,,,
353,,11,,353,HABU HEIGHT,5:38 pm,01/06/2026,20.9,77,,,,,,,,,,,,,,,,,,,,,,,,,,,,,,,,,,,,,,,,,,,,,,,,
354,,11,,354,HABU HEIGHT,5:38 pm,01/06/2026,20.9,77,,,,,,,,,,,,,,,,,,,,,,,,,,,,,,,,,,,,,,,,,,,,,,,,
354,,11,,354,HABU HEIGHT,5:38 pm,01/06/2026,20.9,77,,,,,,,,,,,,,,,,,,,,,,,,,,,,,,,,,,,,,,,,,,,,,,,,
355,,11,,355,HABU HEIGHT,5:38 pm,01/06/2026,20.9,77,,,,,,,,,,,,,,,,,,,,,,,,,,,,,,,,,,,,,,,,,,,,,,,,
355,,11,,355,HABU HEIGHT,5:38 pm,01/06/2026,20.9,77,,,,,,,,,,,,,,,,,,,,,,,,,,,,,,,,,,,,,,,,,,,,,,,,
356,,11,,356,HABU HEIGHT,5:38 pm,01/06/2026,20.9,77,,,,,,,,,,,,,,,,,,,,,,,,,,,,,,,,,,,,,,,,,,,,,,,,
356,,11,,356,HABU HEIGHT,5:38 pm,01/06/2026,20.9,77,,,,,,,,,,,,,,,,,,,,,,,,,,,,,,,,,,,,,,,,,,,,,,,,
357,,11,,357,HABU HEIGHT,5:38 pm,01/06/2026,20.9,77,,,,,,,,,,,,,,,,,,,,,,,,,,,,,,,,,,,,,,,,,,,,,,,,
357,,11,,357,HABU HEIGHT,5:38 pm,01/06/2026,20.9,77,,,,,,,,,,,,,,,,,,,,,,,,,,,,,,,,,,,,,,,,,,,,,,,,
358,,11,,358,HABU HEIGHT,5:38 pm,01/06/2026,20.9,77,,,,,,,,,,,,,,,,,,,,,,,,,,,,,,,,,,,,,,,,,,,,,,,,
358,,11,,358,HABU HEIGHT,5:38 pm,01/06/2026,20.9,77,,,,,,,,,,,,,,,,,,,,,,,,,,,,,,,,,,,,,,,,,,,,,,,,
359,,11,,359,HABU HEIGHT,5:38 pm,01/06/2026,20.9,77,,,,,,,,,,,,,,,,,,,,,,,,,,,,,,,,,,,,,,,,,,,,,,,,
359,,11,,359,HABU HEIGHT,5:38 pm,01/06/2026,20.9,77,,,,,,,,,,,,,,,,,,,,,,,,,,,,,,,,,,,,,,,,,,,,,,,,
360,,11,,360,HABU HEIGHT,5:38 pm,01/06/2026,20.9,77,,,,,,,,,,,,,,,,,,,,,,,,,,,,,,,,,,,,,,,,,,,,,,,,
360,,11,,360,HABU HEIGHT,5:38 pm,01/06/2026,20.9,77,,,,,,,,,,,,,,,,,,,,,,,,,,,,,,,,,,,,,,,,,,,,,,,,
361,,11,,361,HABU HEIGHT,5:38 pm,01/06/2026,20.9,77,,,,,,,,,,,,,,,,,,,,,,,,,,,,,,,,,,,,,,,,,,,,,,,,
361,,11,,361,HABU HEIGHT,5:38 pm,01/06/2026,20.9,77,,,,,,,,,,,,,,,,,,,,,,,,,,,,,,,,,,,,,,,,,,,,,,,,
362,,11,,362,HABU HEIGHT,5:38 pm,01/06/2026,20.9,77,,,,,,,,,,,,,,,,,,,,,,,,,,,,,,,,,,,,,,,,,,,,,,,,
362,,11,,362,HABU HEIGHT,5:38 pm,01/06/2026,20.9,77,,,,,,,,,,,,,,,,,,,,,,,,,,,,,,,,,,,,,,,,,,,,,,,,
363,,11,,363,HABU HEIGHT,5:38 pm,01/06/2026,20.9,77,,,,,,,,,,,,,,,,,,,,,,,,,,,,,,,,,,,,,,,,,,,,,,,,
363,,11,,363,HABU HEIGHT,5:38 pm,01/06/2026,20.9,77,,,,,,,,,,,,,,,,,,,,,,,,,,,,,,,,,,,,,,,,,,,,,,,,
364,,11,,364,HABU HEIGHT,5:38 pm,01/06/2026,20.9,77,,,,,,,,,,,,,,,,,,,,,,,,,,,,,,,,,,,,,,,,,,,,,,,,
364,,11,,364,HABU HEIGHT,5:38 pm,01/06/2026,20.9,77,,,,,,,,,,,,,,,,,,,,,,,,,,,,,,,,,,,,,,,,,,,,,,,,
365,,11,,365,HABU HEIGHT,5:38 pm,01/06/2026,20.9,77,,,,,,,,,,,,,,,,,,,,,,,,,,,,,,,,,,,,,,,,,,,,,,,,
365,,11,,365,HABU HEIGHT,5:38 pm,01/06/2026,20.9,77,,,,,,,,,,,,,,,,,,,,,,,,,,,,,,,,,,,,,,,,,,,,,,,,
366,,11,,366,HABU HEIGHT,5:38 pm,01/06/2026,20.9,77,,,,,,,,,,,,,,,,,,,,,,,,,,,,,,,,,,,,,,,,,,,,,,,,
366,,11,,366,HABU HEIGHT,5:38 pm,01/06/2026,20.9,77,,,,,,,,,,,,,,,,,,,,,,,,,,,,,,,,,,,,,,,,,,,,,,,,
367,,11,,367,HABU HEIGHT,5:38 pm,01/06/2026,20.9,77,,,,,,,,,,,,,,,,,,,,,,,,,,,,,,,,,,,,,,,,,,,,,,,,
367,,11,,367,HABU HEIGHT,5:38 pm,01/06/2026,20.9,77,,,,,,,,,,,,,,,,,,,,,,,,,,,,,,,,,,,,,,,,,,,,,,,,
368,,11,,368,HABU HEIGHT,5:38 pm,01/06/2026,20.9,77,,,,,,,,,,,,,,,,,,,,,,,,,,,,,,,,,,,,,,,,,,,,,,,,
368,,11,,368,HABU HEIGHT,5:38 pm,01/06/2026,20.9,77,,,,,,,,,,,,,,,,,,,,,,,,,,,,,,,,,,,,,,,,,,,,,,,,
369,,11,,369,HABU HEIGHT,5:38 pm,01/06/2026,20.9,77,,,,,,,,,,,,,,,,,,,,,,,,,,,,,,,,,,,,,,,,,,,,,,,,
369,,11,,369,HABU HEIGHT,5:38 pm,01/06/2026,20.9,77,,,,,,,,,,,,,,,,,,,,,,,,,,,,,,,,,,,,,,,,,,,,,,,,
370,,11,,370,HABU HEIGHT,5:38 pm,01/06/2026,20.9,77,,,,,,,,,,,,,,,,,,,,,,,,,,,,,,,,,,,,,,,,,,,,,,,,
370,,11,,370,HABU HEIGHT,5:38 pm,01/06/2026,20.9,77,,,,,,,,,,,,,,,,,,,,,,,,,,,,,,,,,,,,,,,,,,,,,,,,
371,,11,,371,HABU HEIGHT,5:38 pm,01/06/2026,20.9,77,,,,,,,,,,,,,,,,,,,,,,,,,,,,,,,,,,,,,,,,,,,,,,,,
371,,11,,371,HABU HEIGHT,5:38 pm,01/06/2026,20.9,77,,,,,,,,,,,,,,,,,,,,,,,,,,,,,,,,,,,,,,,,,,,,,,,,
372,,11,,372,HABU HEIGHT,5:38 pm,01/06/2026,20.9,77,,,,,,,,,,,,,,,,,,,,,,,,,,,,,,,,,,,,,,,,,,,,,,,,
372,,11,,372,HABU HEIGHT,5:38 pm,01/06/2026,20.9,77,,,,,,,,,,,,,,,,,,,,,,,,,,,,,,,,,,,,,,,,,,,,,,,,
373,,11,,373,HABU HEIGHT,5:38 pm,01/06/2026,20.9,77,,,,,,,,,,,,,,,,,,,,,,,,,,,,,,,,,,,,,,,,,,,,,,,,
373,,11,,373,HABU HEIGHT,5:38 pm,01/06/2026,20.9,77,,,,,,,,,,,,,,,,,,,,,,,,,,,,,,,,,,,,,,,,,,,,,,,,
374,,11,,374,HABU HEIGHT,5:38 pm,01/06/2026,20.9,77,,,,,,,,,,,,,,,,,,,,,,,,,,,,,,,,,,,,,,,,,,,,,,,,
374,,11,,374,HABU HEIGHT,5:38 pm,01/06/2026,20.9,77,,,,,,,,,,,,,,,,,,,,,,,,,,,,,,,,,,,,,,,,,,,,,,,,
375,,11,,375,HABU HEIGHT,5:38 pm,01/06/2026,20.9,77,,,,,,,,,,,,,,,,,,,,,,,,,,,,,,,,,,,,,,,,,,,,,,,,
375,,11,,375,HABU HEIGHT,5:38 pm,01/06/2026,20.9,77,,,,,,,,,,,,,,,,,,,,,,,,,,,,,,,,,,,,,,,,,,,,,,,,
376,,11,,376,HABU HEIGHT,5:38 pm,01/06/2026,20.9,77,,,,,,,,,,,,,,,,,,,,,,,,,,,,,,,,,,,,,,,,,,,,,,,,
376,,11,,376,HABU HEIGHT,5:38 pm,01/06/2026,20.9,77,,,,,,,,,,,,,,,,,,,,,,,,,,,,,,,,,,,,,,,,,,,,,,,,
377,,11,,377,HABU HEIGHT,5:38 pm,01/06/2026,20.9,77,,,,,,,,,,,,,,,,,,,,,,,,,,,,,,,,,,,,,,,,,,,,,,,,
377,,11,,377,HABU HEIGHT,5:38 pm,01/06/2026,20.9,77,,,,,,,,,,,,,,,,,,,,,,,,,,,,,,,,,,,,,,,,,,,,,,,,
378,,11,,378,HABU HEIGHT,5:38 pm,01/06/2026,20.9,77,,,,,,,,,,,,,,,,,,,,,,,,,,,,,,,,,,,,,,,,,,,,,,,,
378,,11,,378,HABU HEIGHT,5:38 pm,01/06/2026,20.9,77,,,,,,,,,,,,,,,,,,,,,,,,,,,,,,,,,,,,,,,,,,,,,,,,
379,,11,,379,HABU HEIGHT,5:38 pm,01/06/2026,20.9,77,,,,,,,,,,,,,,,,,,,,,,,,,,,,,,,,,,,,,,,,,,,,,,,,
379,,11,,379,HABU HEIGHT,5:38 pm,01/06/2026,20.9,77,,,,,,,,,,,,,,,,,,,,,,,,,,,,,,,,,,,,,,,,,,,,,,,,
380,,11,,380,HABU HEIGHT,5:38 pm,01/06/2026,20.9,77,,,,,,,,,,,,,,,,,,,,,,,,,,,,,,,,,,,,,,,,,,,,,,,,
380,,11,,380,HABU HEIGHT,5:38 pm,01/06/2026,20.9,77,,,,,,,,,,,,,,,,,,,,,,,,,,,,,,,,,,,,,,,,,,,,,,,,
381,,11,,381,HABU HEIGHT,5:38 pm,01/06/2026,20.9,77,,,,,,,,,,,,,,,,,,,,,,,,,,,,,,,,,,,,,,,,,,,,,,,,
381,,11,,381,HABU HEIGHT,5:38 pm,01/06/2026,20.9,77,,,,,,,,,,,,,,,,,,,,,,,,,,,,,,,,,,,,,,,,,,,,,,,,
382,,11,,382,HABU HEIGHT,5:38 pm,01/06/2026,20.9,77,,,,,,,,,,,,,,,,,,,,,,,,,,,,,,,,,,,,,,,,,,,,,,,,
382,,11,,382,HABU HEIGHT,5:38 pm,01/06/2026,20.9,77,,,,,,,,,,,,,,,,,,,,,,,,,,,,,,,,,,,,,,,,,,,,,,,,
383,,11,,383,HABU HEIGHT,5:38 pm,01/06/2026,20.9,77,,,,,,,,,,,,,,,,,,,,,,,,,,,,,,,,,,,,,,,,,,,,,,,,
383,,11,,383,HABU HEIGHT,5:38 pm,01/06/2026,20.9,77,,,,,,,,,,,,,,,,,,,,,,,,,,,,,,,,,,,,,,,,,,,,,,,,
384,,11,,384,HABU HEIGHT,5:38 pm,01/06/2026,20.9,77,,,,,,,,,,,,,,,,,,,,,,,,,,,,,,,,,,,,,,,,,,,,,,,,
384,,11,,384,HABU HEIGHT,5:38 pm,01/06/2026,20.9,77,,,,,,,,,,,,,,,,,,,,,,,,,,,,,,,,,,,,,,,,,,,,,,,,
385,,12,,385,HABU HEIGHT,5:38 pm,01/06/2026,20.9,77,,,,,,,,,,,,,,,,,,,,,,,,,,,,,,,,,,,,,,,,,,,,,,,,
385,,12,,385,HABU HEIGHT,5:38 pm,01/06/2026,20.9,77,,,,,,,,,,,,,,,,,,,,,,,,,,,,,,,,,,,,,,,,,,,,,,,,
386,,12,,386,HABU HEIGHT,5:38 pm,01/06/2026,20.9,77,,,,,,,,,,,,,,,,,,,,,,,,,,,,,,,,,,,,,,,,,,,,,,,,
386,,12,,386,HABU HEIGHT,5:38 pm,01/06/2026,20.9,77,,,,,,,,,,,,,,,,,,,,,,,,,,,,,,,,,,,,,,,,,,,,,,,,
387,,12,,387,HABU HEIGHT,5:38 pm,01/06/2026,20.9,77,,,,,,,,,,,,,,,,,,,,,,,,,,,,,,,,,,,,,,,,,,,,,,,,
387,,12,,387,HABU HEIGHT,5:38 pm,01/06/2026,20.9,77,,,,,,,,,,,,,,,,,,,,,,,,,,,,,,,,,,,,,,,,,,,,,,,,
388,,12,,388,HABU HEIGHT,5:38 pm,01/06/2026,20.9,77,,,,,,,,,,,,,,,,,,,,,,,,,,,,,,,,,,,,,,,,,,,,,,,,
388,,12,,388,HABU HEIGHT,5:38 pm,01/06/2026,20.9,77,,,,,,,,,,,,,,,,,,,,,,,,,,,,,,,,,,,,,,,,,,,,,,,,
389,,12,,389,HABU HEIGHT,5:38 pm,01/06/2026,20.9,77,,,,,,,,,,,,,,,,,,,,,,,,,,,,,,,,,,,,,,,,,,,,,,,,
389,,12,,389,HABU HEIGHT,5:38 pm,01/06/2026,20.9,77,,,,,,,,,,,,,,,,,,,,,,,,,,,,,,,,,,,,,,,,,,,,,,,,
390,,12,,390,HABU HEIGHT,5:38 pm,01/06/2026,20.9,77,,,,,,,,,,,,,,,,,,,,,,,,,,,,,,,,,,,,,,,,,,,,,,,,
390,,12,,390,HABU HEIGHT,5:38 pm,01/06/2026,20.9,77,,,,,,,,,,,,,,,,,,,,,,,,,,,,,,,,,,,,,,,,,,,,,,,,
391,,12,,391,HABU HEIGHT,5:38 pm,01/06/2026,20.9,77,,,,,,,,,,,,,,,,,,,,,,,,,,,,,,,,,,,,,,,,,,,,,,,,
391,,12,,391,HABU HEIGHT,5:38 pm,01/06/2026,20.9,77,,,,,,,,,,,,,,,,,,,,,,,,,,,,,,,,,,,,,,,,,,,,,,,,
392,,12,,392,HABU HEIGHT,5:38 pm,01/06/2026,20.9,77,,,,,,,,,,,,,,,,,,,,,,,,,,,,,,,,,,,,,,,,,,,,,,,,
392,,12,,392,HABU HEIGHT,5:38 pm,01/06/2026,20.9,77,,,,,,,,,,,,,,,,,,,,,,,,,,,,,,,,,,,,,,,,,,,,,,,,
393,,12,,393,HABU HEIGHT,5:38 pm,01/06/2026,20.9,77,,,,,,,,,,,,,,,,,,,,,,,,,,,,,,,,,,,,,,,,,,,,,,,,
393,,12,,393,HABU HEIGHT,5:38 pm,01/06/2026,20.9,77,,,,,,,,,,,,,,,,,,,,,,,,,,,,,,,,,,,,,,,,,,,,,,,,
394,,12,,394,HABU HEIGHT,5:38 pm,01/06/2026,20.9,77,,,,,,,,,,,,,,,,,,,,,,,,,,,,,,,,,,,,,,,,,,,,,,,,
394,,12,,394,HABU HEIGHT,5:38 pm,01/06/2026,20.9,77,,,,,,,,,,,,,,,,,,,,,,,,,,,,,,,,,,,,,,,,,,,,,,,,
395,,12,,395,HABU HEIGHT,5:38 pm,01/06/2026,20.9,77,,,,,,,,,,,,,,,,,,,,,,,,,,,,,,,,,,,,,,,,,,,,,,,,
395,,12,,395,HABU HEIGHT,5:38 pm,01/06/2026,20.9,77,,,,,,,,,,,,,,,,,,,,,,,,,,,,,,,,,,,,,,,,,,,,,,,,
396,,12,,396,HABU HEIGHT,5:38 pm,01/06/2026,20.9,77,,,,,,,,,,,,,,,,,,,,,,,,,,,,,,,,,,,,,,,,,,,,,,,,
396,,12,,396,HABU HEIGHT,5:38 pm,01/06/2026,20.9,77,,,,,,,,,,,,,,,,,,,,,,,,,,,,,,,,,,,,,,,,,,,,,,,,
397,,12,,397,HABU HEIGHT,5:38 pm,01/06/2026,20.9,77,,,,,,,,,,,,,,,,,,,,,,,,,,,,,,,,,,,,,,,,,,,,,,,,
397,,12,,397,HABU HEIGHT,5:38 pm,01/06/2026,20.9,77,,,,,,,,,,,,,,,,,,,,,,,,,,,,,,,,,,,,,,,,,,,,,,,,
398,,12,,398,HABU HEIGHT,5:38 pm,01/06/2026,20.9,77,,,,,,,,,,,,,,,,,,,,,,,,,,,,,,,,,,,,,,,,,,,,,,,,
398,,12,,398,HABU HEIGHT,5:38 pm,01/06/2026,20.9,77,,,,,,,,,,,,,,,,,,,,,,,,,,,,,,,,,,,,,,,,,,,,,,,,
399,,12,,399,HABU HEIGHT,5:38 pm,01/06/2026,20.9,77,,,,,,,,,,,,,,,,,,,,,,,,,,,,,,,,,,,,,,,,,,,,,,,,
399,,12,,399,HABU HEIGHT,5:38 pm,01/06/2026,20.9,77,,,,,,,,,,,,,,,,,,,,,,,,,,,,,,,,,,,,,,,,,,,,,,,,
400,,12,,400,HABU HEIGHT,5:38 pm,01/06/2026,20.9,77,,,,,,,,,,,,,,,,,,,,,,,,,,,,,,,,,,,,,,,,,,,,,,,,
400,,12,,400,HABU HEIGHT,5:38 pm,01/06/2026,20.9,77,,,,,,,,,,,,,,,,,,,,,,,,,,,,,,,,,,,,,,,,,,,,,,,,
401,,12,,401,HABU HEIGHT,5:38 pm,01/06/2026,20.9,77,,,,,,,,,,,,,,,,,,,,,,,,,,,,,,,,,,,,,,,,,,,,,,,,
401,,12,,401,HABU HEIGHT,5:38 pm,01/06/2026,20.9,77,,,,,,,,,,,,,,,,,,,,,,,,,,,,,,,,,,,,,,,,,,,,,,,,
402,,12,,402,HABU HEIGHT,5:38 pm,01/06/2026,20.9,77,,,,,,,,,,,,,,,,,,,,,,,,,,,,,,,,,,,,,,,,,,,,,,,,
402,,12,,402,HABU HEIGHT,5:38 pm,01/06/2026,20.9,77,,,,,,,,,,,,,,,,,,,,,,,,,,,,,,,,,,,,,,,,,,,,,,,,
403,,12,,403,HABU HEIGHT,5:38 pm,01/06/2026,20.9,77,,,,,,,,,,,,,,,,,,,,,,,,,,,,,,,,,,,,,,,,,,,,,,,,
403,,12,,403,HABU HEIGHT,5:38 pm,01/06/2026,20.9,77,,,,,,,,,,,,,,,,,,,,,,,,,,,,,,,,,,,,,,,,,,,,,,,,
404,,12,,404,HABU HEIGHT,5:38 pm,01/06/2026,20.9,77,,,,,,,,,,,,,,,,,,,,,,,,,,,,,,,,,,,,,,,,,,,,,,,,
404,,12,,404,HABU HEIGHT,5:38 pm,01/06/2026,20.9,77,,,,,,,,,,,,,,,,,,,,,,,,,,,,,,,,,,,,,,,,,,,,,,,,
405,,12,,405,HABU HEIGHT,5:38 pm,01/06/2026,20.9,77,,,,,,,,,,,,,,,,,,,,,,,,,,,,,,,,,,,,,,,,,,,,,,,,
405,,12,,405,HABU HEIGHT,5:38 pm,01/06/2026,20.9,77,,,,,,,,,,,,,,,,,,,,,,,,,,,,,,,,,,,,,,,,,,,,,,,,
406,,12,,406,HABU HEIGHT,5:38 pm,01/06/2026,20.9,77,,,,,,,,,,,,,,,,,,,,,,,,,,,,,,,,,,,,,,,,,,,,,,,,
406,,12,,406,HABU HEIGHT,5:38 pm,01/06/2026,20.9,77,,,,,,,,,,,,,,,,,,,,,,,,,,,,,,,,,,,,,,,,,,,,,,,,
407,,12,,407,HABU HEIGHT,5:38 pm,01/06/2026,20.9,77,,,,,,,,,,,,,,,,,,,,,,,,,,,,,,,,,,,,,,,,,,,,,,,,
407,,12,,407,HABU HEIGHT,5:38 pm,01/06/2026,20.9,77,,,,,,,,,,,,,,,,,,,,,,,,,,,,,,,,,,,,,,,,,,,,,,,,
408,,12,,408,HABU HEIGHT,5:38 pm,01/06/2026,20.9,77,,,,,,,,,,,,,,,,,,,,,,,,,,,,,,,,,,,,,,,,,,,,,,,,
408,,12,,408,HABU HEIGHT,5:38 pm,01/06/2026,20.9,77,,,,,,,,,,,,,,,,,,,,,,,,,,,,,,,,,,,,,,,,,,,,,,,,
409,,12,,409,HABU HEIGHT,5:38 pm,01/06/2026,20.9,77,,,,,,,,,,,,,,,,,,,,,,,,,,,,,,,,,,,,,,,,,,,,,,,,
409,,12,,409,HABU HEIGHT,5:38 pm,01/06/2026,20.9,77,,,,,,,,,,,,,,,,,,,,,,,,,,,,,,,,,,,,,,,,,,,,,,,,
410,,12,,410,HABU HEIGHT,5:38 pm,01/06/2026,20.9,77,,,,,,,,,,,,,,,,,,,,,,,,,,,,,,,,,,,,,,,,,,,,,,,,
410,,12,,410,HABU HEIGHT,5:38 pm,01/06/2026,20.9,77,,,,,,,,,,,,,,,,,,,,,,,,,,,,,,,,,,,,,,,,,,,,,,,,
411,,12,,411,HABU HEIGHT,5:38 pm,01/06/2026,20.9,77,,,,,,,,,,,,,,,,,,,,,,,,,,,,,,,,,,,,,,,,,,,,,,,,
411,,12,,411,HABU HEIGHT,5:38 pm,01/06/2026,20.9,77,,,,,,,,,,,,,,,,,,,,,,,,,,,,,,,,,,,,,,,,,,,,,,,,
412,,12,,412,HABU HEIGHT,5:38 pm,01/06/2026,20.9,77,,,,,,,,,,,,,,,,,,,,,,,,,,,,,,,,,,,,,,,,,,,,,,,,
412,,12,,412,HABU HEIGHT,5:38 pm,01/06/2026,20.9,77,,,,,,,,,,,,,,,,,,,,,,,,,,,,,,,,,,,,,,,,,,,,,,,,
413,,12,,413,HABU HEIGHT,5:38 pm,01/06/2026,20.9,77,,,,,,,,,,,,,,,,,,,,,,,,,,,,,,,,,,,,,,,,,,,,,,,,
413,,12,,413,HABU HEIGHT,5:38 pm,01/06/2026,20.9,77,,,,,,,,,,,,,,,,,,,,,,,,,,,,,,,,,,,,,,,,,,,,,,,,
414,,12,,414,HABU HEIGHT,5:38 pm,01/06/2026,20.9,77,,,,,,,,,,,,,,,,,,,,,,,,,,,,,,,,,,,,,,,,,,,,,,,,
414,,12,,414,HABU HEIGHT,5:38 pm,01/06/2026,20.9,77,,,,,,,,,,,,,,,,,,,,,,,,,,,,,,,,,,,,,,,,,,,,,,,,
415,,12,,415,HABU HEIGHT,5:38 pm,01/06/2026,20.9,77,,,,,,,,,,,,,,,,,,,,,,,,,,,,,,,,,,,,,,,,,,,,,,,,
415,,12,,415,HABU HEIGHT,5:38 pm,01/06/2026,20.9,77,,,,,,,,,,,,,,,,,,,,,,,,,,,,,,,,,,,,,,,,,,,,,,,,
416,,12,,416,HABU HEIGHT,5:38 pm,01/06/2026,20.9,77,,,,,,,,,,,,,,,,,,,,,,,,,,,,,,,,,,,,,,,,,,,,,,,,
416,,12,,416,HABU HEIGHT,5:38 pm,01/06/2026,20.9,77,,,,,,,,,,,,,,,,,,,,,,,,,,,,,,,,,,,,,,,,,,,,,,,,
417,,12,,417,HABU HEIGHT,5:38 pm,01/06/2026,20.9,77,,,,,,,,,,,,,,,,,,,,,,,,,,,,,,,,,,,,,,,,,,,,,,,,
417,,12,,417,HABU HEIGHT,5:38 pm,01/06/2026,20.9,77,,,,,,,,,,,,,,,,,,,,,,,,,,,,,,,,,,,,,,,,,,,,,,,,
418,,12,,418,HABU HEIGHT,5:38 pm,01/06/2026,20.9,77,,,,,,,,,,,,,,,,,,,,,,,,,,,,,,,,,,,,,,,,,,,,,,,,
418,,12,,418,HABU HEIGHT,5:38 pm,01/06/2026,20.9,77,,,,,,,,,,,,,,,,,,,,,,,,,,,,,,,,,,,,,,,,,,,,,,,,
419,,12,,419,HABU HEIGHT,5:38 pm,01/06/2026,20.9,77,,,,,,,,,,,,,,,,,,,,,,,,,,,,,,,,,,,,,,,,,,,,,,,,
419,,12,,419,HABU HEIGHT,5:38 pm,01/06/2026,20.9,77,,,,,,,,,,,,,,,,,,,,,,,,,,,,,,,,,,,,,,,,,,,,,,,,
420,,12,,420,HABU HEIGHT,5:38 pm,01/06/2026,20.9,77,,,,,,,,,,,,,,,,,,,,,,,,,,,,,,,,,,,,,,,,,,,,,,,,
420,,12,,420,HABU HEIGHT,5:38 pm,01/06/2026,20.9,77,,,,,,,,,,,,,,,,,,,,,,,,,,,,,,,,,,,,,,,,,,,,,,,,
421,,12,,421,HABU HEIGHT,5:38 pm,01/06/2026,20.9,77,,,,,,,,,,,,,,,,,,,,,,,,,,,,,,,,,,,,,,,,,,,,,,,,
421,,12,,421,HABU HEIGHT,5:38 pm,01/06/2026,20.9,77,,,,,,,,,,,,,,,,,,,,,,,,,,,,,,,,,,,,,,,,,,,,,,,,
422,,12,,422,HABU HEIGHT,5:38 pm,01/06/2026,20.9,77,,,,,,,,,,,,,,,,,,,,,,,,,,,,,,,,,,,,,,,,,,,,,,,,
422,,12,,422,HABU HEIGHT,5:38 pm,01/06/2026,20.9,77,,,,,,,,,,,,,,,,,,,,,,,,,,,,,,,,,,,,,,,,,,,,,,,,
423,,12,,423,HABU HEIGHT,5:38 pm,01/06/2026,20.9,77,,,,,,,,,,,,,,,,,,,,,,,,,,,,,,,,,,,,,,,,,,,,,,,,
423,,12,,423,HABU HEIGHT,5:38 pm,01/06/2026,20.9,77,,,,,,,,,,,,,,,,,,,,,,,,,,,,,,,,,,,,,,,,,,,,,,,,
424,,12,,424,HABU HEIGHT,5:38 pm,01/06/2026,20.9,77,,,,,,,,,,,,,,,,,,,,,,,,,,,,,,,,,,,,,,,,,,,,,,,,
424,,12,,424,HABU HEIGHT,5:38 pm,01/06/2026,20.9,77,,,,,,,,,,,,,,,,,,,,,,,,,,,,,,,,,,,,,,,,,,,,,,,,
425,,13,,425,HABU HEIGHT,5:38 pm,01/06/2026,20.9,77,,,,,,,,,,,,,,,,,,,,,,,,,,,,,,,,,,,,,,,,,,,,,,,,
425,,13,,425,HABU HEIGHT,5:38 pm,01/06/2026,20.9,77,,,,,,,,,,,,,,,,,,,,,,,,,,,,,,,,,,,,,,,,,,,,,,,,
426,,13,,426,HABU HEIGHT,5:38 pm,01/06/2026,20.9,77,,,,,,,,,,,,,,,,,,,,,,,,,,,,,,,,,,,,,,,,,,,,,,,,
426,,13,,426,HABU HEIGHT,5:38 pm,01/06/2026,20.9,77,,,,,,,,,,,,,,,,,,,,,,,,,,,,,,,,,,,,,,,,,,,,,,,,
427,,13,,427,HABU HEIGHT,5:38 pm,01/06/2026,20.9,77,,,,,,,,,,,,,,,,,,,,,,,,,,,,,,,,,,,,,,,,,,,,,,,,
427,,13,,427,HABU HEIGHT,5:38 pm,01/06/2026,20.9,77,,,,,,,,,,,,,,,,,,,,,,,,,,,,,,,,,,,,,,,,,,,,,,,,
428,,13,,428,HABU HEIGHT,5:38 pm,01/06/2026,20.9,77,,,,,,,,,,,,,,,,,,,,,,,,,,,,,,,,,,,,,,,,,,,,,,,,
428,,13,,428,HABU HEIGHT,5:38 pm,01/06/2026,20.9,77,,,,,,,,,,,,,,,,,,,,,,,,,,,,,,,,,,,,,,,,,,,,,,,,
429,,13,,429,HABU HEIGHT,5:38 pm,01/06/2026,20.9,77,,,,,,,,,,,,,,,,,,,,,,,,,,,,,,,,,,,,,,,,,,,,,,,,
429,,13,,429,HABU HEIGHT,5:38 pm,01/06/2026,20.9,77,,,,,,,,,,,,,,,,,,,,,,,,,,,,,,,,,,,,,,,,,,,,,,,,
430,,13,,430,HABU HEIGHT,5:38 pm,01/06/2026,20.9,77,,,,,,,,,,,,,,,,,,,,,,,,,,,,,,,,,,,,,,,,,,,,,,,,
430,,13,,430,HABU HEIGHT,5:38 pm,01/06/2026,20.9,77,,,,,,,,,,,,,,,,,,,,,,,,,,,,,,,,,,,,,,,,,,,,,,,,
431,,13,,431,HABU HEIGHT,5:38 pm,01/06/2026,20.9,77,,,,,,,,,,,,,,,,,,,,,,,,,,,,,,,,,,,,,,,,,,,,,,,,
431,,13,,431,HABU HEIGHT,5:38 pm,01/06/2026,20.9,77,,,,,,,,,,,,,,,,,,,,,,,,,,,,,,,,,,,,,,,,,,,,,,,,
432,,13,,432,HABU HEIGHT,5:38 pm,01/06/2026,20.9,77,,,,,,,,,,,,,,,,,,,,,,,,,,,,,,,,,,,,,,,,,,,,,,,,
432,,13,,432,HABU HEIGHT,5:38 pm,01/06/2026,20.9,77,,,,,,,,,,,,,,,,,,,,,,,,,,,,,,,,,,,,,,,,,,,,,,,,
433,,13,,433,HABU HEIGHT,5:38 pm,01/06/2026,20.9,77,,,,,,,,,,,,,,,,,,,,,,,,,,,,,,,,,,,,,,,,,,,,,,,,
433,,13,,433,HABU HEIGHT,5:38 pm,01/06/2026,20.9,77,,,,,,,,,,,,,,,,,,,,,,,,,,,,,,,,,,,,,,,,,,,,,,,,
434,,13,,434,HABU HEIGHT,5:38 pm,01/06/2026,20.9,77,,,,,,,,,,,,,,,,,,,,,,,,,,,,,,,,,,,,,,,,,,,,,,,,
434,,13,,434,HABU HEIGHT,5:38 pm,01/06/2026,20.9,77,,,,,,,,,,,,,,,,,,,,,,,,,,,,,,,,,,,,,,,,,,,,,,,,
435,,13,,435,HABU HEIGHT,5:38 pm,01/06/2026,20.9,77,,,,,,,,,,,,,,,,,,,,,,,,,,,,,,,,,,,,,,,,,,,,,,,,
435,,13,,435,HABU HEIGHT,5:38 pm,01/06/2026,20.9,77,,,,,,,,,,,,,,,,,,,,,,,,,,,,,,,,,,,,,,,,,,,,,,,,
436,,13,,436,HABU HEIGHT,5:38 pm,01/06/2026,20.9,77,,,,,,,,,,,,,,,,,,,,,,,,,,,,,,,,,,,,,,,,,,,,,,,,
436,,13,,436,HABU HEIGHT,5:38 pm,01/06/2026,20.9,77,,,,,,,,,,,,,,,,,,,,,,,,,,,,,,,,,,,,,,,,,,,,,,,,
437,,13,,437,HABU HEIGHT,5:38 pm,01/06/2026,20.9,77,,,,,,,,,,,,,,,,,,,,,,,,,,,,,,,,,,,,,,,,,,,,,,,,
437,,13,,437,HABU HEIGHT,5:38 pm,01/06/2026,20.9,77,,,,,,,,,,,,,,,,,,,,,,,,,,,,,,,,,,,,,,,,,,,,,,,,
438,,13,,438,HABU HEIGHT,5:38 pm,01/06/2026,20.9,77,,,,,,,,,,,,,,,,,,,,,,,,,,,,,,,,,,,,,,,,,,,,,,,,
438,,13,,438,HABU HEIGHT,5:38 pm,01/06/2026,20.9,77,,,,,,,,,,,,,,,,,,,,,,,,,,,,,,,,,,,,,,,,,,,,,,,,
439,,13,,439,HABU HEIGHT,5:38 pm,01/06/2026,20.9,77,,,,,,,,,,,,,,,,,,,,,,,,,,,,,,,,,,,,,,,,,,,,,,,,
439,,13,,439,HABU HEIGHT,5:38 pm,01/06/2026,20.9,77,,,,,,,,,,,,,,,,,,,,,,,,,,,,,,,,,,,,,,,,,,,,,,,,
440,,13,,440,HABU HEIGHT,5:38 pm,01/06/2026,20.9,77,,,,,,,,,,,,,,,,,,,,,,,,,,,,,,,,,,,,,,,,,,,,,,,,
440,,13,,440,HABU HEIGHT,5:38 pm,01/06/2026,20.9,77,,,,,,,,,,,,,,,,,,,,,,,,,,,,,,,,,,,,,,,,,,,,,,,,
441,,13,,441,HABU HEIGHT,5:38 pm,01/06/2026,20.9,77,,,,,,,,,,,,,,,,,,,,,,,,,,,,,,,,,,,,,,,,,,,,,,,,
441,,13,,441,HABU HEIGHT,5:38 pm,01/06/2026,20.9,77,,,,,,,,,,,,,,,,,,,,,,,,,,,,,,,,,,,,,,,,,,,,,,,,
442,,13,,442,HABU HEIGHT,5:38 pm,01/06/2026,20.9,77,,,,,,,,,,,,,,,,,,,,,,,,,,,,,,,,,,,,,,,,,,,,,,,,
442,,13,,442,HABU HEIGHT,5:38 pm,01/06/2026,20.9,77,,,,,,,,,,,,,,,,,,,,,,,,,,,,,,,,,,,,,,,,,,,,,,,,
443,,13,,443,HABU HEIGHT,5:38 pm,01/06/2026,20.9,77,,,,,,,,,,,,,,,,,,,,,,,,,,,,,,,,,,,,,,,,,,,,,,,,
443,,13,,443,HABU HEIGHT,5:38 pm,01/06/2026,20.9,77,,,,,,,,,,,,,,,,,,,,,,,,,,,,,,,,,,,,,,,,,,,,,,,,
444,,13,,444,HABU HEIGHT,5:38 pm,01/06/2026,20.9,77,,,,,,,,,,,,,,,,,,,,,,,,,,,,,,,,,,,,,,,,,,,,,,,,
444,,13,,444,HABU HEIGHT,5:38 pm,01/06/2026,20.9,77,,,,,,,,,,,,,,,,,,,,,,,,,,,,,,,,,,,,,,,,,,,,,,,,
445,,13,,445,HABU HEIGHT,5:38 pm,01/06/2026,20.9,77,,,,,,,,,,,,,,,,,,,,,,,,,,,,,,,,,,,,,,,,,,,,,,,,
445,,13,,445,HABU HEIGHT,5:38 pm,01/06/2026,20.9,77,,,,,,,,,,,,,,,,,,,,,,,,,,,,,,,,,,,,,,,,,,,,,,,,
446,,13,,446,HABU HEIGHT,5:38 pm,01/06/2026,20.9,77,,,,,,,,,,,,,,,,,,,,,,,,,,,,,,,,,,,,,,,,,,,,,,,,
446,,13,,446,HABU HEIGHT,5:38 pm,01/06/2026,20.9,77,,,,,,,,,,,,,,,,,,,,,,,,,,,,,,,,,,,,,,,,,,,,,,,,
447,,13,,447,HABU HEIGHT,5:38 pm,01/06/2026,20.9,77,,,,,,,,,,,,,,,,,,,,,,,,,,,,,,,,,,,,,,,,,,,,,,,,
447,,13,,447,HABU HEIGHT,5:38 pm,01/06/2026,20.9,77,,,,,,,,,,,,,,,,,,,,,,,,,,,,,,,,,,,,,,,,,,,,,,,,
448,,13,,448,HABU HEIGHT,5:38 pm,01/06/2026,20.9,77,,,,,,,,,,,,,,,,,,,,,,,,,,,,,,,,,,,,,,,,,,,,,,,,
448,,13,,448,HABU HEIGHT,5:38 pm,01/06/2026,20.9,77,,,,,,,,,,,,,,,,,,,,,,,,,,,,,,,,,,,,,,,,,,,,,,,,
449,,13,,449,HABU HEIGHT,5:38 pm,01/06/2026,20.9,77,,,,,,,,,,,,,,,,,,,,,,,,,,,,,,,,,,,,,,,,,,,,,,,,
449,,13,,449,HABU HEIGHT,5:38 pm,01/06/2026,20.9,77,,,,,,,,,,,,,,,,,,,,,,,,,,,,,,,,,,,,,,,,,,,,,,,,
450,,13,,450,HABU HEIGHT,5:38 pm,01/06/2026,20.9,77,,,,,,,,,,,,,,,,,,,,,,,,,,,,,,,,,,,,,,,,,,,,,,,,
450,,13,,450,HABU HEIGHT,5:38 pm,01/06/2026,20.9,77,,,,,,,,,,,,,,,,,,,,,,,,,,,,,,,,,,,,,,,,,,,,,,,,
451,,13,,451,HABU HEIGHT,5:38 pm,01/06/2026,20.9,77,,,,,,,,,,,,,,,,,,,,,,,,,,,,,,,,,,,,,,,,,,,,,,,,
451,,13,,451,HABU HEIGHT,5:38 pm,01/06/2026,20.9,77,,,,,,,,,,,,,,,,,,,,,,,,,,,,,,,,,,,,,,,,,,,,,,,,
452,,13,,452,HABU HEIGHT,5:38 pm,01/06/2026,20.9,77,,,,,,,,,,,,,,,,,,,,,,,,,,,,,,,,,,,,,,,,,,,,,,,,
452,,13,,452,HABU HEIGHT,5:38 pm,01/06/2026,20.9,77,,,,,,,,,,,,,,,,,,,,,,,,,,,,,,,,,,,,,,,,,,,,,,,,
