No,Type,Group,Word Template,Template Page No,{{ substation.name_erms }},{{ substation.time }},{{ substation.date }},{{ substation.ambient }},{{ substation.humidity }},{{ swg.area }},{{ panel.linknumber }},{{ panel.name }},{{ panel.cabletype }},{{ panel.breakerstatus }},{{ panel.busbarposition }},{{ panel.loadamp }},{{ panel.heateramp }},{{ swg.serialnumber }},{{ swg.manufacturer }},{{ swg.type }},{{ swg.rating }},{{ swg.model }},{{ tx1.manufacturer }},{{ tx1.model }},{{ tx1.rating }},{{ tx1.serialnumber }},{{ tx2.manufacturer }},{{ tx2.model }},{{ tx2.rating }},{{ tx2.serialnumber }},{{ fp1.manufacturer }},{{ fp1.model }},{{ fp1.rating }},{{ fp1.serialnumber }},{{ fp1.labelsource }},{{ fp2.manufacturer }},{{ fp2.model }},{{ fp2.rating }},{{ fp2.serialnumber }},{{ fp2.labelsource }},{{ batt1.manufacturer }},{{ batt1.model }},{{ batt1.serialnumber }},{{ batt2.manufacturer }},{{ batt2.model }},{{ batt2.serialnumber }},{{ batt3.manufacturer }},{{ batt3.model }},{{ batt3.serialnumber }},{{ batt4.manufacturer }},{{ batt4.model }},{{ batt4.serialnumber }},Field Overrides,Output File Name,Attribute,Folder,Image File Name
1,Overview,1,01. swg-overview.docx,1,BERTAM VALLEY,9:20 am,02/06/2026,21,79,OVERVIEW,-,-,-,-,-,-,-,18072222340DE,INDKOM,RMU SF6,12kV,INS24,EWT,HERMETICALLY SEAL,750kVA,EWT55674,,,,,PSB,DIN TYPE,1600A,RTLR 642-045,FP TX1,,,,,,,,,,,,,,,,,,{},page1,Visual Image Path,C:\Users\aremi\Desktop\REPORT CBM\PO 42289580 - Pahang 11kV SECOND CYCLE AZZAD 2026\RAW MATERIAL\155. BERTAM VALLEY (VI)\RAW DATA\IR,1.jpg
1,Overview,1,01. swg-overview.docx,1,BERTAM VALLEY,9:20 am,02/06/2026,21,79,OVERVIEW,-,-,-,-,-,-,-,18072222340DE,INDKOM,RMU SF6,12kV,INS24,EWT,HERMETICALLY SEAL,750kVA,EWT55674,,,,,PSB,DIN TYPE,1600A,RTLR 642-045,FP TX1,,,,,,,,,,,,,,,,,,{},page1,IR Image Path,C:\Users\aremi\Desktop\REPORT CBM\PO 42289580 - Pahang 11kV SECOND CYCLE AZZAD 2026\RAW MATERIAL\155. BERTAM VALLEY (VI)\RAW DATA\IR,2.jpg
2,Overview,1,01. swg-overview.docx,2,BERTAM VALLEY,9:20 am,02/06/2026,21,79,OVERVIEW TOP,-,-,-,-,-,-,-,18072222340DE,INDKOM,RMU SF6,12kV,INS24,EWT,HERMETICALLY SEAL,750kVA,EWT55674,,,,,PSB,DIN TYPE,1600A,RTLR 642-045,FP TX1,,,,,,,,,,,,,,,,,,{},page2,Visual Image Path,C:\Users\aremi\Desktop\REPORT CBM\PO 42289580 - Pahang 11kV SECOND CYCLE AZZAD 2026\RAW MATERIAL\155. BERTAM VALLEY (VI)\RAW DATA\IR,3.jpg
2,Overview,1,01. swg-overview.docx,2,BERTAM VALLEY,9:20 am,02/06/2026,21,79,OVERVIEW TOP,-,-,-,-,-,-,-,18072222340DE,INDKOM,RMU SF6,12kV,INS24,EWT,HERMETICALLY SEAL,750kVA,EWT55674,,,,,PSB,DIN TYPE,1600A,RTLR 642-045,FP TX1,,,,,,,,,,,,,,,,,,{},page2,IR Image Path,C:\Users\aremi\Desktop\REPORT CBM\PO 42289580 - Pahang 11kV SECOND CYCLE AZZAD 2026\RAW MATERIAL\155. BERTAM VALLEY (VI)\RAW DATA\IR,4.jpg
3,Overview,1,01. swg-overview.docx,3,BERTAM VALLEY,9:20 am,02/06/2026,21,79,OVERVIEW BOTTOM,-,-,-,-,-,-,-,18072222340DE,INDKOM,RMU SF6,12kV,INS24,EWT,HERMETICALLY SEAL,750kVA,EWT55674,,,,,PSB,DIN TYPE,1600A,RTLR 642-045,FP TX1,,,,,,,,,,,,,,,,,,{},page3,Visual Image Path,C:\Users\aremi\Desktop\REPORT CBM\PO 42289580 - Pahang 11kV SECOND CYCLE AZZAD 2026\RAW MATERIAL\155. BERTAM VALLEY (VI)\RAW DATA\IR,5.jpg
3,Overview,1,01. swg-overview.docx,3,BERTAM VALLEY,9:20 am,02/06/2026,21,79,OVERVIEW BOTTOM,-,-,-,-,-,-,-,18072222340DE,INDKOM,RMU SF6,12kV,INS24,EWT,HERMETICALLY SEAL,750kVA,EWT55674,,,,,PSB,DIN TYPE,1600A,RTLR 642-045,FP TX1,,,,,,,,,,,,,,,,,,{},page3,IR Image Path,C:\Users\aremi\Desktop\REPORT CBM\PO 42289580 - Pahang 11kV SECOND CYCLE AZZAD 2026\RAW MATERIAL\155. BERTAM VALLEY (VI)\RAW DATA\IR,6.jpg
4,Overview,1,01. swg-overview.docx,4,BERTAM VALLEY,9:20 am,02/06/2026,21,79,OVERVIEW REAR,-,-,-,-,-,-,-,18072222340DE,INDKOM,RMU SF6,12kV,INS24,EWT,HERMETICALLY SEAL,750kVA,EWT55674,,,,,PSB,DIN TYPE,1600A,RTLR 642-045,FP TX1,,,,,,,,,,,,,,,,,,{},page4,Visual Image Path,C:\Users\aremi\Desktop\REPORT CBM\PO 42289580 - Pahang 11kV SECOND CYCLE AZZAD 2026\RAW MATERIAL\155. BERTAM VALLEY (VI)\RAW DATA\IR,7.jpg
4,Overview,1,01. swg-overview.docx,4,BERTAM VALLEY,9:20 am,02/06/2026,21,79,OVERVIEW REAR,-,-,-,-,-,-,-,18072222340DE,INDKOM,RMU SF6,12kV,INS24,EWT,HERMETICALLY SEAL,750kVA,EWT55674,,,,,PSB,DIN TYPE,1600A,RTLR 642-045,FP TX1,,,,,,,,,,,,,,,,,,{},page4,IR Image Path,C:\Users\aremi\Desktop\REPORT CBM\PO 42289580 - Pahang 11kV SECOND CYCLE AZZAD 2026\RAW MATERIAL\155. BERTAM VALLEY (VI)\RAW DATA\IR,8.jpg
5,Overview,1,01. swg-overview.docx,5,BERTAM VALLEY,9:20 am,02/06/2026,21,79,OVERVIEW SIDE (LHS),-,-,-,-,-,-,-,18072222340DE,INDKOM,RMU SF6,12kV,INS24,EWT,HERMETICALLY SEAL,750kVA,EWT55674,,,,,PSB,DIN TYPE,1600A,RTLR 642-045,FP TX1,,,,,,,,,,,,,,,,,,{},page5,Visual Image Path,C:\Users\aremi\Desktop\REPORT CBM\PO 42289580 - Pahang 11kV SECOND CYCLE AZZAD 2026\RAW MATERIAL\155. BERTAM VALLEY (VI)\RAW DATA\IR,9.jpg
5,Overview,1,01. swg-overview.docx,5,BERTAM VALLEY,9:20 am,02/06/2026,21,79,OVERVIEW SIDE (LHS),-,-,-,-,-,-,-,18072222340DE,INDKOM,RMU SF6,12kV,INS24,EWT,HERMETICALLY SEAL,750kVA,EWT55674,,,,,PSB,DIN TYPE,1600A,RTLR 642-045,FP TX1,,,,,,,,,,,,,,,,,,{},page5,IR Image Path,C:\Users\aremi\Desktop\REPORT CBM\PO 42289580 - Pahang 11kV SECOND CYCLE AZZAD 2026\RAW MATERIAL\155. BERTAM VALLEY (VI)\RAW DATA\IR,10.jpg
6,Overview,1,01. swg-overview.docx,6,BERTAM VALLEY,9:20 am,02/06/2026,21,79,OVERVIEW SIDE (RHS),-,-,-,-,-,-,-,18072222340DE,INDKOM,RMU SF6,12kV,INS24,EWT,HERMETICALLY SEAL,750kVA,EWT55674,,,,,PSB,DIN TYPE,1600A,RTLR 642-045,FP TX1,,,,,,,,,,,,,,,,,,{},page6,Visual Image Path,C:\Users\aremi\Desktop\REPORT CBM\PO 42289580 - Pahang 11kV SECOND CYCLE AZZAD 2026\RAW MATERIAL\155. BERTAM VALLEY (VI)\RAW DATA\IR,11.jpg
6,Overview,1,01. swg-overview.docx,6,BERTAM VALLEY,9:20 am,02/06/2026,21,79,OVERVIEW SIDE (RHS),-,-,-,-,-,-,-,18072222340DE,INDKOM,RMU SF6,12kV,INS24,EWT,HERMETICALLY SEAL,750kVA,EWT55674,,,,,PSB,DIN TYPE,1600A,RTLR 642-045,FP TX1,,,,,,,,,,,,,,,,,,{},page6,IR Image Path,C:\Users\aremi\Desktop\REPORT CBM\PO 42289580 - Pahang 11kV SECOND CYCLE AZZAD 2026\RAW MATERIAL\155. BERTAM VALLEY (VI)\RAW DATA\IR,12.jpg
7,Panel1,1,02. swg-panel.docx,7,BERTAM VALLEY,9:20 am,02/06/2026,21,79,CABLE COMPARTMENT,CCH00420,BERTAM MEWAH,NOT ACCESSIBLE,CLOSE,-,-,-,18072222340DE,INDKOM,RMU SF6,12kV,INS24,EWT,HERMETICALLY SEAL,750kVA,EWT55674,,,,,PSB,DIN TYPE,1600A,RTLR 642-045,FP TX1,,,,,,,,,,,,,,,,,,{},page7,Visual Image Path,C:\Users\aremi\Desktop\REPORT CBM\PO 42289580 - Pahang 11kV SECOND CYCLE AZZAD 2026\RAW MATERIAL\155. BERTAM VALLEY (VI)\RAW DATA\IR,13.jpg
7,Panel1,1,02. swg-panel.docx,7,BERTAM VALLEY,9:20 am,02/06/2026,21,79,CABLE COMPARTMENT,CCH00420,BERTAM MEWAH,NOT ACCESSIBLE,CLOSE,-,-,-,18072222340DE,INDKOM,RMU SF6,12kV,INS24,EWT,HERMETICALLY SEAL,750kVA,EWT55674,,,,,PSB,DIN TYPE,1600A,RTLR 642-045,FP TX1,,,,,,,,,,,,,,,,,,{},page7,IR Image Path,C:\Users\aremi\Desktop\REPORT CBM\PO 42289580 - Pahang 11kV SECOND CYCLE AZZAD 2026\RAW MATERIAL\155. BERTAM VALLEY (VI)\RAW DATA\IR,14.jpg
8,Panel1,1,02. swg-panel.docx,8,BERTAM VALLEY,9:20 am,02/06/2026,21,79,CABLE ENTRY,CCH00420,BERTAM MEWAH,NOT ACCESSIBLE,CLOSE,-,-,-,18072222340DE,INDKOM,RMU SF6,12kV,INS24,EWT,HERMETICALLY SEAL,750kVA,EWT55674,,,,,PSB,DIN TYPE,1600A,RTLR 642-045,FP TX1,,,,,,,,,,,,,,,,,,{},page8,Visual Image Path,C:\Users\aremi\Desktop\REPORT CBM\PO 42289580 - Pahang 11kV SECOND CYCLE AZZAD 2026\RAW MATERIAL\155. BERTAM VALLEY (VI)\RAW DATA\IR,15.jpg
8,Panel1,1,02. swg-panel.docx,8,BERTAM VALLEY,9:20 am,02/06/2026,21,79,CABLE ENTRY,CCH00420,BERTAM MEWAH,NOT ACCESSIBLE,CLOSE,-,-,-,18072222340DE,INDKOM,RMU SF6,12kV,INS24,EWT,HERMETICALLY SEAL,750kVA,EWT55674,,,,,PSB,DIN TYPE,1600A,RTLR 642-045,FP TX1,,,,,,,,,,,,,,,,,,{},page8,IR Image Path,C:\Users\aremi\Desktop\REPORT CBM\PO 42289580 - Pahang 11kV SECOND CYCLE AZZAD 2026\RAW MATERIAL\155. BERTAM VALLEY (VI)\RAW DATA\IR,16.jpg
9,Panel2,1,02. swg-panel.docx,9,BERTAM VALLEY,9:20 am,02/06/2026,21,79,CABLE COMPARTMENT,CCH00423,CS JENSIN,NOT ACCESSIBLE,CLOSE,-,-,-,18072222340DE,INDKOM,RMU SF6,12kV,INS24,EWT,HERMETICALLY SEAL,750kVA,EWT55674,,,,,PSB,DIN TYPE,1600A,RTLR 642-045,FP TX1,,,,,,,,,,,,,,,,,,{},page9,Visual Image Path,C:\Users\aremi\Desktop\REPORT CBM\PO 42289580 - Pahang 11kV SECOND CYCLE AZZAD 2026\RAW MATERIAL\155. BERTAM VALLEY (VI)\RAW DATA\IR,17.jpg
9,Panel2,1,02. swg-panel.docx,9,BERTAM VALLEY,9:20 am,02/06/2026,21,79,CABLE COMPARTMENT,CCH00423,CS JENSIN,NOT ACCESSIBLE,CLOSE,-,-,-,18072222340DE,INDKOM,RMU SF6,12kV,INS24,EWT,HERMETICALLY SEAL,750kVA,EWT55674,,,,,PSB,DIN TYPE,1600A,RTLR 642-045,FP TX1,,,,,,,,,,,,,,,,,,{},page9,IR Image Path,C:\Users\aremi\Desktop\REPORT CBM\PO 42289580 - Pahang 11kV SECOND CYCLE AZZAD 2026\RAW MATERIAL\155. BERTAM VALLEY (VI)\RAW DATA\IR,18.jpg
10,Panel2,1,02. swg-panel.docx,10,BERTAM VALLEY,9:20 am,02/06/2026,21,79,CABLE ENTRY,CCH00423,CS JENSIN,NOT ACCESSIBLE,CLOSE,-,-,-,18072222340DE,INDKOM,RMU SF6,12kV,INS24,EWT,HERMETICALLY SEAL,750kVA,EWT55674,,,,,PSB,DIN TYPE,1600A,RTLR 642-045,FP TX1,,,,,,,,,,,,,,,,,,{},page10,Visual Image Path,C:\Users\aremi\Desktop\REPORT CBM\PO 42289580 - Pahang 11kV SECOND CYCLE AZZAD 2026\RAW MATERIAL\155. BERTAM VALLEY (VI)\RAW DATA\IR,19.jpg
10,Panel2,1,02. swg-panel.docx,10,BERTAM VALLEY,9:20 am,02/06/2026,21,79,CABLE ENTRY,CCH00423,CS JENSIN,NOT ACCESSIBLE,CLOSE,-,-,-,18072222340DE,INDKOM,RMU SF6,12kV,INS24,EWT,HERMETICALLY SEAL,750kVA,EWT55674,,,,,PSB,DIN TYPE,1600A,RTLR 642-045,FP TX1,,,,,,,,,,,,,,,,,,{},page10,IR Image Path,C:\Users\aremi\Desktop\REPORT CBM\PO 42289580 - Pahang 11kV SECOND CYCLE AZZAD 2026\RAW MATERIAL\155. BERTAM VALLEY (VI)\RAW DATA\IR,20.jpg
11,Panel3,1,02. swg-panel.docx,11,BERTAM VALLEY,9:20 am,02/06/2026,21,79,CABLE COMPARTMENT,CCH00422,OUF,NOT ACCESSIBLE,CLOSE,-,-,-,18072222340DE,INDKOM,RMU SF6,12kV,INS24,EWT,HERMETICALLY SEAL,750kVA,EWT55674,,,,,PSB,DIN TYPE,1600A,RTLR 642-045,FP TX1,,,,,,,,,,,,,,,,,,{},page11,Visual Image Path,C:\Users\aremi\Desktop\REPORT CBM\PO 42289580 - Pahang 11kV SECOND CYCLE AZZAD 2026\RAW MATERIAL\155. BERTAM VALLEY (VI)\RAW DATA\IR,21.jpg
11,Panel3,1,02. swg-panel.docx,11,BERTAM VALLEY,9:20 am,02/06/2026,21,79,CABLE COMPARTMENT,CCH00422,OUF,NOT ACCESSIBLE,CLOSE,-,-,-,18072222340DE,INDKOM,RMU SF6,12kV,INS24,EWT,HERMETICALLY SEAL,750kVA,EWT55674,,,,,PSB,DIN TYPE,1600A,RTLR 642-045,FP TX1,,,,,,,,,,,,,,,,,,{},page11,IR Image Path,C:\Users\aremi\Desktop\REPORT CBM\PO 42289580 - Pahang 11kV SECOND CYCLE AZZAD 2026\RAW MATERIAL\155. BERTAM VALLEY (VI)\RAW DATA\IR,22.jpg
12,Panel3,1,02. swg-panel.docx,12,BERTAM VALLEY,9:20 am,02/06/2026,21,79,CABLE ENTRY,CCH00422,OUF,NOT ACCESSIBLE,CLOSE,-,-,-,18072222340DE,INDKOM,RMU SF6,12kV,INS24,EWT,HERMETICALLY SEAL,750kVA,EWT55674,,,,,PSB,DIN TYPE,1600A,RTLR 642-045,FP TX1,,,,,,,,,,,,,,,,,,{},page12,Visual Image Path,C:\Users\aremi\Desktop\REPORT CBM\PO 42289580 - Pahang 11kV SECOND CYCLE AZZAD 2026\RAW MATERIAL\155. BERTAM VALLEY (VI)\RAW DATA\IR,23.jpg
12,Panel3,1,02. swg-panel.docx,12,BERTAM VALLEY,9:20 am,02/06/2026,21,79,CABLE ENTRY,CCH00422,OUF,NOT ACCESSIBLE,CLOSE,-,-,-,18072222340DE,INDKOM,RMU SF6,12kV,INS24,EWT,HERMETICALLY SEAL,750kVA,EWT55674,,,,,PSB,DIN TYPE,1600A,RTLR 642-045,FP TX1,,,,,,,,,,,,,,,,,,{},page12,IR Image Path,C:\Users\aremi\Desktop\REPORT CBM\PO 42289580 - Pahang 11kV SECOND CYCLE AZZAD 2026\RAW MATERIAL\155. BERTAM VALLEY (VI)\RAW DATA\IR,24.jpg
13,Panel4,1,02. swg-panel.docx,13,BERTAM VALLEY,9:20 am,02/06/2026,21,79,CABLE COMPARTMENT,CCH00421,TX,NOT ACCESSIBLE,CLOSE,-,-,-,18072222340DE,INDKOM,RMU SF6,12kV,INS24,EWT,HERMETICALLY SEAL,750kVA,EWT55674,,,,,PSB,DIN TYPE,1600A,RTLR 642-045,FP TX1,,,,,,,,,,,,,,,,,,{},page13,Visual Image Path,C:\Users\aremi\Desktop\REPORT CBM\PO 42289580 - Pahang 11kV SECOND CYCLE AZZAD 2026\RAW MATERIAL\155. BERTAM VALLEY (VI)\RAW DATA\IR,25.jpg
13,Panel4,1,02. swg-panel.docx,13,BERTAM VALLEY,9:20 am,02/06/2026,21,79,CABLE COMPARTMENT,CCH00421,TX,NOT ACCESSIBLE,CLOSE,-,-,-,18072222340DE,INDKOM,RMU SF6,12kV,INS24,EWT,HERMETICALLY SEAL,750kVA,EWT55674,,,,,PSB,DIN TYPE,1600A,RTLR 642-045,FP TX1,,,,,,,,,,,,,,,,,,{},page13,IR Image Path,C:\Users\aremi\Desktop\REPORT CBM\PO 42289580 - Pahang 11kV SECOND CYCLE AZZAD 2026\RAW MATERIAL\155. BERTAM VALLEY (VI)\RAW DATA\IR,26.jpg
14,Panel4,1,02. swg-panel.docx,14,BERTAM VALLEY,9:20 am,02/06/2026,21,79,CABLE ENTRY,CCH00421,TX,NOT ACCESSIBLE,CLOSE,-,-,-,18072222340DE,INDKOM,RMU SF6,12kV,INS24,EWT,HERMETICALLY SEAL,750kVA,EWT55674,,,,,PSB,DIN TYPE,1600A,RTLR 642-045,FP TX1,,,,,,,,,,,,,,,,,,{},page14,Visual Image Path,C:\Users\aremi\Desktop\REPORT CBM\PO 42289580 - Pahang 11kV SECOND CYCLE AZZAD 2026\RAW MATERIAL\155. BERTAM VALLEY (VI)\RAW DATA\IR,27.jpg
14,Panel4,1,02. swg-panel.docx,14,BERTAM VALLEY,9:20 am,02/06/2026,21,79,CABLE ENTRY,CCH00421,TX,NOT ACCESSIBLE,CLOSE,-,-,-,18072222340DE,INDKOM,RMU SF6,12kV,INS24,EWT,HERMETICALLY SEAL,750kVA,EWT55674,,,,,PSB,DIN TYPE,1600A,RTLR 642-045,FP TX1,,,,,,,,,,,,,,,,,,{},page14,IR Image Path,C:\Users\aremi\Desktop\REPORT CBM\PO 42289580 - Pahang 11kV SECOND CYCLE AZZAD 2026\RAW MATERIAL\155. BERTAM VALLEY (VI)\RAW DATA\IR,28.jpg
15,Panel5,1,02. swg-panel.docx,15,BERTAM VALLEY,9:20 am,02/06/2026,21,79,CABLE COMPARTMENT,,,,,,,,,INDKOM,RMU SF6,12kV,INS24,EWT,HERMETICALLY SEAL,750kVA,EWT55674,,,,,PSB,DIN TYPE,1600A,RTLR 642-045,FP TX1,,,,,,,,,,,,,,,,,,{},page15,Visual Image Path,C:\Users\aremi\Desktop\REPORT CBM\PO 42289580 - Pahang 11kV SECOND CYCLE AZZAD 2026\RAW MATERIAL\155. BERTAM VALLEY (VI)\RAW DATA\IR,29.jpg
15,Panel5,1,02. swg-panel.docx,15,BERTAM VALLEY,9:20 am,02/06/2026,21,79,CABLE COMPARTMENT,,,,,,,,,INDKOM,RMU SF6,12kV,INS24,EWT,HERMETICALLY SEAL,750kVA,EWT55674,,,,,PSB,DIN TYPE,1600A,RTLR 642-045,FP TX1,,,,,,,,,,,,,,,,,,{},page15,IR Image Path,C:\Users\aremi\Desktop\REPORT CBM\PO 42289580 - Pahang 11kV SECOND CYCLE AZZAD 2026\RAW MATERIAL\155. BERTAM VALLEY (VI)\RAW DATA\IR,30.jpg
16,Panel5,1,02. swg-panel.docx,16,BERTAM VALLEY,9:20 am,02/06/2026,21,79,CABLE ENTRY,,,,,,,,,INDKOM,RMU SF6,12kV,INS24,EWT,HERMETICALLY SEAL,750kVA,EWT55674,,,,,PSB,DIN TYPE,1600A,RTLR 642-045,FP TX1,,,,,,,,,,,,,,,,,,{},page16,Visual Image Path,C:\Users\aremi\Desktop\REPORT CBM\PO 42289580 - Pahang 11kV SECOND CYCLE AZZAD 2026\RAW MATERIAL\155. BERTAM VALLEY (VI)\RAW DATA\IR,31.jpg
16,Panel5,1,02. swg-panel.docx,16,BERTAM VALLEY,9:20 am,02/06/2026,21,79,CABLE ENTRY,,,,,,,,,INDKOM,RMU SF6,12kV,INS24,EWT,HERMETICALLY SEAL,750kVA,EWT55674,,,,,PSB,DIN TYPE,1600A,RTLR 642-045,FP TX1,,,,,,,,,,,,,,,,,,{},page16,IR Image Path,C:\Users\aremi\Desktop\REPORT CBM\PO 42289580 - Pahang 11kV SECOND CYCLE AZZAD 2026\RAW MATERIAL\155. BERTAM VALLEY (VI)\RAW DATA\IR,32.jpg
17,Panel6,1,02. swg-panel.docx,17,BERTAM VALLEY,9:20 am,02/06/2026,21,79,CABLE COMPARTMENT,,,,,,,,,INDKOM,RMU SF6,12kV,INS24,EWT,HERMETICALLY SEAL,750kVA,EWT55674,,,,,PSB,DIN TYPE,1600A,RTLR 642-045,FP TX1,,,,,,,,,,,,,,,,,,{},page17,Visual Image Path,C:\Users\aremi\Desktop\REPORT CBM\PO 42289580 - Pahang 11kV SECOND CYCLE AZZAD 2026\RAW MATERIAL\155. BERTAM VALLEY (VI)\RAW DATA\IR,33.jpg
17,Panel6,1,02. swg-panel.docx,17,BERTAM VALLEY,9:20 am,02/06/2026,21,79,CABLE COMPARTMENT,,,,,,,,,INDKOM,RMU SF6,12kV,INS24,EWT,HERMETICALLY SEAL,750kVA,EWT55674,,,,,PSB,DIN TYPE,1600A,RTLR 642-045,FP TX1,,,,,,,,,,,,,,,,,,{},page17,IR Image Path,C:\Users\aremi\Desktop\REPORT CBM\PO 42289580 - Pahang 11kV SECOND CYCLE AZZAD 2026\RAW MATERIAL\155. BERTAM VALLEY (VI)\RAW DATA\IR,34.jpg
18,Panel6,1,02. swg-panel.docx,18,BERTAM VALLEY,9:20 am,02/06/2026,21,79,CABLE ENTRY,,,,,,,,,INDKOM,RMU SF6,12kV,INS24,EWT,HERMETICALLY SEAL,750kVA,EWT55674,,,,,PSB,DIN TYPE,1600A,RTLR 642-045,FP TX1,,,,,,,,,,,,,,,,,,{},page18,Visual Image Path,C:\Users\aremi\Desktop\REPORT CBM\PO 42289580 - Pahang 11kV SECOND CYCLE AZZAD 2026\RAW MATERIAL\155. BERTAM VALLEY (VI)\RAW DATA\IR,35.jpg
18,Panel6,1,02. swg-panel.docx,18,BERTAM VALLEY,9:20 am,02/06/2026,21,79,CABLE ENTRY,,,,,,,,,INDKOM,RMU SF6,12kV,INS24,EWT,HERMETICALLY SEAL,750kVA,EWT55674,,,,,PSB,DIN TYPE,1600A,RTLR 642-045,FP TX1,,,,,,,,,,,,,,,,,,{},page18,IR Image Path,C:\Users\aremi\Desktop\REPORT CBM\PO 42289580 - Pahang 11kV SECOND CYCLE AZZAD 2026\RAW MATERIAL\155. BERTAM VALLEY (VI)\RAW DATA\IR,36.jpg
19,Panel7,1,02. swg-panel.docx,19,BERTAM VALLEY,9:20 am,02/06/2026,21,79,CABLE COMPARTMENT,,,,,,,,,INDKOM,RMU SF6,12kV,INS24,EWT,HERMETICALLY SEAL,750kVA,EWT55674,,,,,PSB,DIN TYPE,1600A,RTLR 642-045,FP TX1,,,,,,,,,,,,,,,,,,{},page19,Visual Image Path,C:\Users\aremi\Desktop\REPORT CBM\PO 42289580 - Pahang 11kV SECOND CYCLE AZZAD 2026\RAW MATERIAL\155. BERTAM VALLEY (VI)\RAW DATA\IR,37.jpg
19,Panel7,1,02. swg-panel.docx,19,BERTAM VALLEY,9:20 am,02/06/2026,21,79,CABLE COMPARTMENT,,,,,,,,,INDKOM,RMU SF6,12kV,INS24,EWT,HERMETICALLY SEAL,750kVA,EWT55674,,,,,PSB,DIN TYPE,1600A,RTLR 642-045,FP TX1,,,,,,,,,,,,,,,,,,{},page19,IR Image Path,C:\Users\aremi\Desktop\REPORT CBM\PO 42289580 - Pahang 11kV SECOND CYCLE AZZAD 2026\RAW MATERIAL\155. BERTAM VALLEY (VI)\RAW DATA\IR,38.jpg
20,Panel7,1,02. swg-panel.docx,20,BERTAM VALLEY,9:20 am,02/06/2026,21,79,CABLE ENTRY,,,,,,,,,INDKOM,RMU SF6,12kV,INS24,EWT,HERMETICALLY SEAL,750kVA,EWT55674,,,,,PSB,DIN TYPE,1600A,RTLR 642-045,FP TX1,,,,,,,,,,,,,,,,,,{},page20,Visual Image Path,C:\Users\aremi\Desktop\REPORT CBM\PO 42289580 - Pahang 11kV SECOND CYCLE AZZAD 2026\RAW MATERIAL\155. BERTAM VALLEY (VI)\RAW DATA\IR,39.jpg
20,Panel7,1,02. swg-panel.docx,20,BERTAM VALLEY,9:20 am,02/06/2026,21,79,CABLE ENTRY,,,,,,,,,INDKOM,RMU SF6,12kV,INS24,EWT,HERMETICALLY SEAL,750kVA,EWT55674,,,,,PSB,DIN TYPE,1600A,RTLR 642-045,FP TX1,,,,,,,,,,,,,,,,,,{},page20,IR Image Path,C:\Users\aremi\Desktop\REPORT CBM\PO 42289580 - Pahang 11kV SECOND CYCLE AZZAD 2026\RAW MATERIAL\155. BERTAM VALLEY (VI)\RAW DATA\IR,40.jpg
21,Panel8,1,02. swg-panel.docx,21,BERTAM VALLEY,9:20 am,02/06/2026,21,79,CABLE COMPARTMENT,,,,,,,,,INDKOM,RMU SF6,12kV,INS24,EWT,HERMETICALLY SEAL,750kVA,EWT55674,,,,,PSB,DIN TYPE,1600A,RTLR 642-045,FP TX1,,,,,,,,,,,,,,,,,,{},page21,Visual Image Path,C:\Users\aremi\Desktop\REPORT CBM\PO 42289580 - Pahang 11kV SECOND CYCLE AZZAD 2026\RAW MATERIAL\155. BERTAM VALLEY (VI)\RAW DATA\IR,41.jpg
21,Panel8,1,02. swg-panel.docx,21,BERTAM VALLEY,9:20 am,02/06/2026,21,79,CABLE COMPARTMENT,,,,,,,,,INDKOM,RMU SF6,12kV,INS24,EWT,HERMETICALLY SEAL,750kVA,EWT55674,,,,,PSB,DIN TYPE,1600A,RTLR 642-045,FP TX1,,,,,,,,,,,,,,,,,,{},page21,IR Image Path,C:\Users\aremi\Desktop\REPORT CBM\PO 42289580 - Pahang 11kV SECOND CYCLE AZZAD 2026\RAW MATERIAL\155. BERTAM VALLEY (VI)\RAW DATA\IR,42.jpg
22,Panel8,1,02. swg-panel.docx,22,BERTAM VALLEY,9:20 am,02/06/2026,21,79,CABLE ENTRY,,,,,,,,,INDKOM,RMU SF6,12kV,INS24,EWT,HERMETICALLY SEAL,750kVA,EWT55674,,,,,PSB,DIN TYPE,1600A,RTLR 642-045,FP TX1,,,,,,,,,,,,,,,,,,{},page22,Visual Image Path,C:\Users\aremi\Desktop\REPORT CBM\PO 42289580 - Pahang 11kV SECOND CYCLE AZZAD 2026\RAW MATERIAL\155. BERTAM VALLEY (VI)\RAW DATA\IR,43.jpg
22,Panel8,1,02. swg-panel.docx,22,BERTAM VALLEY,9:20 am,02/06/2026,21,79,CABLE ENTRY,,,,,,,,,INDKOM,RMU SF6,12kV,INS24,EWT,HERMETICALLY SEAL,750kVA,EWT55674,,,,,PSB,DIN TYPE,1600A,RTLR 642-045,FP TX1,,,,,,,,,,,,,,,,,,{},page22,IR Image Path,C:\Users\aremi\Desktop\REPORT CBM\PO 42289580 - Pahang 11kV SECOND CYCLE AZZAD 2026\RAW MATERIAL\155. BERTAM VALLEY (VI)\RAW DATA\IR,44.jpg
23,Panel9,1,02. swg-panel.docx,23,BERTAM VALLEY,9:20 am,02/06/2026,21,79,CABLE COMPARTMENT,,,,,,,,,INDKOM,RMU SF6,12kV,INS24,EWT,HERMETICALLY SEAL,750kVA,EWT55674,,,,,PSB,DIN TYPE,1600A,RTLR 642-045,FP TX1,,,,,,,,,,,,,,,,,,{},page23,Visual Image Path,C:\Users\aremi\Desktop\REPORT CBM\PO 42289580 - Pahang 11kV SECOND CYCLE AZZAD 2026\RAW MATERIAL\155. BERTAM VALLEY (VI)\RAW DATA\IR,45.jpg
23,Panel9,1,02. swg-panel.docx,23,BERTAM VALLEY,9:20 am,02/06/2026,21,79,CABLE COMPARTMENT,,,,,,,,,INDKOM,RMU SF6,12kV,INS24,EWT,HERMETICALLY SEAL,750kVA,EWT55674,,,,,PSB,DIN TYPE,1600A,RTLR 642-045,FP TX1,,,,,,,,,,,,,,,,,,{},page23,IR Image Path,C:\Users\aremi\Desktop\REPORT CBM\PO 42289580 - Pahang 11kV SECOND CYCLE AZZAD 2026\RAW MATERIAL\155. BERTAM VALLEY (VI)\RAW DATA\IR,46.jpg
24,Panel9,1,02. swg-panel.docx,24,BERTAM VALLEY,9:20 am,02/06/2026,21,79,CABLE ENTRY,,,,,,,,,INDKOM,RMU SF6,12kV,INS24,EWT,HERMETICALLY SEAL,750kVA,EWT55674,,,,,PSB,DIN TYPE,1600A,RTLR 642-045,FP TX1,,,,,,,,,,,,,,,,,,{},page24,Visual Image Path,C:\Users\aremi\Desktop\REPORT CBM\PO 42289580 - Pahang 11kV SECOND CYCLE AZZAD 2026\RAW MATERIAL\155. BERTAM VALLEY (VI)\RAW DATA\IR,47.jpg
24,Panel9,1,02. swg-panel.docx,24,BERTAM VALLEY,9:20 am,02/06/2026,21,79,CABLE ENTRY,,,,,,,,,INDKOM,RMU SF6,12kV,INS24,EWT,HERMETICALLY SEAL,750kVA,EWT55674,,,,,PSB,DIN TYPE,1600A,RTLR 642-045,FP TX1,,,,,,,,,,,,,,,,,,{},page24,IR Image Path,C:\Users\aremi\Desktop\REPORT CBM\PO 42289580 - Pahang 11kV SECOND CYCLE AZZAD 2026\RAW MATERIAL\155. BERTAM VALLEY (VI)\RAW DATA\IR,48.jpg
25,Panel10,1,02. swg-panel.docx,25,BERTAM VALLEY,9:20 am,02/06/2026,21,79,CABLE COMPARTMENT,,,,,,,,,INDKOM,RMU SF6,12kV,INS24,EWT,HERMETICALLY SEAL,750kVA,EWT55674,,,,,PSB,DIN TYPE,1600A,RTLR 642-045,FP TX1,,,,,,,,,,,,,,,,,,{},page25,Visual Image Path,C:\Users\aremi\Desktop\REPORT CBM\PO 42289580 - Pahang 11kV SECOND CYCLE AZZAD 2026\RAW MATERIAL\155. BERTAM VALLEY (VI)\RAW DATA\IR,49.jpg
25,Panel10,1,02. swg-panel.docx,25,BERTAM VALLEY,9:20 am,02/06/2026,21,79,CABLE COMPARTMENT,,,,,,,,,INDKOM,RMU SF6,12kV,INS24,EWT,HERMETICALLY SEAL,750kVA,EWT55674,,,,,PSB,DIN TYPE,1600A,RTLR 642-045,FP TX1,,,,,,,,,,,,,,,,,,{},page25,IR Image Path,C:\Users\aremi\Desktop\REPORT CBM\PO 42289580 - Pahang 11kV SECOND CYCLE AZZAD 2026\RAW MATERIAL\155. BERTAM VALLEY (VI)\RAW DATA\IR,50.jpg
26,Panel10,1,02. swg-panel.docx,26,BERTAM VALLEY,9:20 am,02/06/2026,21,79,CABLE ENTRY,,,,,,,,,INDKOM,RMU SF6,12kV,INS24,EWT,HERMETICALLY SEAL,750kVA,EWT55674,,,,,PSB,DIN TYPE,1600A,RTLR 642-045,FP TX1,,,,,,,,,,,,,,,,,,{},page26,Visual Image Path,C:\Users\aremi\Desktop\REPORT CBM\PO 42289580 - Pahang 11kV SECOND CYCLE AZZAD 2026\RAW MATERIAL\155. BERTAM VALLEY (VI)\RAW DATA\IR,51.jpg
26,Panel10,1,02. swg-panel.docx,26,BERTAM VALLEY,9:20 am,02/06/2026,21,79,CABLE ENTRY,,,,,,,,,INDKOM,RMU SF6,12kV,INS24,EWT,HERMETICALLY SEAL,750kVA,EWT55674,,,,,PSB,DIN TYPE,1600A,RTLR 642-045,FP TX1,,,,,,,,,,,,,,,,,,{},page26,IR Image Path,C:\Users\aremi\Desktop\REPORT CBM\PO 42289580 - Pahang 11kV SECOND CYCLE AZZAD 2026\RAW MATERIAL\155. BERTAM VALLEY (VI)\RAW DATA\IR,52.jpg
27,TX1,1,03. tx1-overview.docx,41,BERTAM VALLEY,9:20 am,02/06/2026,21,79,OVERVIEW,1,,,,,,,,INDKOM,RMU SF6,12kV,INS24,EWT,HERMETICALLY SEAL,750kVA,EWT55674,,,,,PSB,DIN TYPE,1600A,RTLR 642-045,FP TX1,,,,,,,,,,,,,,,,,,{},page27,Visual Image Path,C:\Users\aremi\Desktop\REPORT CBM\PO 42289580 - Pahang 11kV SECOND CYCLE AZZAD 2026\RAW MATERIAL\155. BERTAM VALLEY (VI)\RAW DATA\IR,53.jpg
27,TX1,1,03. tx1-overview.docx,41,BERTAM VALLEY,9:20 am,02/06/2026,21,79,OVERVIEW,1,,,,,,,,INDKOM,RMU SF6,12kV,INS24,EWT,HERMETICALLY SEAL,750kVA,EWT55674,,,,,PSB,DIN TYPE,1600A,RTLR 642-045,FP TX1,,,,,,,,,,,,,,,,,,{},page27,IR Image Path,C:\Users\aremi\Desktop\REPORT CBM\PO 42289580 - Pahang 11kV SECOND CYCLE AZZAD 2026\RAW MATERIAL\155. BERTAM VALLEY (VI)\RAW DATA\IR,54.jpg
28,TX1,1,03. tx1-overview.docx,42,BERTAM VALLEY,9:20 am,02/06/2026,21,79,OVERVIEW TOP,1,,,,,,,,INDKOM,RMU SF6,12kV,INS24,EWT,HERMETICALLY SEAL,750kVA,EWT55674,,,,,PSB,DIN TYPE,1600A,RTLR 642-045,FP TX1,,,,,,,,,,,,,,,,,,{},page28,Visual Image Path,C:\Users\aremi\Desktop\REPORT CBM\PO 42289580 - Pahang 11kV SECOND CYCLE AZZAD 2026\RAW MATERIAL\155. BERTAM VALLEY (VI)\RAW DATA\IR,55.jpg
28,TX1,1,03. tx1-overview.docx,42,BERTAM VALLEY,9:20 am,02/06/2026,21,79,OVERVIEW TOP,1,,,,,,,,INDKOM,RMU SF6,12kV,INS24,EWT,HERMETICALLY SEAL,750kVA,EWT55674,,,,,PSB,DIN TYPE,1600A,RTLR 642-045,FP TX1,,,,,,,,,,,,,,,,,,{},page28,IR Image Path,C:\Users\aremi\Desktop\REPORT CBM\PO 42289580 - Pahang 11kV SECOND CYCLE AZZAD 2026\RAW MATERIAL\155. BERTAM VALLEY (VI)\RAW DATA\IR,56.jpg
29,TX1,1,04. tx1-hv-sides.docx,43,BERTAM VALLEY,9:20 am,02/06/2026,21,79,BUSHING,1,HV SIDE,,,,,,,INDKOM,RMU SF6,12kV,INS24,EWT,HERMETICALLY SEAL,750kVA,EWT55674,,,,,PSB,DIN TYPE,1600A,RTLR 642-045,FP TX1,,,,,,,,,,,,,,,,,,{},page29,Visual Image Path,C:\Users\aremi\Desktop\REPORT CBM\PO 42289580 - Pahang 11kV SECOND CYCLE AZZAD 2026\RAW MATERIAL\155. BERTAM VALLEY (VI)\RAW DATA\IR,57.jpg
29,TX1,1,04. tx1-hv-sides.docx,43,BERTAM VALLEY,9:20 am,02/06/2026,21,79,BUSHING,1,HV SIDE,,,,,,,INDKOM,RMU SF6,12kV,INS24,EWT,HERMETICALLY SEAL,750kVA,EWT55674,,,,,PSB,DIN TYPE,1600A,RTLR 642-045,FP TX1,,,,,,,,,,,,,,,,,,{},page29,IR Image Path,C:\Users\aremi\Desktop\REPORT CBM\PO 42289580 - Pahang 11kV SECOND CYCLE AZZAD 2026\RAW MATERIAL\155. BERTAM VALLEY (VI)\RAW DATA\IR,58.jpg
30,TX1,1,04. tx1-hv-sides.docx,44,BERTAM VALLEY,9:20 am,02/06/2026,21,79,CABLE,1,HV SIDE,,,,,,,INDKOM,RMU SF6,12kV,INS24,EWT,HERMETICALLY SEAL,750kVA,EWT55674,,,,,PSB,DIN TYPE,1600A,RTLR 642-045,FP TX1,,,,,,,,,,,,,,,,,,{},page30,Visual Image Path,C:\Users\aremi\Desktop\REPORT CBM\PO 42289580 - Pahang 11kV SECOND CYCLE AZZAD 2026\RAW MATERIAL\155. BERTAM VALLEY (VI)\RAW DATA\IR,59.jpg
30,TX1,1,04. tx1-hv-sides.docx,44,BERTAM VALLEY,9:20 am,02/06/2026,21,79,CABLE,1,HV SIDE,,,,,,,INDKOM,RMU SF6,12kV,INS24,EWT,HERMETICALLY SEAL,750kVA,EWT55674,,,,,PSB,DIN TYPE,1600A,RTLR 642-045,FP TX1,,,,,,,,,,,,,,,,,,{},page30,IR Image Path,C:\Users\aremi\Desktop\REPORT CBM\PO 42289580 - Pahang 11kV SECOND CYCLE AZZAD 2026\RAW MATERIAL\155. BERTAM VALLEY (VI)\RAW DATA\IR,60.jpg
31,TX1,1,04. tx1-hv-sides.docx,45,BERTAM VALLEY,9:20 am,02/06/2026,21,79,CABLE SPLIT,1,HV SIDE,,,,,,,INDKOM,RMU SF6,12kV,INS24,EWT,HERMETICALLY SEAL,750kVA,EWT55674,,,,,PSB,DIN TYPE,1600A,RTLR 642-045,FP TX1,,,,,,,,,,,,,,,,,,{},page31,Visual Image Path,C:\Users\aremi\Desktop\REPORT CBM\PO 42289580 - Pahang 11kV SECOND CYCLE AZZAD 2026\RAW MATERIAL\155. BERTAM VALLEY (VI)\RAW DATA\IR,61.jpg
31,TX1,1,04. tx1-hv-sides.docx,45,BERTAM VALLEY,9:20 am,02/06/2026,21,79,CABLE SPLIT,1,HV SIDE,,,,,,,INDKOM,RMU SF6,12kV,INS24,EWT,HERMETICALLY SEAL,750kVA,EWT55674,,,,,PSB,DIN TYPE,1600A,RTLR 642-045,FP TX1,,,,,,,,,,,,,,,,,,{},page31,IR Image Path,C:\Users\aremi\Desktop\REPORT CBM\PO 42289580 - Pahang 11kV SECOND CYCLE AZZAD 2026\RAW MATERIAL\155. BERTAM VALLEY (VI)\RAW DATA\IR,62.jpg
32,TX1,1,05. tx1-lv-sides.docx,46,BERTAM VALLEY,9:20 am,02/06/2026,21,79,BUSHING,1,LV SIDE,,,,,,,INDKOM,RMU SF6,12kV,INS24,EWT,HERMETICALLY SEAL,750kVA,EWT55674,,,,,PSB,DIN TYPE,1600A,RTLR 642-045,FP TX1,,,,,,,,,,,,,,,,,,{},page32,Visual Image Path,C:\Users\aremi\Desktop\REPORT CBM\PO 42289580 - Pahang 11kV SECOND CYCLE AZZAD 2026\RAW MATERIAL\155. BERTAM VALLEY (VI)\RAW DATA\IR,63.jpg
32,TX1,1,05. tx1-lv-sides.docx,46,BERTAM VALLEY,9:20 am,02/06/2026,21,79,BUSHING,1,LV SIDE,,,,,,,INDKOM,RMU SF6,12kV,INS24,EWT,HERMETICALLY SEAL,750kVA,EWT55674,,,,,PSB,DIN TYPE,1600A,RTLR 642-045,FP TX1,,,,,,,,,,,,,,,,,,{},page32,IR Image Path,C:\Users\aremi\Desktop\REPORT CBM\PO 42289580 - Pahang 11kV SECOND CYCLE AZZAD 2026\RAW MATERIAL\155. BERTAM VALLEY (VI)\RAW DATA\IR,64.jpg
33,TX1,1,05. tx1-lv-sides.docx,47,BERTAM VALLEY,9:20 am,02/06/2026,21,79,CABLE,1,LV SIDE,,,,,,,INDKOM,RMU SF6,12kV,INS24,EWT,HERMETICALLY SEAL,750kVA,EWT55674,,,,,PSB,DIN TYPE,1600A,RTLR 642-045,FP TX1,,,,,,,,,,,,,,,,,,{},page33,Visual Image Path,C:\Users\aremi\Desktop\REPORT CBM\PO 42289580 - Pahang 11kV SECOND CYCLE AZZAD 2026\RAW MATERIAL\155. BERTAM VALLEY (VI)\RAW DATA\IR,65.jpg
33,TX1,1,05. tx1-lv-sides.docx,47,BERTAM VALLEY,9:20 am,02/06/2026,21,79,CABLE,1,LV SIDE,,,,,,,INDKOM,RMU SF6,12kV,INS24,EWT,HERMETICALLY SEAL,750kVA,EWT55674,,,,,PSB,DIN TYPE,1600A,RTLR 642-045,FP TX1,,,,,,,,,,,,,,,,,,{},page33,IR Image Path,C:\Users\aremi\Desktop\REPORT CBM\PO 42289580 - Pahang 11kV SECOND CYCLE AZZAD 2026\RAW MATERIAL\155. BERTAM VALLEY (VI)\RAW DATA\IR,66.jpg
34,TX1,1,05. tx1-lv-sides.docx,48,BERTAM VALLEY,9:20 am,02/06/2026,21,79,CABLE SPLIT,1,LV SIDE,,,,,,,INDKOM,RMU SF6,12kV,INS24,EWT,HERMETICALLY SEAL,750kVA,EWT55674,,,,,PSB,DIN TYPE,1600A,RTLR 642-045,FP TX1,,,,,,,,,,,,,,,,,,{},page34,Visual Image Path,C:\Users\aremi\Desktop\REPORT CBM\PO 42289580 - Pahang 11kV SECOND CYCLE AZZAD 2026\RAW MATERIAL\155. BERTAM VALLEY (VI)\RAW DATA\IR,67.jpg
34,TX1,1,05. tx1-lv-sides.docx,48,BERTAM VALLEY,9:20 am,02/06/2026,21,79,CABLE SPLIT,1,LV SIDE,,,,,,,INDKOM,RMU SF6,12kV,INS24,EWT,HERMETICALLY SEAL,750kVA,EWT55674,,,,,PSB,DIN TYPE,1600A,RTLR 642-045,FP TX1,,,,,,,,,,,,,,,,,,{},page34,IR Image Path,C:\Users\aremi\Desktop\REPORT CBM\PO 42289580 - Pahang 11kV SECOND CYCLE AZZAD 2026\RAW MATERIAL\155. BERTAM VALLEY (VI)\RAW DATA\IR,68.jpg
35,TX2,1,06. tx2-overview.docx,49,BERTAM VALLEY,9:20 am,02/06/2026,21,79,OVERVIEW,2,,,,,,,,INDKOM,RMU SF6,12kV,INS24,EWT,HERMETICALLY SEAL,750kVA,EWT55674,,,,,PSB,DIN TYPE,1600A,RTLR 642-045,FP TX1,,,,,,,,,,,,,,,,,,{},page35,Visual Image Path,C:\Users\aremi\Desktop\REPORT CBM\PO 42289580 - Pahang 11kV SECOND CYCLE AZZAD 2026\RAW MATERIAL\155. BERTAM VALLEY (VI)\RAW DATA\IR,69.jpg
35,TX2,1,06. tx2-overview.docx,49,BERTAM VALLEY,9:20 am,02/06/2026,21,79,OVERVIEW,2,,,,,,,,INDKOM,RMU SF6,12kV,INS24,EWT,HERMETICALLY SEAL,750kVA,EWT55674,,,,,PSB,DIN TYPE,1600A,RTLR 642-045,FP TX1,,,,,,,,,,,,,,,,,,{},page35,IR Image Path,C:\Users\aremi\Desktop\REPORT CBM\PO 42289580 - Pahang 11kV SECOND CYCLE AZZAD 2026\RAW MATERIAL\155. BERTAM VALLEY (VI)\RAW DATA\IR,70.jpg
36,TX2,1,06. tx2-overview.docx,50,BERTAM VALLEY,9:20 am,02/06/2026,21,79,OVERVIEW TOP,2,,,,,,,,INDKOM,RMU SF6,12kV,INS24,EWT,HERMETICALLY SEAL,750kVA,EWT55674,,,,,PSB,DIN TYPE,1600A,RTLR 642-045,FP TX1,,,,,,,,,,,,,,,,,,{},page36,Visual Image Path,C:\Users\aremi\Desktop\REPORT CBM\PO 42289580 - Pahang 11kV SECOND CYCLE AZZAD 2026\RAW MATERIAL\155. BERTAM VALLEY (VI)\RAW DATA\IR,71.jpg
36,TX2,1,06. tx2-overview.docx,50,BERTAM VALLEY,9:20 am,02/06/2026,21,79,OVERVIEW TOP,2,,,,,,,,INDKOM,RMU SF6,12kV,INS24,EWT,HERMETICALLY SEAL,750kVA,EWT55674,,,,,PSB,DIN TYPE,1600A,RTLR 642-045,FP TX1,,,,,,,,,,,,,,,,,,{},page36,IR Image Path,C:\Users\aremi\Desktop\REPORT CBM\PO 42289580 - Pahang 11kV SECOND CYCLE AZZAD 2026\RAW MATERIAL\155. BERTAM VALLEY (VI)\RAW DATA\IR,72.jpg
37,TX2,1,07. tx2-hv-sides.docx,51,BERTAM VALLEY,9:20 am,02/06/2026,21,79,BUSHING,2,HV SIDE,,,,,,,INDKOM,RMU SF6,12kV,INS24,EWT,HERMETICALLY SEAL,750kVA,EWT55674,,,,,PSB,DIN TYPE,1600A,RTLR 642-045,FP TX1,,,,,,,,,,,,,,,,,,{},page37,Visual Image Path,C:\Users\aremi\Desktop\REPORT CBM\PO 42289580 - Pahang 11kV SECOND CYCLE AZZAD 2026\RAW MATERIAL\155. BERTAM VALLEY (VI)\RAW DATA\IR,73.jpg
37,TX2,1,07. tx2-hv-sides.docx,51,BERTAM VALLEY,9:20 am,02/06/2026,21,79,BUSHING,2,HV SIDE,,,,,,,INDKOM,RMU SF6,12kV,INS24,EWT,HERMETICALLY SEAL,750kVA,EWT55674,,,,,PSB,DIN TYPE,1600A,RTLR 642-045,FP TX1,,,,,,,,,,,,,,,,,,{},page37,IR Image Path,C:\Users\aremi\Desktop\REPORT CBM\PO 42289580 - Pahang 11kV SECOND CYCLE AZZAD 2026\RAW MATERIAL\155. BERTAM VALLEY (VI)\RAW DATA\IR,74.jpg
38,TX2,1,07. tx2-hv-sides.docx,52,BERTAM VALLEY,9:20 am,02/06/2026,21,79,CABLE,2,HV SIDE,,,,,,,INDKOM,RMU SF6,12kV,INS24,EWT,HERMETICALLY SEAL,750kVA,EWT55674,,,,,PSB,DIN TYPE,1600A,RTLR 642-045,FP TX1,,,,,,,,,,,,,,,,,,{},page38,Visual Image Path,C:\Users\aremi\Desktop\REPORT CBM\PO 42289580 - Pahang 11kV SECOND CYCLE AZZAD 2026\RAW MATERIAL\155. BERTAM VALLEY (VI)\RAW DATA\IR,75.jpg
38,TX2,1,07. tx2-hv-sides.docx,52,BERTAM VALLEY,9:20 am,02/06/2026,21,79,CABLE,2,HV SIDE,,,,,,,INDKOM,RMU SF6,12kV,INS24,EWT,HERMETICALLY SEAL,750kVA,EWT55674,,,,,PSB,DIN TYPE,1600A,RTLR 642-045,FP TX1,,,,,,,,,,,,,,,,,,{},page38,IR Image Path,C:\Users\aremi\Desktop\REPORT CBM\PO 42289580 - Pahang 11kV SECOND CYCLE AZZAD 2026\RAW MATERIAL\155. BERTAM VALLEY (VI)\RAW DATA\IR,76.jpg
39,TX2,1,07. tx2-hv-sides.docx,53,BERTAM VALLEY,9:20 am,02/06/2026,21,79,CABLE SPLIT,2,HV SIDE,,,,,,,INDKOM,RMU SF6,12kV,INS24,EWT,HERMETICALLY SEAL,750kVA,EWT55674,,,,,PSB,DIN TYPE,1600A,RTLR 642-045,FP TX1,,,,,,,,,,,,,,,,,,{},page39,Visual Image Path,C:\Users\aremi\Desktop\REPORT CBM\PO 42289580 - Pahang 11kV SECOND CYCLE AZZAD 2026\RAW MATERIAL\155. BERTAM VALLEY (VI)\RAW DATA\IR,77.jpg
39,TX2,1,08. tx2-lv-sides.docx,53,BERTAM VALLEY,9:20 am,02/06/2026,21,79,CABLE SPLIT,2,HV SIDE,,,,,,,INDKOM,RMU SF6,12kV,INS24,EWT,HERMETICALLY SEAL,750kVA,EWT55674,,,,,PSB,DIN TYPE,1600A,RTLR 642-045,FP TX1,,,,,,,,,,,,,,,,,,{},page39,IR Image Path,C:\Users\aremi\Desktop\REPORT CBM\PO 42289580 - Pahang 11kV SECOND CYCLE AZZAD 2026\RAW MATERIAL\155. BERTAM VALLEY (VI)\RAW DATA\IR,78.jpg
40,TX2,1,08. tx2-lv-sides.docx,54,BERTAM VALLEY,9:20 am,02/06/2026,21,79,BUSHING,2,LV SIDE,,,,,,,INDKOM,RMU SF6,12kV,INS24,EWT,HERMETICALLY SEAL,750kVA,EWT55674,,,,,PSB,DIN TYPE,1600A,RTLR 642-045,FP TX1,,,,,,,,,,,,,,,,,,{},page40,Visual Image Path,C:\Users\aremi\Desktop\REPORT CBM\PO 42289580 - Pahang 11kV SECOND CYCLE AZZAD 2026\RAW MATERIAL\155. BERTAM VALLEY (VI)\RAW DATA\IR,79.jpg
40,TX2,1,08. tx2-lv-sides.docx,54,BERTAM VALLEY,9:20 am,02/06/2026,21,79,BUSHING,2,LV SIDE,,,,,,,INDKOM,RMU SF6,12kV,INS24,EWT,HERMETICALLY SEAL,750kVA,EWT55674,,,,,PSB,DIN TYPE,1600A,RTLR 642-045,FP TX1,,,,,,,,,,,,,,,,,,{},page40,IR Image Path,C:\Users\aremi\Desktop\REPORT CBM\PO 42289580 - Pahang 11kV SECOND CYCLE AZZAD 2026\RAW MATERIAL\155. BERTAM VALLEY (VI)\RAW DATA\IR,80.jpg
41,TX2,1,08. tx2-lv-sides.docx,55,BERTAM VALLEY,9:20 am,02/06/2026,21,79,CABLE,2,LV SIDE,,,,,,,INDKOM,RMU SF6,12kV,INS24,EWT,HERMETICALLY SEAL,750kVA,EWT55674,,,,,PSB,DIN TYPE,1600A,RTLR 642-045,FP TX1,,,,,,,,,,,,,,,,,,{},page41,Visual Image Path,C:\Users\aremi\Desktop\REPORT CBM\PO 42289580 - Pahang 11kV SECOND CYCLE AZZAD 2026\RAW MATERIAL\155. BERTAM VALLEY (VI)\RAW DATA\IR,81.jpg
41,TX2,1,08. tx2-lv-sides.docx,55,BERTAM VALLEY,9:20 am,02/06/2026,21,79,CABLE,2,LV SIDE,,,,,,,INDKOM,RMU SF6,12kV,INS24,EWT,HERMETICALLY SEAL,750kVA,EWT55674,,,,,PSB,DIN TYPE,1600A,RTLR 642-045,FP TX1,,,,,,,,,,,,,,,,,,{},page41,IR Image Path,C:\Users\aremi\Desktop\REPORT CBM\PO 42289580 - Pahang 11kV SECOND CYCLE AZZAD 2026\RAW MATERIAL\155. BERTAM VALLEY (VI)\RAW DATA\IR,82.jpg
42,TX2,1,08. tx2-lv-sides.docx,56,BERTAM VALLEY,9:20 am,02/06/2026,21,79,CABLE SPLIT,2,LV SIDE,,,,,,,INDKOM,RMU SF6,12kV,INS24,EWT,HERMETICALLY SEAL,750kVA,EWT55674,,,,,PSB,DIN TYPE,1600A,RTLR 642-045,FP TX1,,,,,,,,,,,,,,,,,,{},page42,Visual Image Path,C:\Users\aremi\Desktop\REPORT CBM\PO 42289580 - Pahang 11kV SECOND CYCLE AZZAD 2026\RAW MATERIAL\155. BERTAM VALLEY (VI)\RAW DATA\IR,83.jpg
42,TX2,1,08. tx2-lv-sides.docx,56,BERTAM VALLEY,9:20 am,02/06/2026,21,79,CABLE SPLIT,2,LV SIDE,,,,,,,INDKOM,RMU SF6,12kV,INS24,EWT,HERMETICALLY SEAL,750kVA,EWT55674,,,,,PSB,DIN TYPE,1600A,RTLR 642-045,FP TX1,,,,,,,,,,,,,,,,,,{},page42,IR Image Path,C:\Users\aremi\Desktop\REPORT CBM\PO 42289580 - Pahang 11kV SECOND CYCLE AZZAD 2026\RAW MATERIAL\155. BERTAM VALLEY (VI)\RAW DATA\IR,84.jpg
43,FP 1,1,09. fp1-overview.docx,57,BERTAM VALLEY,9:20 am,02/06/2026,21,79,OVERVIEW,-,,,,,,,,INDKOM,RMU SF6,12kV,INS24,EWT,HERMETICALLY SEAL,750kVA,EWT55674,,,,,PSB,DIN TYPE,1600A,RTLR 642-045,FP TX1,,,,,,,,,,,,,,,,,,{},page43,Visual Image Path,C:\Users\aremi\Desktop\REPORT CBM\PO 42289580 - Pahang 11kV SECOND CYCLE AZZAD 2026\RAW MATERIAL\155. BERTAM VALLEY (VI)\RAW DATA\IR,85.jpg
43,FP1,1,09. fp1-overview.docx,57,BERTAM VALLEY,9:20 am,02/06/2026,21,79,OVERVIEW,-,,,,,,,,INDKOM,RMU SF6,12kV,INS24,EWT,HERMETICALLY SEAL,750kVA,EWT55674,,,,,PSB,DIN TYPE,1600A,RTLR 642-045,FP TX1,,,,,,,,,,,,,,,,,,{},page43,IR Image Path,C:\Users\aremi\Desktop\REPORT CBM\PO 42289580 - Pahang 11kV SECOND CYCLE AZZAD 2026\RAW MATERIAL\155. BERTAM VALLEY (VI)\RAW DATA\IR,86.jpg
44,FP2,1,10. fp2-overview.docx,58,BERTAM VALLEY,9:20 am,02/06/2026,21,79,OVERVIEW,-,,,,,,,,INDKOM,RMU SF6,12kV,INS24,EWT,HERMETICALLY SEAL,750kVA,EWT55674,,,,,PSB,DIN TYPE,1600A,RTLR 642-045,FP TX1,,,,,,,,,,,,,,,,,,{},page44,Visual Image Path,C:\Users\aremi\Desktop\REPORT CBM\PO 42289580 - Pahang 11kV SECOND CYCLE AZZAD 2026\RAW MATERIAL\155. BERTAM VALLEY (VI)\RAW DATA\IR,87.jpg
44,FP2,1,10. fp2-overview.docx,58,BERTAM VALLEY,9:20 am,02/06/2026,21,79,OVERVIEW,-,,,,,,,,INDKOM,RMU SF6,12kV,INS24,EWT,HERMETICALLY SEAL,750kVA,EWT55674,,,,,PSB,DIN TYPE,1600A,RTLR 642-045,FP TX1,,,,,,,,,,,,,,,,,,{},page44,IR Image Path,C:\Users\aremi\Desktop\REPORT CBM\PO 42289580 - Pahang 11kV SECOND CYCLE AZZAD 2026\RAW MATERIAL\155. BERTAM VALLEY (VI)\RAW DATA\IR,88.jpg
45,BLACK BOX 1,1,11. blackbox1-overview.docx,59,BERTAM VALLEY,9:20 am,02/06/2026,21,79,OVERVIEW,-,,,,,,,,INDKOM,RMU SF6,12kV,INS24,EWT,HERMETICALLY SEAL,750kVA,EWT55674,,,,,PSB,DIN TYPE,1600A,RTLR 642-045,FP TX1,,,,,,,,,,,,,,,,,,{},page45,Visual Image Path,C:\Users\aremi\Desktop\REPORT CBM\PO 42289580 - Pahang 11kV SECOND CYCLE AZZAD 2026\RAW MATERIAL\155. BERTAM VALLEY (VI)\RAW DATA\IR,89.jpg
45,BLACK BOX 1,1,11. blackbox1-overview.docx,59,BERTAM VALLEY,9:20 am,02/06/2026,21,79,OVERVIEW,-,,,,,,,,INDKOM,RMU SF6,12kV,INS24,EWT,HERMETICALLY SEAL,750kVA,EWT55674,,,,,PSB,DIN TYPE,1600A,RTLR 642-045,FP TX1,,,,,,,,,,,,,,,,,,{},page45,IR Image Path,C:\Users\aremi\Desktop\REPORT CBM\PO 42289580 - Pahang 11kV SECOND CYCLE AZZAD 2026\RAW MATERIAL\155. BERTAM VALLEY (VI)\RAW DATA\IR,90.jpg
46,BLACK BOX 2,1,12. blackbox2-overview.docx,60,BERTAM VALLEY,9:20 am,02/06/2026,21,79,OVERVIEW,-,,,,,,,,INDKOM,RMU SF6,12kV,INS24,EWT,HERMETICALLY SEAL,750kVA,EWT55674,,,,,PSB,DIN TYPE,1600A,RTLR 642-045,FP TX1,,,,,,,,,,,,,,,,,,{},page46,Visual Image Path,C:\Users\aremi\Desktop\REPORT CBM\PO 42289580 - Pahang 11kV SECOND CYCLE AZZAD 2026\RAW MATERIAL\155. BERTAM VALLEY (VI)\RAW DATA\IR,91.jpg
46,BLACK BOX 2,1,12. blackbox2-overview.docx,60,BERTAM VALLEY,9:20 am,02/06/2026,21,79,OVERVIEW,-,,,,,,,,INDKOM,RMU SF6,12kV,INS24,EWT,HERMETICALLY SEAL,750kVA,EWT55674,,,,,PSB,DIN TYPE,1600A,RTLR 642-045,FP TX1,,,,,,,,,,,,,,,,,,{},page46,IR Image Path,C:\Users\aremi\Desktop\REPORT CBM\PO 42289580 - Pahang 11kV SECOND CYCLE AZZAD 2026\RAW MATERIAL\155. BERTAM VALLEY (VI)\RAW DATA\IR,92.jpg
47,BATTERY BANK 1,1,13. battery1-overview.docx,61,BERTAM VALLEY,9:20 am,02/06/2026,21,79,OVERVIEW,-,,,,,,,,INDKOM,RMU SF6,12kV,INS24,EWT,HERMETICALLY SEAL,750kVA,EWT55674,,,,,PSB,DIN TYPE,1600A,RTLR 642-045,FP TX1,,,,,,,,,,,,,,,,,,{},page47,Visual Image Path,C:\Users\aremi\Desktop\REPORT CBM\PO 42289580 - Pahang 11kV SECOND CYCLE AZZAD 2026\RAW MATERIAL\155. BERTAM VALLEY (VI)\RAW DATA\IR,93.jpg
47,BATTERY BANK 1,1,13. battery1-overview.docx,61,BERTAM VALLEY,9:20 am,02/06/2026,21,79,OVERVIEW,-,,,,,,,,INDKOM,RMU SF6,12kV,INS24,EWT,HERMETICALLY SEAL,750kVA,EWT55674,,,,,PSB,DIN TYPE,1600A,RTLR 642-045,FP TX1,,,,,,,,,,,,,,,,,,{},page47,IR Image Path,C:\Users\aremi\Desktop\REPORT CBM\PO 42289580 - Pahang 11kV SECOND CYCLE AZZAD 2026\RAW MATERIAL\155. BERTAM VALLEY (VI)\RAW DATA\IR,94.jpg
48,BATTERY BANK 2,1,14. battery2-overview.docx,62,BERTAM VALLEY,9:20 am,02/06/2026,21,79,OVERVIEW,-,,,,,,,,INDKOM,RMU SF6,12kV,INS24,EWT,HERMETICALLY SEAL,750kVA,EWT55674,,,,,PSB,DIN TYPE,1600A,RTLR 642-045,FP TX1,,,,,,,,,,,,,,,,,,{},page48,Visual Image Path,C:\Users\aremi\Desktop\REPORT CBM\PO 42289580 - Pahang 11kV SECOND CYCLE AZZAD 2026\RAW MATERIAL\155. BERTAM VALLEY (VI)\RAW DATA\IR,95.jpg
48,BATTERY BANK 2,1,14. battery2-overview.docx,62,BERTAM VALLEY,9:20 am,02/06/2026,21,79,OVERVIEW,-,,,,,,,,INDKOM,RMU SF6,12kV,INS24,EWT,HERMETICALLY SEAL,750kVA,EWT55674,,,,,PSB,DIN TYPE,1600A,RTLR 642-045,FP TX1,,,,,,,,,,,,,,,,,,{},page48,IR Image Path,C:\Users\aremi\Desktop\REPORT CBM\PO 42289580 - Pahang 11kV SECOND CYCLE AZZAD 2026\RAW MATERIAL\155. BERTAM VALLEY (VI)\RAW DATA\IR,96.jpg
49,BATTERY BANK 3,1,15. battery3-overview.docx,63,BERTAM VALLEY,9:20 am,02/06/2026,21,79,OVERVIEW,-,,,,,,,,INDKOM,RMU SF6,12kV,INS24,EWT,HERMETICALLY SEAL,750kVA,EWT55674,,,,,PSB,DIN TYPE,1600A,RTLR 642-045,FP TX1,,,,,,,,,,,,,,,,,,{},page49,Visual Image Path,C:\Users\aremi\Desktop\REPORT CBM\PO 42289580 - Pahang 11kV SECOND CYCLE AZZAD 2026\RAW MATERIAL\155. BERTAM VALLEY (VI)\RAW DATA\IR,97.jpg
49,BATTERY BANK 3,1,15. battery3-overview.docx,63,BERTAM VALLEY,9:20 am,02/06/2026,21,79,OVERVIEW,-,,,,,,,,INDKOM,RMU SF6,12kV,INS24,EWT,HERMETICALLY SEAL,750kVA,EWT55674,,,,,PSB,DIN TYPE,1600A,RTLR 642-045,FP TX1,,,,,,,,,,,,,,,,,,{},page49,IR Image Path,C:\Users\aremi\Desktop\REPORT CBM\PO 42289580 - Pahang 11kV SECOND CYCLE AZZAD 2026\RAW MATERIAL\155. BERTAM VALLEY (VI)\RAW DATA\IR,98.jpg
50,BATTERY BANK 4,1,16. battery4-overview.docx,64,BERTAM VALLEY,9:20 am,02/06/2026,21,79,OVERVIEW,-,,,,,,,,INDKOM,RMU SF6,12kV,INS24,EWT,HERMETICALLY SEAL,750kVA,EWT55674,,,,,PSB,DIN TYPE,1600A,RTLR 642-045,FP TX1,,,,,,,,,,,,,,,,,,{},page50,Visual Image Path,C:\Users\aremi\Desktop\REPORT CBM\PO 42289580 - Pahang 11kV SECOND CYCLE AZZAD 2026\RAW MATERIAL\155. BERTAM VALLEY (VI)\RAW DATA\IR,99.jpg
50,BATTERY BANK 4,1,16. battery4-overview.docx,64,BERTAM VALLEY,9:20 am,02/06/2026,21,79,OVERVIEW,-,,,,,,,,INDKOM,RMU SF6,12kV,INS24,EWT,HERMETICALLY SEAL,750kVA,EWT55674,,,,,PSB,DIN TYPE,1600A,RTLR 642-045,FP TX1,,,,,,,,,,,,,,,,,,{},page50,IR Image Path,C:\Users\aremi\Desktop\REPORT CBM\PO 42289580 - Pahang 11kV SECOND CYCLE AZZAD 2026\RAW MATERIAL\155. BERTAM VALLEY (VI)\RAW DATA\IR,100.jpg
51,,2,,51,BERTAM VALLEY,9:20 am,02/06/2026,21,79,,,,,,,,,,,,,,,,,,,,,,,,,,,,,,,,,,,,,,,,,,,,,,,,
51,,2,,51,BERTAM VALLEY,9:20 am,02/06/2026,21,79,,,,,,,,,,,,,,,,,,,,,,,,,,,,,,,,,,,,,,,,,,,,,,,,
52,,2,,52,BERTAM VALLEY,9:20 am,02/06/2026,21,79,,,,,,,,,,,,,,,,,,,,,,,,,,,,,,,,,,,,,,,,,,,,,,,,
52,,2,,52,BERTAM VALLEY,9:20 am,02/06/2026,21,79,,,,,,,,,,,,,,,,,,,,,,,,,,,,,,,,,,,,,,,,,,,,,,,,
53,,2,,53,BERTAM VALLEY,9:20 am,02/06/2026,21,79,,,,,,,,,,,,,,,,,,,,,,,,,,,,,,,,,,,,,,,,,,,,,,,,
53,,2,,53,BERTAM VALLEY,9:20 am,02/06/2026,21,79,,,,,,,,,,,,,,,,,,,,,,,,,,,,,,,,,,,,,,,,,,,,,,,,
54,,2,,54,BERTAM VALLEY,9:20 am,02/06/2026,21,79,,,,,,,,,,,,,,,,,,,,,,,,,,,,,,,,,,,,,,,,,,,,,,,,
54,,2,,54,BERTAM VALLEY,9:20 am,02/06/2026,21,79,,,,,,,,,,,,,,,,,,,,,,,,,,,,,,,,,,,,,,,,,,,,,,,,
55,,2,,55,BERTAM VALLEY,9:20 am,02/06/2026,21,79,,,,,,,,,,,,,,,,,,,,,,,,,,,,,,,,,,,,,,,,,,,,,,,,
55,,2,,55,BERTAM VALLEY,9:20 am,02/06/2026,21,79,,,,,,,,,,,,,,,,,,,,,,,,,,,,,,,,,,,,,,,,,,,,,,,,
56,,2,,56,BERTAM VALLEY,9:20 am,02/06/2026,21,79,,,,,,,,,,,,,,,,,,,,,,,,,,,,,,,,,,,,,,,,,,,,,,,,
56,,2,,56,BERTAM VALLEY,9:20 am,02/06/2026,21,79,,,,,,,,,,,,,,,,,,,,,,,,,,,,,,,,,,,,,,,,,,,,,,,,
57,,2,,57,BERTAM VALLEY,9:20 am,02/06/2026,21,79,,,,,,,,,,,,,,,,,,,,,,,,,,,,,,,,,,,,,,,,,,,,,,,,
57,,2,,57,BERTAM VALLEY,9:20 am,02/06/2026,21,79,,,,,,,,,,,,,,,,,,,,,,,,,,,,,,,,,,,,,,,,,,,,,,,,
58,,2,,58,BERTAM VALLEY,9:20 am,02/06/2026,21,79,,,,,,,,,,,,,,,,,,,,,,,,,,,,,,,,,,,,,,,,,,,,,,,,
58,,2,,58,BERTAM VALLEY,9:20 am,02/06/2026,21,79,,,,,,,,,,,,,,,,,,,,,,,,,,,,,,,,,,,,,,,,,,,,,,,,
59,,2,,59,BERTAM VALLEY,9:20 am,02/06/2026,21,79,,,,,,,,,,,,,,,,,,,,,,,,,,,,,,,,,,,,,,,,,,,,,,,,
59,,2,,59,BERTAM VALLEY,9:20 am,02/06/2026,21,79,,,,,,,,,,,,,,,,,,,,,,,,,,,,,,,,,,,,,,,,,,,,,,,,
60,,2,,60,BERTAM VALLEY,9:20 am,02/06/2026,21,79,,,,,,,,,,,,,,,,,,,,,,,,,,,,,,,,,,,,,,,,,,,,,,,,
60,,2,,60,BERTAM VALLEY,9:20 am,02/06/2026,21,79,,,,,,,,,,,,,,,,,,,,,,,,,,,,,,,,,,,,,,,,,,,,,,,,
61,,2,,61,BERTAM VALLEY,9:20 am,02/06/2026,21,79,,,,,,,,,,,,,,,,,,,,,,,,,,,,,,,,,,,,,,,,,,,,,,,,
61,,2,,61,BERTAM VALLEY,9:20 am,02/06/2026,21,79,,,,,,,,,,,,,,,,,,,,,,,,,,,,,,,,,,,,,,,,,,,,,,,,
62,,2,,62,BERTAM VALLEY,9:20 am,02/06/2026,21,79,,,,,,,,,,,,,,,,,,,,,,,,,,,,,,,,,,,,,,,,,,,,,,,,
62,,2,,62,BERTAM VALLEY,9:20 am,02/06/2026,21,79,,,,,,,,,,,,,,,,,,,,,,,,,,,,,,,,,,,,,,,,,,,,,,,,
63,,2,,63,BERTAM VALLEY,9:20 am,02/06/2026,21,79,,,,,,,,,,,,,,,,,,,,,,,,,,,,,,,,,,,,,,,,,,,,,,,,
63,,2,,63,BERTAM VALLEY,9:20 am,02/06/2026,21,79,,,,,,,,,,,,,,,,,,,,,,,,,,,,,,,,,,,,,,,,,,,,,,,,
64,,2,,64,BERTAM VALLEY,9:20 am,02/06/2026,21,79,,,,,,,,,,,,,,,,,,,,,,,,,,,,,,,,,,,,,,,,,,,,,,,,
64,,2,,64,BERTAM VALLEY,9:20 am,02/06/2026,21,79,,,,,,,,,,,,,,,,,,,,,,,,,,,,,,,,,,,,,,,,,,,,,,,,
65,,3,,65,BERTAM VALLEY,9:20 am,02/06/2026,21,79,,,,,,,,,,,,,,,,,,,,,,,,,,,,,,,,,,,,,,,,,,,,,,,,
65,,3,,65,BERTAM VALLEY,9:20 am,02/06/2026,21,79,,,,,,,,,,,,,,,,,,,,,,,,,,,,,,,,,,,,,,,,,,,,,,,,
66,,3,,66,BERTAM VALLEY,9:20 am,02/06/2026,21,79,,,,,,,,,,,,,,,,,,,,,,,,,,,,,,,,,,,,,,,,,,,,,,,,
66,,3,,66,BERTAM VALLEY,9:20 am,02/06/2026,21,79,,,,,,,,,,,,,,,,,,,,,,,,,,,,,,,,,,,,,,,,,,,,,,,,
67,,3,,67,BERTAM VALLEY,9:20 am,02/06/2026,21,79,,,,,,,,,,,,,,,,,,,,,,,,,,,,,,,,,,,,,,,,,,,,,,,,
67,,3,,67,BERTAM VALLEY,9:20 am,02/06/2026,21,79,,,,,,,,,,,,,,,,,,,,,,,,,,,,,,,,,,,,,,,,,,,,,,,,
68,,3,,68,BERTAM VALLEY,9:20 am,02/06/2026,21,79,,,,,,,,,,,,,,,,,,,,,,,,,,,,,,,,,,,,,,,,,,,,,,,,
68,,3,,68,BERTAM VALLEY,9:20 am,02/06/2026,21,79,,,,,,,,,,,,,,,,,,,,,,,,,,,,,,,,,,,,,,,,,,,,,,,,
69,,3,,69,BERTAM VALLEY,9:20 am,02/06/2026,21,79,,,,,,,,,,,,,,,,,,,,,,,,,,,,,,,,,,,,,,,,,,,,,,,,
69,,3,,69,BERTAM VALLEY,9:20 am,02/06/2026,21,79,,,,,,,,,,,,,,,,,,,,,,,,,,,,,,,,,,,,,,,,,,,,,,,,
70,,3,,70,BERTAM VALLEY,9:20 am,02/06/2026,21,79,,,,,,,,,,,,,,,,,,,,,,,,,,,,,,,,,,,,,,,,,,,,,,,,
70,,3,,70,BERTAM VALLEY,9:20 am,02/06/2026,21,79,,,,,,,,,,,,,,,,,,,,,,,,,,,,,,,,,,,,,,,,,,,,,,,,
71,,3,,71,BERTAM VALLEY,9:20 am,02/06/2026,21,79,,,,,,,,,,,,,,,,,,,,,,,,,,,,,,,,,,,,,,,,,,,,,,,,
71,,3,,71,BERTAM VALLEY,9:20 am,02/06/2026,21,79,,,,,,,,,,,,,,,,,,,,,,,,,,,,,,,,,,,,,,,,,,,,,,,,
72,,3,,72,BERTAM VALLEY,9:20 am,02/06/2026,21,79,,,,,,,,,,,,,,,,,,,,,,,,,,,,,,,,,,,,,,,,,,,,,,,,
72,,3,,72,BERTAM VALLEY,9:20 am,02/06/2026,21,79,,,,,,,,,,,,,,,,,,,,,,,,,,,,,,,,,,,,,,,,,,,,,,,,
73,,3,,73,BERTAM VALLEY,9:20 am,02/06/2026,21,79,,,,,,,,,,,,,,,,,,,,,,,,,,,,,,,,,,,,,,,,,,,,,,,,
73,,3,,73,BERTAM VALLEY,9:20 am,02/06/2026,21,79,,,,,,,,,,,,,,,,,,,,,,,,,,,,,,,,,,,,,,,,,,,,,,,,
74,,3,,74,BERTAM VALLEY,9:20 am,02/06/2026,21,79,,,,,,,,,,,,,,,,,,,,,,,,,,,,,,,,,,,,,,,,,,,,,,,,
74,,3,,74,BERTAM VALLEY,9:20 am,02/06/2026,21,79,,,,,,,,,,,,,,,,,,,,,,,,,,,,,,,,,,,,,,,,,,,,,,,,
75,,3,,75,BERTAM VALLEY,9:20 am,02/06/2026,21,79,,,,,,,,,,,,,,,,,,,,,,,,,,,,,,,,,,,,,,,,,,,,,,,,
75,,3,,75,BERTAM VALLEY,9:20 am,02/06/2026,21,79,,,,,,,,,,,,,,,,,,,,,,,,,,,,,,,,,,,,,,,,,,,,,,,,
76,,3,,76,BERTAM VALLEY,9:20 am,02/06/2026,21,79,,,,,,,,,,,,,,,,,,,,,,,,,,,,,,,,,,,,,,,,,,,,,,,,
76,,3,,76,BERTAM VALLEY,9:20 am,02/06/2026,21,79,,,,,,,,,,,,,,,,,,,,,,,,,,,,,,,,,,,,,,,,,,,,,,,,
77,,3,,77,BERTAM VALLEY,9:20 am,02/06/2026,21,79,,,,,,,,,,,,,,,,,,,,,,,,,,,,,,,,,,,,,,,,,,,,,,,,
77,,3,,77,BERTAM VALLEY,9:20 am,02/06/2026,21,79,,,,,,,,,,,,,,,,,,,,,,,,,,,,,,,,,,,,,,,,,,,,,,,,
78,,3,,78,BERTAM VALLEY,9:20 am,02/06/2026,21,79,,,,,,,,,,,,,,,,,,,,,,,,,,,,,,,,,,,,,,,,,,,,,,,,
78,,3,,78,BERTAM VALLEY,9:20 am,02/06/2026,21,79,,,,,,,,,,,,,,,,,,,,,,,,,,,,,,,,,,,,,,,,,,,,,,,,
79,,3,,79,BERTAM VALLEY,9:20 am,02/06/2026,21,79,,,,,,,,,,,,,,,,,,,,,,,,,,,,,,,,,,,,,,,,,,,,,,,,
79,,3,,79,BERTAM VALLEY,9:20 am,02/06/2026,21,79,,,,,,,,,,,,,,,,,,,,,,,,,,,,,,,,,,,,,,,,,,,,,,,,
80,,3,,80,BERTAM VALLEY,9:20 am,02/06/2026,21,79,,,,,,,,,,,,,,,,,,,,,,,,,,,,,,,,,,,,,,,,,,,,,,,,
80,,3,,80,BERTAM VALLEY,9:20 am,02/06/2026,21,79,,,,,,,,,,,,,,,,,,,,,,,,,,,,,,,,,,,,,,,,,,,,,,,,
81,,3,,81,BERTAM VALLEY,9:20 am,02/06/2026,21,79,,,,,,,,,,,,,,,,,,,,,,,,,,,,,,,,,,,,,,,,,,,,,,,,
81,,3,,81,BERTAM VALLEY,9:20 am,02/06/2026,21,79,,,,,,,,,,,,,,,,,,,,,,,,,,,,,,,,,,,,,,,,,,,,,,,,
82,,3,,82,BERTAM VALLEY,9:20 am,02/06/2026,21,79,,,,,,,,,,,,,,,,,,,,,,,,,,,,,,,,,,,,,,,,,,,,,,,,
82,,3,,82,BERTAM VALLEY,9:20 am,02/06/2026,21,79,,,,,,,,,,,,,,,,,,,,,,,,,,,,,,,,,,,,,,,,,,,,,,,,
83,,3,,83,BERTAM VALLEY,9:20 am,02/06/2026,21,79,,,,,,,,,,,,,,,,,,,,,,,,,,,,,,,,,,,,,,,,,,,,,,,,
83,,3,,83,BERTAM VALLEY,9:20 am,02/06/2026,21,79,,,,,,,,,,,,,,,,,,,,,,,,,,,,,,,,,,,,,,,,,,,,,,,,
84,,3,,84,BERTAM VALLEY,9:20 am,02/06/2026,21,79,,,,,,,,,,,,,,,,,,,,,,,,,,,,,,,,,,,,,,,,,,,,,,,,
84,,3,,84,BERTAM VALLEY,9:20 am,02/06/2026,21,79,,,,,,,,,,,,,,,,,,,,,,,,,,,,,,,,,,,,,,,,,,,,,,,,
85,,3,,85,BERTAM VALLEY,9:20 am,02/06/2026,21,79,,,,,,,,,,,,,,,,,,,,,,,,,,,,,,,,,,,,,,,,,,,,,,,,
85,,3,,85,BERTAM VALLEY,9:20 am,02/06/2026,21,79,,,,,,,,,,,,,,,,,,,,,,,,,,,,,,,,,,,,,,,,,,,,,,,,
86,,3,,86,BERTAM VALLEY,9:20 am,02/06/2026,21,79,,,,,,,,,,,,,,,,,,,,,,,,,,,,,,,,,,,,,,,,,,,,,,,,
86,,3,,86,BERTAM VALLEY,9:20 am,02/06/2026,21,79,,,,,,,,,,,,,,,,,,,,,,,,,,,,,,,,,,,,,,,,,,,,,,,,
87,,3,,87,BERTAM VALLEY,9:20 am,02/06/2026,21,79,,,,,,,,,,,,,,,,,,,,,,,,,,,,,,,,,,,,,,,,,,,,,,,,
87,,3,,87,BERTAM VALLEY,9:20 am,02/06/2026,21,79,,,,,,,,,,,,,,,,,,,,,,,,,,,,,,,,,,,,,,,,,,,,,,,,
88,,3,,88,BERTAM VALLEY,9:20 am,02/06/2026,21,79,,,,,,,,,,,,,,,,,,,,,,,,,,,,,,,,,,,,,,,,,,,,,,,,
88,,3,,88,BERTAM VALLEY,9:20 am,02/06/2026,21,79,,,,,,,,,,,,,,,,,,,,,,,,,,,,,,,,,,,,,,,,,,,,,,,,
89,,3,,89,BERTAM VALLEY,9:20 am,02/06/2026,21,79,,,,,,,,,,,,,,,,,,,,,,,,,,,,,,,,,,,,,,,,,,,,,,,,
89,,3,,89,BERTAM VALLEY,9:20 am,02/06/2026,21,79,,,,,,,,,,,,,,,,,,,,,,,,,,,,,,,,,,,,,,,,,,,,,,,,
90,,3,,90,BERTAM VALLEY,9:20 am,02/06/2026,21,79,,,,,,,,,,,,,,,,,,,,,,,,,,,,,,,,,,,,,,,,,,,,,,,,
90,,3,,90,BERTAM VALLEY,9:20 am,02/06/2026,21,79,,,,,,,,,,,,,,,,,,,,,,,,,,,,,,,,,,,,,,,,,,,,,,,,
91,,3,,91,BERTAM VALLEY,9:20 am,02/06/2026,21,79,,,,,,,,,,,,,,,,,,,,,,,,,,,,,,,,,,,,,,,,,,,,,,,,
91,,3,,91,BERTAM VALLEY,9:20 am,02/06/2026,21,79,,,,,,,,,,,,,,,,,,,,,,,,,,,,,,,,,,,,,,,,,,,,,,,,
92,,3,,92,BERTAM VALLEY,9:20 am,02/06/2026,21,79,,,,,,,,,,,,,,,,,,,,,,,,,,,,,,,,,,,,,,,,,,,,,,,,
92,,3,,92,BERTAM VALLEY,9:20 am,02/06/2026,21,79,,,,,,,,,,,,,,,,,,,,,,,,,,,,,,,,,,,,,,,,,,,,,,,,
93,,4,,93,BERTAM VALLEY,9:20 am,02/06/2026,21,79,,,,,,,,,,,,,,,,,,,,,,,,,,,,,,,,,,,,,,,,,,,,,,,,
93,,4,,93,BERTAM VALLEY,9:20 am,02/06/2026,21,79,,,,,,,,,,,,,,,,,,,,,,,,,,,,,,,,,,,,,,,,,,,,,,,,
94,,4,,94,BERTAM VALLEY,9:20 am,02/06/2026,21,79,,,,,,,,,,,,,,,,,,,,,,,,,,,,,,,,,,,,,,,,,,,,,,,,
94,,4,,94,BERTAM VALLEY,9:20 am,02/06/2026,21,79,,,,,,,,,,,,,,,,,,,,,,,,,,,,,,,,,,,,,,,,,,,,,,,,
95,,4,,95,BERTAM VALLEY,9:20 am,02/06/2026,21,79,,,,,,,,,,,,,,,,,,,,,,,,,,,,,,,,,,,,,,,,,,,,,,,,
95,,4,,95,BERTAM VALLEY,9:20 am,02/06/2026,21,79,,,,,,,,,,,,,,,,,,,,,,,,,,,,,,,,,,,,,,,,,,,,,,,,
96,,4,,96,BERTAM VALLEY,9:20 am,02/06/2026,21,79,,,,,,,,,,,,,,,,,,,,,,,,,,,,,,,,,,,,,,,,,,,,,,,,
96,,4,,96,BERTAM VALLEY,9:20 am,02/06/2026,21,79,,,,,,,,,,,,,,,,,,,,,,,,,,,,,,,,,,,,,,,,,,,,,,,,
97,,4,,97,BERTAM VALLEY,9:20 am,02/06/2026,21,79,,,,,,,,,,,,,,,,,,,,,,,,,,,,,,,,,,,,,,,,,,,,,,,,
97,,4,,97,BERTAM VALLEY,9:20 am,02/06/2026,21,79,,,,,,,,,,,,,,,,,,,,,,,,,,,,,,,,,,,,,,,,,,,,,,,,
98,,4,,98,BERTAM VALLEY,9:20 am,02/06/2026,21,79,,,,,,,,,,,,,,,,,,,,,,,,,,,,,,,,,,,,,,,,,,,,,,,,
98,,4,,98,BERTAM VALLEY,9:20 am,02/06/2026,21,79,,,,,,,,,,,,,,,,,,,,,,,,,,,,,,,,,,,,,,,,,,,,,,,,
99,,4,,99,BERTAM VALLEY,9:20 am,02/06/2026,21,79,,,,,,,,,,,,,,,,,,,,,,,,,,,,,,,,,,,,,,,,,,,,,,,,
99,,4,,99,BERTAM VALLEY,9:20 am,02/06/2026,21,79,,,,,,,,,,,,,,,,,,,,,,,,,,,,,,,,,,,,,,,,,,,,,,,,
100,,4,,100,BERTAM VALLEY,9:20 am,02/06/2026,21,79,,,,,,,,,,,,,,,,,,,,,,,,,,,,,,,,,,,,,,,,,,,,,,,,
100,,4,,100,BERTAM VALLEY,9:20 am,02/06/2026,21,79,,,,,,,,,,,,,,,,,,,,,,,,,,,,,,,,,,,,,,,,,,,,,,,,
101,,4,,101,BERTAM VALLEY,9:20 am,02/06/2026,21,79,,,,,,,,,,,,,,,,,,,,,,,,,,,,,,,,,,,,,,,,,,,,,,,,
101,,4,,101,BERTAM VALLEY,9:20 am,02/06/2026,21,79,,,,,,,,,,,,,,,,,,,,,,,,,,,,,,,,,,,,,,,,,,,,,,,,
102,,4,,102,BERTAM VALLEY,9:20 am,02/06/2026,21,79,,,,,,,,,,,,,,,,,,,,,,,,,,,,,,,,,,,,,,,,,,,,,,,,
102,,4,,102,BERTAM VALLEY,9:20 am,02/06/2026,21,79,,,,,,,,,,,,,,,,,,,,,,,,,,,,,,,,,,,,,,,,,,,,,,,,
103,,4,,103,BERTAM VALLEY,9:20 am,02/06/2026,21,79,,,,,,,,,,,,,,,,,,,,,,,,,,,,,,,,,,,,,,,,,,,,,,,,
103,,4,,103,BERTAM VALLEY,9:20 am,02/06/2026,21,79,,,,,,,,,,,,,,,,,,,,,,,,,,,,,,,,,,,,,,,,,,,,,,,,
104,,4,,104,BERTAM VALLEY,9:20 am,02/06/2026,21,79,,,,,,,,,,,,,,,,,,,,,,,,,,,,,,,,,,,,,,,,,,,,,,,,
104,,4,,104,BERTAM VALLEY,9:20 am,02/06/2026,21,79,,,,,,,,,,,,,,,,,,,,,,,,,,,,,,,,,,,,,,,,,,,,,,,,
105,,4,,105,BERTAM VALLEY,9:20 am,02/06/2026,21,79,,,,,,,,,,,,,,,,,,,,,,,,,,,,,,,,,,,,,,,,,,,,,,,,
105,,4,,105,BERTAM VALLEY,9:20 am,02/06/2026,21,79,,,,,,,,,,,,,,,,,,,,,,,,,,,,,,,,,,,,,,,,,,,,,,,,
106,,4,,106,BERTAM VALLEY,9:20 am,02/06/2026,21,79,,,,,,,,,,,,,,,,,,,,,,,,,,,,,,,,,,,,,,,,,,,,,,,,
106,,4,,106,BERTAM VALLEY,9:20 am,02/06/2026,21,79,,,,,,,,,,,,,,,,,,,,,,,,,,,,,,,,,,,,,,,,,,,,,,,,
107,,4,,107,BERTAM VALLEY,9:20 am,02/06/2026,21,79,,,,,,,,,,,,,,,,,,,,,,,,,,,,,,,,,,,,,,,,,,,,,,,,
107,,4,,107,BERTAM VALLEY,9:20 am,02/06/2026,21,79,,,,,,,,,,,,,,,,,,,,,,,,,,,,,,,,,,,,,,,,,,,,,,,,
108,,4,,108,BERTAM VALLEY,9:20 am,02/06/2026,21,79,,,,,,,,,,,,,,,,,,,,,,,,,,,,,,,,,,,,,,,,,,,,,,,,
108,,4,,108,BERTAM VALLEY,9:20 am,02/06/2026,21,79,,,,,,,,,,,,,,,,,,,,,,,,,,,,,,,,,,,,,,,,,,,,,,,,
109,,4,,109,BERTAM VALLEY,9:20 am,02/06/2026,21,79,,,,,,,,,,,,,,,,,,,,,,,,,,,,,,,,,,,,,,,,,,,,,,,,
109,,4,,109,BERTAM VALLEY,9:20 am,02/06/2026,21,79,,,,,,,,,,,,,,,,,,,,,,,,,,,,,,,,,,,,,,,,,,,,,,,,
110,,4,,110,BERTAM VALLEY,9:20 am,02/06/2026,21,79,,,,,,,,,,,,,,,,,,,,,,,,,,,,,,,,,,,,,,,,,,,,,,,,
110,,4,,110,BERTAM VALLEY,9:20 am,02/06/2026,21,79,,,,,,,,,,,,,,,,,,,,,,,,,,,,,,,,,,,,,,,,,,,,,,,,
111,,4,,111,BERTAM VALLEY,9:20 am,02/06/2026,21,79,,,,,,,,,,,,,,,,,,,,,,,,,,,,,,,,,,,,,,,,,,,,,,,,
111,,4,,111,BERTAM VALLEY,9:20 am,02/06/2026,21,79,,,,,,,,,,,,,,,,,,,,,,,,,,,,,,,,,,,,,,,,,,,,,,,,
112,,4,,112,BERTAM VALLEY,9:20 am,02/06/2026,21,79,,,,,,,,,,,,,,,,,,,,,,,,,,,,,,,,,,,,,,,,,,,,,,,,
112,,4,,112,BERTAM VALLEY,9:20 am,02/06/2026,21,79,,,,,,,,,,,,,,,,,,,,,,,,,,,,,,,,,,,,,,,,,,,,,,,,
113,,4,,113,BERTAM VALLEY,9:20 am,02/06/2026,21,79,,,,,,,,,,,,,,,,,,,,,,,,,,,,,,,,,,,,,,,,,,,,,,,,
113,,4,,113,BERTAM VALLEY,9:20 am,02/06/2026,21,79,,,,,,,,,,,,,,,,,,,,,,,,,,,,,,,,,,,,,,,,,,,,,,,,
114,,4,,114,BERTAM VALLEY,9:20 am,02/06/2026,21,79,,,,,,,,,,,,,,,,,,,,,,,,,,,,,,,,,,,,,,,,,,,,,,,,
114,,4,,114,BERTAM VALLEY,9:20 am,02/06/2026,21,79,,,,,,,,,,,,,,,,,,,,,,,,,,,,,,,,,,,,,,,,,,,,,,,,
115,,4,,115,BERTAM VALLEY,9:20 am,02/06/2026,21,79,,,,,,,,,,,,,,,,,,,,,,,,,,,,,,,,,,,,,,,,,,,,,,,,
115,,4,,115,BERTAM VALLEY,9:20 am,02/06/2026,21,79,,,,,,,,,,,,,,,,,,,,,,,,,,,,,,,,,,,,,,,,,,,,,,,,
116,,4,,116,BERTAM VALLEY,9:20 am,02/06/2026,21,79,,,,,,,,,,,,,,,,,,,,,,,,,,,,,,,,,,,,,,,,,,,,,,,,
116,,4,,116,BERTAM VALLEY,9:20 am,02/06/2026,21,79,,,,,,,,,,,,,,,,,,,,,,,,,,,,,,,,,,,,,,,,,,,,,,,,
117,,4,,117,BERTAM VALLEY,9:20 am,02/06/2026,21,79,,,,,,,,,,,,,,,,,,,,,,,,,,,,,,,,,,,,,,,,,,,,,,,,
117,,4,,117,BERTAM VALLEY,9:20 am,02/06/2026,21,79,,,,,,,,,,,,,,,,,,,,,,,,,,,,,,,,,,,,,,,,,,,,,,,,
118,,4,,118,BERTAM VALLEY,9:20 am,02/06/2026,21,79,,,,,,,,,,,,,,,,,,,,,,,,,,,,,,,,,,,,,,,,,,,,,,,,
118,,4,,118,BERTAM VALLEY,9:20 am,02/06/2026,21,79,,,,,,,,,,,,,,,,,,,,,,,,,,,,,,,,,,,,,,,,,,,,,,,,
119,,4,,119,BERTAM VALLEY,9:20 am,02/06/2026,21,79,,,,,,,,,,,,,,,,,,,,,,,,,,,,,,,,,,,,,,,,,,,,,,,,
119,,4,,119,BERTAM VALLEY,9:20 am,02/06/2026,21,79,,,,,,,,,,,,,,,,,,,,,,,,,,,,,,,,,,,,,,,,,,,,,,,,
120,,4,,120,BERTAM VALLEY,9:20 am,02/06/2026,21,79,,,,,,,,,,,,,,,,,,,,,,,,,,,,,,,,,,,,,,,,,,,,,,,,
120,,4,,120,BERTAM VALLEY,9:20 am,02/06/2026,21,79,,,,,,,,,,,,,,,,,,,,,,,,,,,,,,,,,,,,,,,,,,,,,,,,
121,,4,,121,BERTAM VALLEY,9:20 am,02/06/2026,21,79,,,,,,,,,,,,,,,,,,,,,,,,,,,,,,,,,,,,,,,,,,,,,,,,
121,,4,,121,BERTAM VALLEY,9:20 am,02/06/2026,21,79,,,,,,,,,,,,,,,,,,,,,,,,,,,,,,,,,,,,,,,,,,,,,,,,
122,,4,,122,BERTAM VALLEY,9:20 am,02/06/2026,21,79,,,,,,,,,,,,,,,,,,,,,,,,,,,,,,,,,,,,,,,,,,,,,,,,
122,,4,,122,BERTAM VALLEY,9:20 am,02/06/2026,21,79,,,,,,,,,,,,,,,,,,,,,,,,,,,,,,,,,,,,,,,,,,,,,,,,
123,,4,,123,BERTAM VALLEY,9:20 am,02/06/2026,21,79,,,,,,,,,,,,,,,,,,,,,,,,,,,,,,,,,,,,,,,,,,,,,,,,
123,,4,,123,BERTAM VALLEY,9:20 am,02/06/2026,21,79,,,,,,,,,,,,,,,,,,,,,,,,,,,,,,,,,,,,,,,,,,,,,,,,
124,,4,,124,BERTAM VALLEY,9:20 am,02/06/2026,21,79,,,,,,,,,,,,,,,,,,,,,,,,,,,,,,,,,,,,,,,,,,,,,,,,
124,,4,,124,BERTAM VALLEY,9:20 am,02/06/2026,21,79,,,,,,,,,,,,,,,,,,,,,,,,,,,,,,,,,,,,,,,,,,,,,,,,
125,,4,,125,BERTAM VALLEY,9:20 am,02/06/2026,21,79,,,,,,,,,,,,,,,,,,,,,,,,,,,,,,,,,,,,,,,,,,,,,,,,
125,,4,,125,BERTAM VALLEY,9:20 am,02/06/2026,21,79,,,,,,,,,,,,,,,,,,,,,,,,,,,,,,,,,,,,,,,,,,,,,,,,
126,,4,,126,BERTAM VALLEY,9:20 am,02/06/2026,21,79,,,,,,,,,,,,,,,,,,,,,,,,,,,,,,,,,,,,,,,,,,,,,,,,
126,,4,,126,BERTAM VALLEY,9:20 am,02/06/2026,21,79,,,,,,,,,,,,,,,,,,,,,,,,,,,,,,,,,,,,,,,,,,,,,,,,
127,,4,,127,BERTAM VALLEY,9:20 am,02/06/2026,21,79,,,,,,,,,,,,,,,,,,,,,,,,,,,,,,,,,,,,,,,,,,,,,,,,
127,,4,,127,BERTAM VALLEY,9:20 am,02/06/2026,21,79,,,,,,,,,,,,,,,,,,,,,,,,,,,,,,,,,,,,,,,,,,,,,,,,
128,,4,,128,BERTAM VALLEY,9:20 am,02/06/2026,21,79,,,,,,,,,,,,,,,,,,,,,,,,,,,,,,,,,,,,,,,,,,,,,,,,
128,,4,,128,BERTAM VALLEY,9:20 am,02/06/2026,21,79,,,,,,,,,,,,,,,,,,,,,,,,,,,,,,,,,,,,,,,,,,,,,,,,
129,,4,,129,BERTAM VALLEY,9:20 am,02/06/2026,21,79,,,,,,,,,,,,,,,,,,,,,,,,,,,,,,,,,,,,,,,,,,,,,,,,
129,,4,,129,BERTAM VALLEY,9:20 am,02/06/2026,21,79,,,,,,,,,,,,,,,,,,,,,,,,,,,,,,,,,,,,,,,,,,,,,,,,
130,,4,,130,BERTAM VALLEY,9:20 am,02/06/2026,21,79,,,,,,,,,,,,,,,,,,,,,,,,,,,,,,,,,,,,,,,,,,,,,,,,
130,,4,,130,BERTAM VALLEY,9:20 am,02/06/2026,21,79,,,,,,,,,,,,,,,,,,,,,,,,,,,,,,,,,,,,,,,,,,,,,,,,
131,,4,,131,BERTAM VALLEY,9:20 am,02/06/2026,21,79,,,,,,,,,,,,,,,,,,,,,,,,,,,,,,,,,,,,,,,,,,,,,,,,
131,,4,,131,BERTAM VALLEY,9:20 am,02/06/2026,21,79,,,,,,,,,,,,,,,,,,,,,,,,,,,,,,,,,,,,,,,,,,,,,,,,
132,,4,,132,BERTAM VALLEY,9:20 am,02/06/2026,21,79,,,,,,,,,,,,,,,,,,,,,,,,,,,,,,,,,,,,,,,,,,,,,,,,
132,,4,,132,BERTAM VALLEY,9:20 am,02/06/2026,21,79,,,,,,,,,,,,,,,,,,,,,,,,,,,,,,,,,,,,,,,,,,,,,,,,
133,,5,,133,BERTAM VALLEY,9:20 am,02/06/2026,21,79,,,,,,,,,,,,,,,,,,,,,,,,,,,,,,,,,,,,,,,,,,,,,,,,
133,,5,,133,BERTAM VALLEY,9:20 am,02/06/2026,21,79,,,,,,,,,,,,,,,,,,,,,,,,,,,,,,,,,,,,,,,,,,,,,,,,
134,,5,,134,BERTAM VALLEY,9:20 am,02/06/2026,21,79,,,,,,,,,,,,,,,,,,,,,,,,,,,,,,,,,,,,,,,,,,,,,,,,
134,,5,,134,BERTAM VALLEY,9:20 am,02/06/2026,21,79,,,,,,,,,,,,,,,,,,,,,,,,,,,,,,,,,,,,,,,,,,,,,,,,
135,,5,,135,BERTAM VALLEY,9:20 am,02/06/2026,21,79,,,,,,,,,,,,,,,,,,,,,,,,,,,,,,,,,,,,,,,,,,,,,,,,
135,,5,,135,BERTAM VALLEY,9:20 am,02/06/2026,21,79,,,,,,,,,,,,,,,,,,,,,,,,,,,,,,,,,,,,,,,,,,,,,,,,
136,,5,,136,BERTAM VALLEY,9:20 am,02/06/2026,21,79,,,,,,,,,,,,,,,,,,,,,,,,,,,,,,,,,,,,,,,,,,,,,,,,
136,,5,,136,BERTAM VALLEY,9:20 am,02/06/2026,21,79,,,,,,,,,,,,,,,,,,,,,,,,,,,,,,,,,,,,,,,,,,,,,,,,
137,,5,,137,BERTAM VALLEY,9:20 am,02/06/2026,21,79,,,,,,,,,,,,,,,,,,,,,,,,,,,,,,,,,,,,,,,,,,,,,,,,
137,,5,,137,BERTAM VALLEY,9:20 am,02/06/2026,21,79,,,,,,,,,,,,,,,,,,,,,,,,,,,,,,,,,,,,,,,,,,,,,,,,
138,,5,,138,BERTAM VALLEY,9:20 am,02/06/2026,21,79,,,,,,,,,,,,,,,,,,,,,,,,,,,,,,,,,,,,,,,,,,,,,,,,
138,,5,,138,BERTAM VALLEY,9:20 am,02/06/2026,21,79,,,,,,,,,,,,,,,,,,,,,,,,,,,,,,,,,,,,,,,,,,,,,,,,
139,,5,,139,BERTAM VALLEY,9:20 am,02/06/2026,21,79,,,,,,,,,,,,,,,,,,,,,,,,,,,,,,,,,,,,,,,,,,,,,,,,
139,,5,,139,BERTAM VALLEY,9:20 am,02/06/2026,21,79,,,,,,,,,,,,,,,,,,,,,,,,,,,,,,,,,,,,,,,,,,,,,,,,
140,,5,,140,BERTAM VALLEY,9:20 am,02/06/2026,21,79,,,,,,,,,,,,,,,,,,,,,,,,,,,,,,,,,,,,,,,,,,,,,,,,
140,,5,,140,BERTAM VALLEY,9:20 am,02/06/2026,21,79,,,,,,,,,,,,,,,,,,,,,,,,,,,,,,,,,,,,,,,,,,,,,,,,
141,,5,,141,BERTAM VALLEY,9:20 am,02/06/2026,21,79,,,,,,,,,,,,,,,,,,,,,,,,,,,,,,,,,,,,,,,,,,,,,,,,
141,,5,,141,BERTAM VALLEY,9:20 am,02/06/2026,21,79,,,,,,,,,,,,,,,,,,,,,,,,,,,,,,,,,,,,,,,,,,,,,,,,
142,,5,,142,BERTAM VALLEY,9:20 am,02/06/2026,21,79,,,,,,,,,,,,,,,,,,,,,,,,,,,,,,,,,,,,,,,,,,,,,,,,
142,,5,,142,BERTAM VALLEY,9:20 am,02/06/2026,21,79,,,,,,,,,,,,,,,,,,,,,,,,,,,,,,,,,,,,,,,,,,,,,,,,
143,,5,,143,BERTAM VALLEY,9:20 am,02/06/2026,21,79,,,,,,,,,,,,,,,,,,,,,,,,,,,,,,,,,,,,,,,,,,,,,,,,
143,,5,,143,BERTAM VALLEY,9:20 am,02/06/2026,21,79,,,,,,,,,,,,,,,,,,,,,,,,,,,,,,,,,,,,,,,,,,,,,,,,
144,,5,,144,BERTAM VALLEY,9:20 am,02/06/2026,21,79,,,,,,,,,,,,,,,,,,,,,,,,,,,,,,,,,,,,,,,,,,,,,,,,
144,,5,,144,BERTAM VALLEY,9:20 am,02/06/2026,21,79,,,,,,,,,,,,,,,,,,,,,,,,,,,,,,,,,,,,,,,,,,,,,,,,
145,,5,,145,BERTAM VALLEY,9:20 am,02/06/2026,21,79,,,,,,,,,,,,,,,,,,,,,,,,,,,,,,,,,,,,,,,,,,,,,,,,
145,,5,,145,BERTAM VALLEY,9:20 am,02/06/2026,21,79,,,,,,,,,,,,,,,,,,,,,,,,,,,,,,,,,,,,,,,,,,,,,,,,
146,,5,,146,BERTAM VALLEY,9:20 am,02/06/2026,21,79,,,,,,,,,,,,,,,,,,,,,,,,,,,,,,,,,,,,,,,,,,,,,,,,
146,,5,,146,BERTAM VALLEY,9:20 am,02/06/2026,21,79,,,,,,,,,,,,,,,,,,,,,,,,,,,,,,,,,,,,,,,,,,,,,,,,
147,,5,,147,BERTAM VALLEY,9:20 am,02/06/2026,21,79,,,,,,,,,,,,,,,,,,,,,,,,,,,,,,,,,,,,,,,,,,,,,,,,
147,,5,,147,BERTAM VALLEY,9:20 am,02/06/2026,21,79,,,,,,,,,,,,,,,,,,,,,,,,,,,,,,,,,,,,,,,,,,,,,,,,
148,,5,,148,BERTAM VALLEY,9:20 am,02/06/2026,21,79,,,,,,,,,,,,,,,,,,,,,,,,,,,,,,,,,,,,,,,,,,,,,,,,
148,,5,,148,BERTAM VALLEY,9:20 am,02/06/2026,21,79,,,,,,,,,,,,,,,,,,,,,,,,,,,,,,,,,,,,,,,,,,,,,,,,
149,,5,,149,BERTAM VALLEY,9:20 am,02/06/2026,21,79,,,,,,,,,,,,,,,,,,,,,,,,,,,,,,,,,,,,,,,,,,,,,,,,
149,,5,,149,BERTAM VALLEY,9:20 am,02/06/2026,21,79,,,,,,,,,,,,,,,,,,,,,,,,,,,,,,,,,,,,,,,,,,,,,,,,
150,,5,,150,BERTAM VALLEY,9:20 am,02/06/2026,21,79,,,,,,,,,,,,,,,,,,,,,,,,,,,,,,,,,,,,,,,,,,,,,,,,
150,,5,,150,BERTAM VALLEY,9:20 am,02/06/2026,21,79,,,,,,,,,,,,,,,,,,,,,,,,,,,,,,,,,,,,,,,,,,,,,,,,
151,,5,,151,BERTAM VALLEY,9:20 am,02/06/2026,21,79,,,,,,,,,,,,,,,,,,,,,,,,,,,,,,,,,,,,,,,,,,,,,,,,
151,,5,,151,BERTAM VALLEY,9:20 am,02/06/2026,21,79,,,,,,,,,,,,,,,,,,,,,,,,,,,,,,,,,,,,,,,,,,,,,,,,
152,,5,,152,BERTAM VALLEY,9:20 am,02/06/2026,21,79,,,,,,,,,,,,,,,,,,,,,,,,,,,,,,,,,,,,,,,,,,,,,,,,
152,,5,,152,BERTAM VALLEY,9:20 am,02/06/2026,21,79,,,,,,,,,,,,,,,,,,,,,,,,,,,,,,,,,,,,,,,,,,,,,,,,
153,,5,,153,BERTAM VALLEY,9:20 am,02/06/2026,21,79,,,,,,,,,,,,,,,,,,,,,,,,,,,,,,,,,,,,,,,,,,,,,,,,
153,,5,,153,BERTAM VALLEY,9:20 am,02/06/2026,21,79,,,,,,,,,,,,,,,,,,,,,,,,,,,,,,,,,,,,,,,,,,,,,,,,
154,,5,,154,BERTAM VALLEY,9:20 am,02/06/2026,21,79,,,,,,,,,,,,,,,,,,,,,,,,,,,,,,,,,,,,,,,,,,,,,,,,
154,,5,,154,BERTAM VALLEY,9:20 am,02/06/2026,21,79,,,,,,,,,,,,,,,,,,,,,,,,,,,,,,,,,,,,,,,,,,,,,,,,
155,,5,,155,BERTAM VALLEY,9:20 am,02/06/2026,21,79,,,,,,,,,,,,,,,,,,,,,,,,,,,,,,,,,,,,,,,,,,,,,,,,
155,,5,,155,BERTAM VALLEY,9:20 am,02/06/2026,21,79,,,,,,,,,,,,,,,,,,,,,,,,,,,,,,,,,,,,,,,,,,,,,,,,
156,,5,,156,BERTAM VALLEY,9:20 am,02/06/2026,21,79,,,,,,,,,,,,,,,,,,,,,,,,,,,,,,,,,,,,,,,,,,,,,,,,
156,,5,,156,BERTAM VALLEY,9:20 am,02/06/2026,21,79,,,,,,,,,,,,,,,,,,,,,,,,,,,,,,,,,,,,,,,,,,,,,,,,
157,,5,,157,BERTAM VALLEY,9:20 am,02/06/2026,21,79,,,,,,,,,,,,,,,,,,,,,,,,,,,,,,,,,,,,,,,,,,,,,,,,
157,,5,,157,BERTAM VALLEY,9:20 am,02/06/2026,21,79,,,,,,,,,,,,,,,,,,,,,,,,,,,,,,,,,,,,,,,,,,,,,,,,
158,,5,,158,BERTAM VALLEY,9:20 am,02/06/2026,21,79,,,,,,,,,,,,,,,,,,,,,,,,,,,,,,,,,,,,,,,,,,,,,,,,
158,,5,,158,BERTAM VALLEY,9:20 am,02/06/2026,21,79,,,,,,,,,,,,,,,,,,,,,,,,,,,,,,,,,,,,,,,,,,,,,,,,
159,,5,,159,BERTAM VALLEY,9:20 am,02/06/2026,21,79,,,,,,,,,,,,,,,,,,,,,,,,,,,,,,,,,,,,,,,,,,,,,,,,
159,,5,,159,BERTAM VALLEY,9:20 am,02/06/2026,21,79,,,,,,,,,,,,,,,,,,,,,,,,,,,,,,,,,,,,,,,,,,,,,,,,
160,,5,,160,BERTAM VALLEY,9:20 am,02/06/2026,21,79,,,,,,,,,,,,,,,,,,,,,,,,,,,,,,,,,,,,,,,,,,,,,,,,
160,,5,,160,BERTAM VALLEY,9:20 am,02/06/2026,21,79,,,,,,,,,,,,,,,,,,,,,,,,,,,,,,,,,,,,,,,,,,,,,,,,
161,,5,,161,BERTAM VALLEY,9:20 am,02/06/2026,21,79,,,,,,,,,,,,,,,,,,,,,,,,,,,,,,,,,,,,,,,,,,,,,,,,
161,,5,,161,BERTAM VALLEY,9:20 am,02/06/2026,21,79,,,,,,,,,,,,,,,,,,,,,,,,,,,,,,,,,,,,,,,,,,,,,,,,
162,,5,,162,BERTAM VALLEY,9:20 am,02/06/2026,21,79,,,,,,,,,,,,,,,,,,,,,,,,,,,,,,,,,,,,,,,,,,,,,,,,
162,,5,,162,BERTAM VALLEY,9:20 am,02/06/2026,21,79,,,,,,,,,,,,,,,,,,,,,,,,,,,,,,,,,,,,,,,,,,,,,,,,
163,,5,,163,BERTAM VALLEY,9:20 am,02/06/2026,21,79,,,,,,,,,,,,,,,,,,,,,,,,,,,,,,,,,,,,,,,,,,,,,,,,
163,,5,,163,BERTAM VALLEY,9:20 am,02/06/2026,21,79,,,,,,,,,,,,,,,,,,,,,,,,,,,,,,,,,,,,,,,,,,,,,,,,
164,,5,,164,BERTAM VALLEY,9:20 am,02/06/2026,21,79,,,,,,,,,,,,,,,,,,,,,,,,,,,,,,,,,,,,,,,,,,,,,,,,
164,,5,,164,BERTAM VALLEY,9:20 am,02/06/2026,21,79,,,,,,,,,,,,,,,,,,,,,,,,,,,,,,,,,,,,,,,,,,,,,,,,
165,,5,,165,BERTAM VALLEY,9:20 am,02/06/2026,21,79,,,,,,,,,,,,,,,,,,,,,,,,,,,,,,,,,,,,,,,,,,,,,,,,
165,,5,,165,BERTAM VALLEY,9:20 am,02/06/2026,21,79,,,,,,,,,,,,,,,,,,,,,,,,,,,,,,,,,,,,,,,,,,,,,,,,
166,,5,,166,BERTAM VALLEY,9:20 am,02/06/2026,21,79,,,,,,,,,,,,,,,,,,,,,,,,,,,,,,,,,,,,,,,,,,,,,,,,
166,,5,,166,BERTAM VALLEY,9:20 am,02/06/2026,21,79,,,,,,,,,,,,,,,,,,,,,,,,,,,,,,,,,,,,,,,,,,,,,,,,
167,,5,,167,BERTAM VALLEY,9:20 am,02/06/2026,21,79,,,,,,,,,,,,,,,,,,,,,,,,,,,,,,,,,,,,,,,,,,,,,,,,
167,,5,,167,BERTAM VALLEY,9:20 am,02/06/2026,21,79,,,,,,,,,,,,,,,,,,,,,,,,,,,,,,,,,,,,,,,,,,,,,,,,
168,,5,,168,BERTAM VALLEY,9:20 am,02/06/2026,21,79,,,,,,,,,,,,,,,,,,,,,,,,,,,,,,,,,,,,,,,,,,,,,,,,
168,,5,,168,BERTAM VALLEY,9:20 am,02/06/2026,21,79,,,,,,,,,,,,,,,,,,,,,,,,,,,,,,,,,,,,,,,,,,,,,,,,
169,,5,,169,BERTAM VALLEY,9:20 am,02/06/2026,21,79,,,,,,,,,,,,,,,,,,,,,,,,,,,,,,,,,,,,,,,,,,,,,,,,
169,,5,,169,BERTAM VALLEY,9:20 am,02/06/2026,21,79,,,,,,,,,,,,,,,,,,,,,,,,,,,,,,,,,,,,,,,,,,,,,,,,
170,,5,,170,BERTAM VALLEY,9:20 am,02/06/2026,21,79,,,,,,,,,,,,,,,,,,,,,,,,,,,,,,,,,,,,,,,,,,,,,,,,
170,,5,,170,BERTAM VALLEY,9:20 am,02/06/2026,21,79,,,,,,,,,,,,,,,,,,,,,,,,,,,,,,,,,,,,,,,,,,,,,,,,
171,,5,,171,BERTAM VALLEY,9:20 am,02/06/2026,21,79,,,,,,,,,,,,,,,,,,,,,,,,,,,,,,,,,,,,,,,,,,,,,,,,
171,,5,,171,BERTAM VALLEY,9:20 am,02/06/2026,21,79,,,,,,,,,,,,,,,,,,,,,,,,,,,,,,,,,,,,,,,,,,,,,,,,
172,,5,,172,BERTAM VALLEY,9:20 am,02/06/2026,21,79,,,,,,,,,,,,,,,,,,,,,,,,,,,,,,,,,,,,,,,,,,,,,,,,
172,,5,,172,BERTAM VALLEY,9:20 am,02/06/2026,21,79,,,,,,,,,,,,,,,,,,,,,,,,,,,,,,,,,,,,,,,,,,,,,,,,
173,,6,,173,BERTAM VALLEY,9:20 am,02/06/2026,21,79,,,,,,,,,,,,,,,,,,,,,,,,,,,,,,,,,,,,,,,,,,,,,,,,
173,,6,,173,BERTAM VALLEY,9:20 am,02/06/2026,21,79,,,,,,,,,,,,,,,,,,,,,,,,,,,,,,,,,,,,,,,,,,,,,,,,
174,,6,,174,BERTAM VALLEY,9:20 am,02/06/2026,21,79,,,,,,,,,,,,,,,,,,,,,,,,,,,,,,,,,,,,,,,,,,,,,,,,
174,,6,,174,BERTAM VALLEY,9:20 am,02/06/2026,21,79,,,,,,,,,,,,,,,,,,,,,,,,,,,,,,,,,,,,,,,,,,,,,,,,
175,,6,,175,BERTAM VALLEY,9:20 am,02/06/2026,21,79,,,,,,,,,,,,,,,,,,,,,,,,,,,,,,,,,,,,,,,,,,,,,,,,
175,,6,,175,BERTAM VALLEY,9:20 am,02/06/2026,21,79,,,,,,,,,,,,,,,,,,,,,,,,,,,,,,,,,,,,,,,,,,,,,,,,
176,,6,,176,BERTAM VALLEY,9:20 am,02/06/2026,21,79,,,,,,,,,,,,,,,,,,,,,,,,,,,,,,,,,,,,,,,,,,,,,,,,
176,,6,,176,BERTAM VALLEY,9:20 am,02/06/2026,21,79,,,,,,,,,,,,,,,,,,,,,,,,,,,,,,,,,,,,,,,,,,,,,,,,
177,,6,,177,BERTAM VALLEY,9:20 am,02/06/2026,21,79,,,,,,,,,,,,,,,,,,,,,,,,,,,,,,,,,,,,,,,,,,,,,,,,
177,,6,,177,BERTAM VALLEY,9:20 am,02/06/2026,21,79,,,,,,,,,,,,,,,,,,,,,,,,,,,,,,,,,,,,,,,,,,,,,,,,
178,,6,,178,BERTAM VALLEY,9:20 am,02/06/2026,21,79,,,,,,,,,,,,,,,,,,,,,,,,,,,,,,,,,,,,,,,,,,,,,,,,
178,,6,,178,BERTAM VALLEY,9:20 am,02/06/2026,21,79,,,,,,,,,,,,,,,,,,,,,,,,,,,,,,,,,,,,,,,,,,,,,,,,
179,,6,,179,BERTAM VALLEY,9:20 am,02/06/2026,21,79,,,,,,,,,,,,,,,,,,,,,,,,,,,,,,,,,,,,,,,,,,,,,,,,
179,,6,,179,BERTAM VALLEY,9:20 am,02/06/2026,21,79,,,,,,,,,,,,,,,,,,,,,,,,,,,,,,,,,,,,,,,,,,,,,,,,
180,,6,,180,BERTAM VALLEY,9:20 am,02/06/2026,21,79,,,,,,,,,,,,,,,,,,,,,,,,,,,,,,,,,,,,,,,,,,,,,,,,
180,,6,,180,BERTAM VALLEY,9:20 am,02/06/2026,21,79,,,,,,,,,,,,,,,,,,,,,,,,,,,,,,,,,,,,,,,,,,,,,,,,
181,,6,,181,BERTAM VALLEY,9:20 am,02/06/2026,21,79,,,,,,,,,,,,,,,,,,,,,,,,,,,,,,,,,,,,,,,,,,,,,,,,
181,,6,,181,BERTAM VALLEY,9:20 am,02/06/2026,21,79,,,,,,,,,,,,,,,,,,,,,,,,,,,,,,,,,,,,,,,,,,,,,,,,
182,,6,,182,BERTAM VALLEY,9:20 am,02/06/2026,21,79,,,,,,,,,,,,,,,,,,,,,,,,,,,,,,,,,,,,,,,,,,,,,,,,
182,,6,,182,BERTAM VALLEY,9:20 am,02/06/2026,21,79,,,,,,,,,,,,,,,,,,,,,,,,,,,,,,,,,,,,,,,,,,,,,,,,
183,,6,,183,BERTAM VALLEY,9:20 am,02/06/2026,21,79,,,,,,,,,,,,,,,,,,,,,,,,,,,,,,,,,,,,,,,,,,,,,,,,
183,,6,,183,BERTAM VALLEY,9:20 am,02/06/2026,21,79,,,,,,,,,,,,,,,,,,,,,,,,,,,,,,,,,,,,,,,,,,,,,,,,
184,,6,,184,BERTAM VALLEY,9:20 am,02/06/2026,21,79,,,,,,,,,,,,,,,,,,,,,,,,,,,,,,,,,,,,,,,,,,,,,,,,
184,,6,,184,BERTAM VALLEY,9:20 am,02/06/2026,21,79,,,,,,,,,,,,,,,,,,,,,,,,,,,,,,,,,,,,,,,,,,,,,,,,
185,,6,,185,BERTAM VALLEY,9:20 am,02/06/2026,21,79,,,,,,,,,,,,,,,,,,,,,,,,,,,,,,,,,,,,,,,,,,,,,,,,
185,,6,,185,BERTAM VALLEY,9:20 am,02/06/2026,21,79,,,,,,,,,,,,,,,,,,,,,,,,,,,,,,,,,,,,,,,,,,,,,,,,
186,,6,,186,BERTAM VALLEY,9:20 am,02/06/2026,21,79,,,,,,,,,,,,,,,,,,,,,,,,,,,,,,,,,,,,,,,,,,,,,,,,
186,,6,,186,BERTAM VALLEY,9:20 am,02/06/2026,21,79,,,,,,,,,,,,,,,,,,,,,,,,,,,,,,,,,,,,,,,,,,,,,,,,
187,,6,,187,BERTAM VALLEY,9:20 am,02/06/2026,21,79,,,,,,,,,,,,,,,,,,,,,,,,,,,,,,,,,,,,,,,,,,,,,,,,
187,,6,,187,BERTAM VALLEY,9:20 am,02/06/2026,21,79,,,,,,,,,,,,,,,,,,,,,,,,,,,,,,,,,,,,,,,,,,,,,,,,
188,,6,,188,BERTAM VALLEY,9:20 am,02/06/2026,21,79,,,,,,,,,,,,,,,,,,,,,,,,,,,,,,,,,,,,,,,,,,,,,,,,
188,,6,,188,BERTAM VALLEY,9:20 am,02/06/2026,21,79,,,,,,,,,,,,,,,,,,,,,,,,,,,,,,,,,,,,,,,,,,,,,,,,
189,,6,,189,BERTAM VALLEY,9:20 am,02/06/2026,21,79,,,,,,,,,,,,,,,,,,,,,,,,,,,,,,,,,,,,,,,,,,,,,,,,
189,,6,,189,BERTAM VALLEY,9:20 am,02/06/2026,21,79,,,,,,,,,,,,,,,,,,,,,,,,,,,,,,,,,,,,,,,,,,,,,,,,
190,,6,,190,BERTAM VALLEY,9:20 am,02/06/2026,21,79,,,,,,,,,,,,,,,,,,,,,,,,,,,,,,,,,,,,,,,,,,,,,,,,
190,,6,,190,BERTAM VALLEY,9:20 am,02/06/2026,21,79,,,,,,,,,,,,,,,,,,,,,,,,,,,,,,,,,,,,,,,,,,,,,,,,
191,,6,,191,BERTAM VALLEY,9:20 am,02/06/2026,21,79,,,,,,,,,,,,,,,,,,,,,,,,,,,,,,,,,,,,,,,,,,,,,,,,
191,,6,,191,BERTAM VALLEY,9:20 am,02/06/2026,21,79,,,,,,,,,,,,,,,,,,,,,,,,,,,,,,,,,,,,,,,,,,,,,,,,
192,,6,,192,BERTAM VALLEY,9:20 am,02/06/2026,21,79,,,,,,,,,,,,,,,,,,,,,,,,,,,,,,,,,,,,,,,,,,,,,,,,
192,,6,,192,BERTAM VALLEY,9:20 am,02/06/2026,21,79,,,,,,,,,,,,,,,,,,,,,,,,,,,,,,,,,,,,,,,,,,,,,,,,
193,,6,,193,BERTAM VALLEY,9:20 am,02/06/2026,21,79,,,,,,,,,,,,,,,,,,,,,,,,,,,,,,,,,,,,,,,,,,,,,,,,
193,,6,,193,BERTAM VALLEY,9:20 am,02/06/2026,21,79,,,,,,,,,,,,,,,,,,,,,,,,,,,,,,,,,,,,,,,,,,,,,,,,
194,,6,,194,BERTAM VALLEY,9:20 am,02/06/2026,21,79,,,,,,,,,,,,,,,,,,,,,,,,,,,,,,,,,,,,,,,,,,,,,,,,
194,,6,,194,BERTAM VALLEY,9:20 am,02/06/2026,21,79,,,,,,,,,,,,,,,,,,,,,,,,,,,,,,,,,,,,,,,,,,,,,,,,
195,,6,,195,BERTAM VALLEY,9:20 am,02/06/2026,21,79,,,,,,,,,,,,,,,,,,,,,,,,,,,,,,,,,,,,,,,,,,,,,,,,
195,,6,,195,BERTAM VALLEY,9:20 am,02/06/2026,21,79,,,,,,,,,,,,,,,,,,,,,,,,,,,,,,,,,,,,,,,,,,,,,,,,
196,,6,,196,BERTAM VALLEY,9:20 am,02/06/2026,21,79,,,,,,,,,,,,,,,,,,,,,,,,,,,,,,,,,,,,,,,,,,,,,,,,
196,,6,,196,BERTAM VALLEY,9:20 am,02/06/2026,21,79,,,,,,,,,,,,,,,,,,,,,,,,,,,,,,,,,,,,,,,,,,,,,,,,
197,,6,,197,BERTAM VALLEY,9:20 am,02/06/2026,21,79,,,,,,,,,,,,,,,,,,,,,,,,,,,,,,,,,,,,,,,,,,,,,,,,
197,,6,,197,BERTAM VALLEY,9:20 am,02/06/2026,21,79,,,,,,,,,,,,,,,,,,,,,,,,,,,,,,,,,,,,,,,,,,,,,,,,
198,,6,,198,BERTAM VALLEY,9:20 am,02/06/2026,21,79,,,,,,,,,,,,,,,,,,,,,,,,,,,,,,,,,,,,,,,,,,,,,,,,
198,,6,,198,BERTAM VALLEY,9:20 am,02/06/2026,21,79,,,,,,,,,,,,,,,,,,,,,,,,,,,,,,,,,,,,,,,,,,,,,,,,
199,,6,,199,BERTAM VALLEY,9:20 am,02/06/2026,21,79,,,,,,,,,,,,,,,,,,,,,,,,,,,,,,,,,,,,,,,,,,,,,,,,
199,,6,,199,BERTAM VALLEY,9:20 am,02/06/2026,21,79,,,,,,,,,,,,,,,,,,,,,,,,,,,,,,,,,,,,,,,,,,,,,,,,
200,,6,,200,BERTAM VALLEY,9:20 am,02/06/2026,21,79,,,,,,,,,,,,,,,,,,,,,,,,,,,,,,,,,,,,,,,,,,,,,,,,
200,,6,,200,BERTAM VALLEY,9:20 am,02/06/2026,21,79,,,,,,,,,,,,,,,,,,,,,,,,,,,,,,,,,,,,,,,,,,,,,,,,
201,,6,,201,BERTAM VALLEY,9:20 am,02/06/2026,21,79,,,,,,,,,,,,,,,,,,,,,,,,,,,,,,,,,,,,,,,,,,,,,,,,
201,,6,,201,BERTAM VALLEY,9:20 am,02/06/2026,21,79,,,,,,,,,,,,,,,,,,,,,,,,,,,,,,,,,,,,,,,,,,,,,,,,
202,,6,,202,BERTAM VALLEY,9:20 am,02/06/2026,21,79,,,,,,,,,,,,,,,,,,,,,,,,,,,,,,,,,,,,,,,,,,,,,,,,
202,,6,,202,BERTAM VALLEY,9:20 am,02/06/2026,21,79,,,,,,,,,,,,,,,,,,,,,,,,,,,,,,,,,,,,,,,,,,,,,,,,
203,,6,,203,BERTAM VALLEY,9:20 am,02/06/2026,21,79,,,,,,,,,,,,,,,,,,,,,,,,,,,,,,,,,,,,,,,,,,,,,,,,
203,,6,,203,BERTAM VALLEY,9:20 am,02/06/2026,21,79,,,,,,,,,,,,,,,,,,,,,,,,,,,,,,,,,,,,,,,,,,,,,,,,
204,,6,,204,BERTAM VALLEY,9:20 am,02/06/2026,21,79,,,,,,,,,,,,,,,,,,,,,,,,,,,,,,,,,,,,,,,,,,,,,,,,
204,,6,,204,BERTAM VALLEY,9:20 am,02/06/2026,21,79,,,,,,,,,,,,,,,,,,,,,,,,,,,,,,,,,,,,,,,,,,,,,,,,
205,,6,,205,BERTAM VALLEY,9:20 am,02/06/2026,21,79,,,,,,,,,,,,,,,,,,,,,,,,,,,,,,,,,,,,,,,,,,,,,,,,
205,,6,,205,BERTAM VALLEY,9:20 am,02/06/2026,21,79,,,,,,,,,,,,,,,,,,,,,,,,,,,,,,,,,,,,,,,,,,,,,,,,
206,,6,,206,BERTAM VALLEY,9:20 am,02/06/2026,21,79,,,,,,,,,,,,,,,,,,,,,,,,,,,,,,,,,,,,,,,,,,,,,,,,
206,,6,,206,BERTAM VALLEY,9:20 am,02/06/2026,21,79,,,,,,,,,,,,,,,,,,,,,,,,,,,,,,,,,,,,,,,,,,,,,,,,
207,,6,,207,BERTAM VALLEY,9:20 am,02/06/2026,21,79,,,,,,,,,,,,,,,,,,,,,,,,,,,,,,,,,,,,,,,,,,,,,,,,
207,,6,,207,BERTAM VALLEY,9:20 am,02/06/2026,21,79,,,,,,,,,,,,,,,,,,,,,,,,,,,,,,,,,,,,,,,,,,,,,,,,
208,,6,,208,BERTAM VALLEY,9:20 am,02/06/2026,21,79,,,,,,,,,,,,,,,,,,,,,,,,,,,,,,,,,,,,,,,,,,,,,,,,
208,,6,,208,BERTAM VALLEY,9:20 am,02/06/2026,21,79,,,,,,,,,,,,,,,,,,,,,,,,,,,,,,,,,,,,,,,,,,,,,,,,
209,,6,,209,BERTAM VALLEY,9:20 am,02/06/2026,21,79,,,,,,,,,,,,,,,,,,,,,,,,,,,,,,,,,,,,,,,,,,,,,,,,
209,,6,,209,BERTAM VALLEY,9:20 am,02/06/2026,21,79,,,,,,,,,,,,,,,,,,,,,,,,,,,,,,,,,,,,,,,,,,,,,,,,
210,,6,,210,BERTAM VALLEY,9:20 am,02/06/2026,21,79,,,,,,,,,,,,,,,,,,,,,,,,,,,,,,,,,,,,,,,,,,,,,,,,
210,,6,,210,BERTAM VALLEY,9:20 am,02/06/2026,21,79,,,,,,,,,,,,,,,,,,,,,,,,,,,,,,,,,,,,,,,,,,,,,,,,
211,,6,,211,BERTAM VALLEY,9:20 am,02/06/2026,21,79,,,,,,,,,,,,,,,,,,,,,,,,,,,,,,,,,,,,,,,,,,,,,,,,
211,,6,,211,BERTAM VALLEY,9:20 am,02/06/2026,21,79,,,,,,,,,,,,,,,,,,,,,,,,,,,,,,,,,,,,,,,,,,,,,,,,
212,,6,,212,BERTAM VALLEY,9:20 am,02/06/2026,21,79,,,,,,,,,,,,,,,,,,,,,,,,,,,,,,,,,,,,,,,,,,,,,,,,
212,,6,,212,BERTAM VALLEY,9:20 am,02/06/2026,21,79,,,,,,,,,,,,,,,,,,,,,,,,,,,,,,,,,,,,,,,,,,,,,,,,
213,,7,,213,BERTAM VALLEY,9:20 am,02/06/2026,21,79,,,,,,,,,,,,,,,,,,,,,,,,,,,,,,,,,,,,,,,,,,,,,,,,
213,,7,,213,BERTAM VALLEY,9:20 am,02/06/2026,21,79,,,,,,,,,,,,,,,,,,,,,,,,,,,,,,,,,,,,,,,,,,,,,,,,
214,,7,,214,BERTAM VALLEY,9:20 am,02/06/2026,21,79,,,,,,,,,,,,,,,,,,,,,,,,,,,,,,,,,,,,,,,,,,,,,,,,
214,,7,,214,BERTAM VALLEY,9:20 am,02/06/2026,21,79,,,,,,,,,,,,,,,,,,,,,,,,,,,,,,,,,,,,,,,,,,,,,,,,
215,,7,,215,BERTAM VALLEY,9:20 am,02/06/2026,21,79,,,,,,,,,,,,,,,,,,,,,,,,,,,,,,,,,,,,,,,,,,,,,,,,
215,,7,,215,BERTAM VALLEY,9:20 am,02/06/2026,21,79,,,,,,,,,,,,,,,,,,,,,,,,,,,,,,,,,,,,,,,,,,,,,,,,
216,,7,,216,BERTAM VALLEY,9:20 am,02/06/2026,21,79,,,,,,,,,,,,,,,,,,,,,,,,,,,,,,,,,,,,,,,,,,,,,,,,
216,,7,,216,BERTAM VALLEY,9:20 am,02/06/2026,21,79,,,,,,,,,,,,,,,,,,,,,,,,,,,,,,,,,,,,,,,,,,,,,,,,
217,,7,,217,BERTAM VALLEY,9:20 am,02/06/2026,21,79,,,,,,,,,,,,,,,,,,,,,,,,,,,,,,,,,,,,,,,,,,,,,,,,
217,,7,,217,BERTAM VALLEY,9:20 am,02/06/2026,21,79,,,,,,,,,,,,,,,,,,,,,,,,,,,,,,,,,,,,,,,,,,,,,,,,
218,,7,,218,BERTAM VALLEY,9:20 am,02/06/2026,21,79,,,,,,,,,,,,,,,,,,,,,,,,,,,,,,,,,,,,,,,,,,,,,,,,
218,,7,,218,BERTAM VALLEY,9:20 am,02/06/2026,21,79,,,,,,,,,,,,,,,,,,,,,,,,,,,,,,,,,,,,,,,,,,,,,,,,
219,,7,,219,BERTAM VALLEY,9:20 am,02/06/2026,21,79,,,,,,,,,,,,,,,,,,,,,,,,,,,,,,,,,,,,,,,,,,,,,,,,
219,,7,,219,BERTAM VALLEY,9:20 am,02/06/2026,21,79,,,,,,,,,,,,,,,,,,,,,,,,,,,,,,,,,,,,,,,,,,,,,,,,
220,,7,,220,BERTAM VALLEY,9:20 am,02/06/2026,21,79,,,,,,,,,,,,,,,,,,,,,,,,,,,,,,,,,,,,,,,,,,,,,,,,
220,,7,,220,BERTAM VALLEY,9:20 am,02/06/2026,21,79,,,,,,,,,,,,,,,,,,,,,,,,,,,,,,,,,,,,,,,,,,,,,,,,
221,,7,,221,BERTAM VALLEY,9:20 am,02/06/2026,21,79,,,,,,,,,,,,,,,,,,,,,,,,,,,,,,,,,,,,,,,,,,,,,,,,
221,,7,,221,BERTAM VALLEY,9:20 am,02/06/2026,21,79,,,,,,,,,,,,,,,,,,,,,,,,,,,,,,,,,,,,,,,,,,,,,,,,
222,,7,,222,BERTAM VALLEY,9:20 am,02/06/2026,21,79,,,,,,,,,,,,,,,,,,,,,,,,,,,,,,,,,,,,,,,,,,,,,,,,
222,,7,,222,BERTAM VALLEY,9:20 am,02/06/2026,21,79,,,,,,,,,,,,,,,,,,,,,,,,,,,,,,,,,,,,,,,,,,,,,,,,
223,,7,,223,BERTAM VALLEY,9:20 am,02/06/2026,21,79,,,,,,,,,,,,,,,,,,,,,,,,,,,,,,,,,,,,,,,,,,,,,,,,
223,,7,,223,BERTAM VALLEY,9:20 am,02/06/2026,21,79,,,,,,,,,,,,,,,,,,,,,,,,,,,,,,,,,,,,,,,,,,,,,,,,
224,,7,,224,BERTAM VALLEY,9:20 am,02/06/2026,21,79,,,,,,,,,,,,,,,,,,,,,,,,,,,,,,,,,,,,,,,,,,,,,,,,
224,,7,,224,BERTAM VALLEY,9:20 am,02/06/2026,21,79,,,,,,,,,,,,,,,,,,,,,,,,,,,,,,,,,,,,,,,,,,,,,,,,
225,,8,,225,BERTAM VALLEY,9:20 am,02/06/2026,21,79,,,,,,,,,,,,,,,,,,,,,,,,,,,,,,,,,,,,,,,,,,,,,,,,
225,,8,,225,BERTAM VALLEY,9:20 am,02/06/2026,21,79,,,,,,,,,,,,,,,,,,,,,,,,,,,,,,,,,,,,,,,,,,,,,,,,
226,,8,,226,BERTAM VALLEY,9:20 am,02/06/2026,21,79,,,,,,,,,,,,,,,,,,,,,,,,,,,,,,,,,,,,,,,,,,,,,,,,
226,,8,,226,BERTAM VALLEY,9:20 am,02/06/2026,21,79,,,,,,,,,,,,,,,,,,,,,,,,,,,,,,,,,,,,,,,,,,,,,,,,
227,,8,,227,BERTAM VALLEY,9:20 am,02/06/2026,21,79,,,,,,,,,,,,,,,,,,,,,,,,,,,,,,,,,,,,,,,,,,,,,,,,
227,,8,,227,BERTAM VALLEY,9:20 am,02/06/2026,21,79,,,,,,,,,,,,,,,,,,,,,,,,,,,,,,,,,,,,,,,,,,,,,,,,
228,,8,,228,BERTAM VALLEY,9:20 am,02/06/2026,21,79,,,,,,,,,,,,,,,,,,,,,,,,,,,,,,,,,,,,,,,,,,,,,,,,
228,,8,,228,BERTAM VALLEY,9:20 am,02/06/2026,21,79,,,,,,,,,,,,,,,,,,,,,,,,,,,,,,,,,,,,,,,,,,,,,,,,
229,,8,,229,BERTAM VALLEY,9:20 am,02/06/2026,21,79,,,,,,,,,,,,,,,,,,,,,,,,,,,,,,,,,,,,,,,,,,,,,,,,
229,,8,,229,BERTAM VALLEY,9:20 am,02/06/2026,21,79,,,,,,,,,,,,,,,,,,,,,,,,,,,,,,,,,,,,,,,,,,,,,,,,
230,,8,,230,BERTAM VALLEY,9:20 am,02/06/2026,21,79,,,,,,,,,,,,,,,,,,,,,,,,,,,,,,,,,,,,,,,,,,,,,,,,
230,,8,,230,BERTAM VALLEY,9:20 am,02/06/2026,21,79,,,,,,,,,,,,,,,,,,,,,,,,,,,,,,,,,,,,,,,,,,,,,,,,
231,,8,,231,BERTAM VALLEY,9:20 am,02/06/2026,21,79,,,,,,,,,,,,,,,,,,,,,,,,,,,,,,,,,,,,,,,,,,,,,,,,
231,,8,,231,BERTAM VALLEY,9:20 am,02/06/2026,21,79,,,,,,,,,,,,,,,,,,,,,,,,,,,,,,,,,,,,,,,,,,,,,,,,
232,,8,,232,BERTAM VALLEY,9:20 am,02/06/2026,21,79,,,,,,,,,,,,,,,,,,,,,,,,,,,,,,,,,,,,,,,,,,,,,,,,
232,,8,,232,BERTAM VALLEY,9:20 am,02/06/2026,21,79,,,,,,,,,,,,,,,,,,,,,,,,,,,,,,,,,,,,,,,,,,,,,,,,
233,,8,,233,BERTAM VALLEY,9:20 am,02/06/2026,21,79,,,,,,,,,,,,,,,,,,,,,,,,,,,,,,,,,,,,,,,,,,,,,,,,
233,,8,,233,BERTAM VALLEY,9:20 am,02/06/2026,21,79,,,,,,,,,,,,,,,,,,,,,,,,,,,,,,,,,,,,,,,,,,,,,,,,
234,,8,,234,BERTAM VALLEY,9:20 am,02/06/2026,21,79,,,,,,,,,,,,,,,,,,,,,,,,,,,,,,,,,,,,,,,,,,,,,,,,
234,,8,,234,BERTAM VALLEY,9:20 am,02/06/2026,21,79,,,,,,,,,,,,,,,,,,,,,,,,,,,,,,,,,,,,,,,,,,,,,,,,
235,,8,,235,BERTAM VALLEY,9:20 am,02/06/2026,21,79,,,,,,,,,,,,,,,,,,,,,,,,,,,,,,,,,,,,,,,,,,,,,,,,
235,,8,,235,BERTAM VALLEY,9:20 am,02/06/2026,21,79,,,,,,,,,,,,,,,,,,,,,,,,,,,,,,,,,,,,,,,,,,,,,,,,
236,,8,,236,BERTAM VALLEY,9:20 am,02/06/2026,21,79,,,,,,,,,,,,,,,,,,,,,,,,,,,,,,,,,,,,,,,,,,,,,,,,
236,,8,,236,BERTAM VALLEY,9:20 am,02/06/2026,21,79,,,,,,,,,,,,,,,,,,,,,,,,,,,,,,,,,,,,,,,,,,,,,,,,
237,,8,,237,BERTAM VALLEY,9:20 am,02/06/2026,21,79,,,,,,,,,,,,,,,,,,,,,,,,,,,,,,,,,,,,,,,,,,,,,,,,
237,,8,,237,BERTAM VALLEY,9:20 am,02/06/2026,21,79,,,,,,,,,,,,,,,,,,,,,,,,,,,,,,,,,,,,,,,,,,,,,,,,
238,,8,,238,BERTAM VALLEY,9:20 am,02/06/2026,21,79,,,,,,,,,,,,,,,,,,,,,,,,,,,,,,,,,,,,,,,,,,,,,,,,
238,,8,,238,BERTAM VALLEY,9:20 am,02/06/2026,21,79,,,,,,,,,,,,,,,,,,,,,,,,,,,,,,,,,,,,,,,,,,,,,,,,
239,,8,,239,BERTAM VALLEY,9:20 am,02/06/2026,21,79,,,,,,,,,,,,,,,,,,,,,,,,,,,,,,,,,,,,,,,,,,,,,,,,
239,,8,,239,BERTAM VALLEY,9:20 am,02/06/2026,21,79,,,,,,,,,,,,,,,,,,,,,,,,,,,,,,,,,,,,,,,,,,,,,,,,
240,,8,,240,BERTAM VALLEY,9:20 am,02/06/2026,21,79,,,,,,,,,,,,,,,,,,,,,,,,,,,,,,,,,,,,,,,,,,,,,,,,
240,,8,,240,BERTAM VALLEY,9:20 am,02/06/2026,21,79,,,,,,,,,,,,,,,,,,,,,,,,,,,,,,,,,,,,,,,,,,,,,,,,
241,,8,,241,BERTAM VALLEY,9:20 am,02/06/2026,21,79,,,,,,,,,,,,,,,,,,,,,,,,,,,,,,,,,,,,,,,,,,,,,,,,
241,,8,,241,BERTAM VALLEY,9:20 am,02/06/2026,21,79,,,,,,,,,,,,,,,,,,,,,,,,,,,,,,,,,,,,,,,,,,,,,,,,
242,,8,,242,BERTAM VALLEY,9:20 am,02/06/2026,21,79,,,,,,,,,,,,,,,,,,,,,,,,,,,,,,,,,,,,,,,,,,,,,,,,
242,,8,,242,BERTAM VALLEY,9:20 am,02/06/2026,21,79,,,,,,,,,,,,,,,,,,,,,,,,,,,,,,,,,,,,,,,,,,,,,,,,
243,,8,,243,BERTAM VALLEY,9:20 am,02/06/2026,21,79,,,,,,,,,,,,,,,,,,,,,,,,,,,,,,,,,,,,,,,,,,,,,,,,
243,,8,,243,BERTAM VALLEY,9:20 am,02/06/2026,21,79,,,,,,,,,,,,,,,,,,,,,,,,,,,,,,,,,,,,,,,,,,,,,,,,
244,,8,,244,BERTAM VALLEY,9:20 am,02/06/2026,21,79,,,,,,,,,,,,,,,,,,,,,,,,,,,,,,,,,,,,,,,,,,,,,,,,
244,,8,,244,BERTAM VALLEY,9:20 am,02/06/2026,21,79,,,,,,,,,,,,,,,,,,,,,,,,,,,,,,,,,,,,,,,,,,,,,,,,
245,,8,,245,BERTAM VALLEY,9:20 am,02/06/2026,21,79,,,,,,,,,,,,,,,,,,,,,,,,,,,,,,,,,,,,,,,,,,,,,,,,
245,,8,,245,BERTAM VALLEY,9:20 am,02/06/2026,21,79,,,,,,,,,,,,,,,,,,,,,,,,,,,,,,,,,,,,,,,,,,,,,,,,
246,,8,,246,BERTAM VALLEY,9:20 am,02/06/2026,21,79,,,,,,,,,,,,,,,,,,,,,,,,,,,,,,,,,,,,,,,,,,,,,,,,
246,,8,,246,BERTAM VALLEY,9:20 am,02/06/2026,21,79,,,,,,,,,,,,,,,,,,,,,,,,,,,,,,,,,,,,,,,,,,,,,,,,
247,,8,,247,BERTAM VALLEY,9:20 am,02/06/2026,21,79,,,,,,,,,,,,,,,,,,,,,,,,,,,,,,,,,,,,,,,,,,,,,,,,
247,,8,,247,BERTAM VALLEY,9:20 am,02/06/2026,21,79,,,,,,,,,,,,,,,,,,,,,,,,,,,,,,,,,,,,,,,,,,,,,,,,
248,,8,,248,BERTAM VALLEY,9:20 am,02/06/2026,21,79,,,,,,,,,,,,,,,,,,,,,,,,,,,,,,,,,,,,,,,,,,,,,,,,
248,,8,,248,BERTAM VALLEY,9:20 am,02/06/2026,21,79,,,,,,,,,,,,,,,,,,,,,,,,,,,,,,,,,,,,,,,,,,,,,,,,
249,,8,,249,BERTAM VALLEY,9:20 am,02/06/2026,21,79,,,,,,,,,,,,,,,,,,,,,,,,,,,,,,,,,,,,,,,,,,,,,,,,
249,,8,,249,BERTAM VALLEY,9:20 am,02/06/2026,21,79,,,,,,,,,,,,,,,,,,,,,,,,,,,,,,,,,,,,,,,,,,,,,,,,
250,,8,,250,BERTAM VALLEY,9:20 am,02/06/2026,21,79,,,,,,,,,,,,,,,,,,,,,,,,,,,,,,,,,,,,,,,,,,,,,,,,
250,,8,,250,BERTAM VALLEY,9:20 am,02/06/2026,21,79,,,,,,,,,,,,,,,,,,,,,,,,,,,,,,,,,,,,,,,,,,,,,,,,
251,,8,,251,BERTAM VALLEY,9:20 am,02/06/2026,21,79,,,,,,,,,,,,,,,,,,,,,,,,,,,,,,,,,,,,,,,,,,,,,,,,
251,,8,,251,BERTAM VALLEY,9:20 am,02/06/2026,21,79,,,,,,,,,,,,,,,,,,,,,,,,,,,,,,,,,,,,,,,,,,,,,,,,
252,,8,,252,BERTAM VALLEY,9:20 am,02/06/2026,21,79,,,,,,,,,,,,,,,,,,,,,,,,,,,,,,,,,,,,,,,,,,,,,,,,
252,,8,,252,BERTAM VALLEY,9:20 am,02/06/2026,21,79,,,,,,,,,,,,,,,,,,,,,,,,,,,,,,,,,,,,,,,,,,,,,,,,
253,,8,,253,BERTAM VALLEY,9:20 am,02/06/2026,21,79,,,,,,,,,,,,,,,,,,,,,,,,,,,,,,,,,,,,,,,,,,,,,,,,
253,,8,,253,BERTAM VALLEY,9:20 am,02/06/2026,21,79,,,,,,,,,,,,,,,,,,,,,,,,,,,,,,,,,,,,,,,,,,,,,,,,
254,,8,,254,BERTAM VALLEY,9:20 am,02/06/2026,21,79,,,,,,,,,,,,,,,,,,,,,,,,,,,,,,,,,,,,,,,,,,,,,,,,
254,,8,,254,BERTAM VALLEY,9:20 am,02/06/2026,21,79,,,,,,,,,,,,,,,,,,,,,,,,,,,,,,,,,,,,,,,,,,,,,,,,
255,,8,,255,BERTAM VALLEY,9:20 am,02/06/2026,21,79,,,,,,,,,,,,,,,,,,,,,,,,,,,,,,,,,,,,,,,,,,,,,,,,
255,,8,,255,BERTAM VALLEY,9:20 am,02/06/2026,21,79,,,,,,,,,,,,,,,,,,,,,,,,,,,,,,,,,,,,,,,,,,,,,,,,
256,,8,,256,BERTAM VALLEY,9:20 am,02/06/2026,21,79,,,,,,,,,,,,,,,,,,,,,,,,,,,,,,,,,,,,,,,,,,,,,,,,
256,,8,,256,BERTAM VALLEY,9:20 am,02/06/2026,21,79,,,,,,,,,,,,,,,,,,,,,,,,,,,,,,,,,,,,,,,,,,,,,,,,
257,,8,,257,BERTAM VALLEY,9:20 am,02/06/2026,21,79,,,,,,,,,,,,,,,,,,,,,,,,,,,,,,,,,,,,,,,,,,,,,,,,
257,,8,,257,BERTAM VALLEY,9:20 am,02/06/2026,21,79,,,,,,,,,,,,,,,,,,,,,,,,,,,,,,,,,,,,,,,,,,,,,,,,
258,,8,,258,BERTAM VALLEY,9:20 am,02/06/2026,21,79,,,,,,,,,,,,,,,,,,,,,,,,,,,,,,,,,,,,,,,,,,,,,,,,
258,,8,,258,BERTAM VALLEY,9:20 am,02/06/2026,21,79,,,,,,,,,,,,,,,,,,,,,,,,,,,,,,,,,,,,,,,,,,,,,,,,
259,,8,,259,BERTAM VALLEY,9:20 am,02/06/2026,21,79,,,,,,,,,,,,,,,,,,,,,,,,,,,,,,,,,,,,,,,,,,,,,,,,
259,,8,,259,BERTAM VALLEY,9:20 am,02/06/2026,21,79,,,,,,,,,,,,,,,,,,,,,,,,,,,,,,,,,,,,,,,,,,,,,,,,
260,,8,,260,BERTAM VALLEY,9:20 am,02/06/2026,21,79,,,,,,,,,,,,,,,,,,,,,,,,,,,,,,,,,,,,,,,,,,,,,,,,
260,,8,,260,BERTAM VALLEY,9:20 am,02/06/2026,21,79,,,,,,,,,,,,,,,,,,,,,,,,,,,,,,,,,,,,,,,,,,,,,,,,
261,,8,,261,BERTAM VALLEY,9:20 am,02/06/2026,21,79,,,,,,,,,,,,,,,,,,,,,,,,,,,,,,,,,,,,,,,,,,,,,,,,
261,,8,,261,BERTAM VALLEY,9:20 am,02/06/2026,21,79,,,,,,,,,,,,,,,,,,,,,,,,,,,,,,,,,,,,,,,,,,,,,,,,
262,,8,,262,BERTAM VALLEY,9:20 am,02/06/2026,21,79,,,,,,,,,,,,,,,,,,,,,,,,,,,,,,,,,,,,,,,,,,,,,,,,
262,,8,,262,BERTAM VALLEY,9:20 am,02/06/2026,21,79,,,,,,,,,,,,,,,,,,,,,,,,,,,,,,,,,,,,,,,,,,,,,,,,
263,,8,,263,BERTAM VALLEY,9:20 am,02/06/2026,21,79,,,,,,,,,,,,,,,,,,,,,,,,,,,,,,,,,,,,,,,,,,,,,,,,
263,,8,,263,BERTAM VALLEY,9:20 am,02/06/2026,21,79,,,,,,,,,,,,,,,,,,,,,,,,,,,,,,,,,,,,,,,,,,,,,,,,
264,,8,,264,BERTAM VALLEY,9:20 am,02/06/2026,21,79,,,,,,,,,,,,,,,,,,,,,,,,,,,,,,,,,,,,,,,,,,,,,,,,
264,,8,,264,BERTAM VALLEY,9:20 am,02/06/2026,21,79,,,,,,,,,,,,,,,,,,,,,,,,,,,,,,,,,,,,,,,,,,,,,,,,
265,,9,,265,BERTAM VALLEY,9:20 am,02/06/2026,21,79,,,,,,,,,,,,,,,,,,,,,,,,,,,,,,,,,,,,,,,,,,,,,,,,
265,,9,,265,BERTAM VALLEY,9:20 am,02/06/2026,21,79,,,,,,,,,,,,,,,,,,,,,,,,,,,,,,,,,,,,,,,,,,,,,,,,
266,,9,,266,BERTAM VALLEY,9:20 am,02/06/2026,21,79,,,,,,,,,,,,,,,,,,,,,,,,,,,,,,,,,,,,,,,,,,,,,,,,
266,,9,,266,BERTAM VALLEY,9:20 am,02/06/2026,21,79,,,,,,,,,,,,,,,,,,,,,,,,,,,,,,,,,,,,,,,,,,,,,,,,
267,,9,,267,BERTAM VALLEY,9:20 am,02/06/2026,21,79,,,,,,,,,,,,,,,,,,,,,,,,,,,,,,,,,,,,,,,,,,,,,,,,
267,,9,,267,BERTAM VALLEY,9:20 am,02/06/2026,21,79,,,,,,,,,,,,,,,,,,,,,,,,,,,,,,,,,,,,,,,,,,,,,,,,
268,,9,,268,BERTAM VALLEY,9:20 am,02/06/2026,21,79,,,,,,,,,,,,,,,,,,,,,,,,,,,,,,,,,,,,,,,,,,,,,,,,
268,,9,,268,BERTAM VALLEY,9:20 am,02/06/2026,21,79,,,,,,,,,,,,,,,,,,,,,,,,,,,,,,,,,,,,,,,,,,,,,,,,
269,,9,,269,BERTAM VALLEY,9:20 am,02/06/2026,21,79,,,,,,,,,,,,,,,,,,,,,,,,,,,,,,,,,,,,,,,,,,,,,,,,
269,,9,,269,BERTAM VALLEY,9:20 am,02/06/2026,21,79,,,,,,,,,,,,,,,,,,,,,,,,,,,,,,,,,,,,,,,,,,,,,,,,
270,,9,,270,BERTAM VALLEY,9:20 am,02/06/2026,21,79,,,,,,,,,,,,,,,,,,,,,,,,,,,,,,,,,,,,,,,,,,,,,,,,
270,,9,,270,BERTAM VALLEY,9:20 am,02/06/2026,21,79,,,,,,,,,,,,,,,,,,,,,,,,,,,,,,,,,,,,,,,,,,,,,,,,
271,,9,,271,BERTAM VALLEY,9:20 am,02/06/2026,21,79,,,,,,,,,,,,,,,,,,,,,,,,,,,,,,,,,,,,,,,,,,,,,,,,
271,,9,,271,BERTAM VALLEY,9:20 am,02/06/2026,21,79,,,,,,,,,,,,,,,,,,,,,,,,,,,,,,,,,,,,,,,,,,,,,,,,
272,,9,,272,BERTAM VALLEY,9:20 am,02/06/2026,21,79,,,,,,,,,,,,,,,,,,,,,,,,,,,,,,,,,,,,,,,,,,,,,,,,
272,,9,,272,BERTAM VALLEY,9:20 am,02/06/2026,21,79,,,,,,,,,,,,,,,,,,,,,,,,,,,,,,,,,,,,,,,,,,,,,,,,
273,,9,,273,BERTAM VALLEY,9:20 am,02/06/2026,21,79,,,,,,,,,,,,,,,,,,,,,,,,,,,,,,,,,,,,,,,,,,,,,,,,
273,,9,,273,BERTAM VALLEY,9:20 am,02/06/2026,21,79,,,,,,,,,,,,,,,,,,,,,,,,,,,,,,,,,,,,,,,,,,,,,,,,
274,,9,,274,BERTAM VALLEY,9:20 am,02/06/2026,21,79,,,,,,,,,,,,,,,,,,,,,,,,,,,,,,,,,,,,,,,,,,,,,,,,
274,,9,,274,BERTAM VALLEY,9:20 am,02/06/2026,21,79,,,,,,,,,,,,,,,,,,,,,,,,,,,,,,,,,,,,,,,,,,,,,,,,
275,,9,,275,BERTAM VALLEY,9:20 am,02/06/2026,21,79,,,,,,,,,,,,,,,,,,,,,,,,,,,,,,,,,,,,,,,,,,,,,,,,
275,,9,,275,BERTAM VALLEY,9:20 am,02/06/2026,21,79,,,,,,,,,,,,,,,,,,,,,,,,,,,,,,,,,,,,,,,,,,,,,,,,
276,,9,,276,BERTAM VALLEY,9:20 am,02/06/2026,21,79,,,,,,,,,,,,,,,,,,,,,,,,,,,,,,,,,,,,,,,,,,,,,,,,
276,,9,,276,BERTAM VALLEY,9:20 am,02/06/2026,21,79,,,,,,,,,,,,,,,,,,,,,,,,,,,,,,,,,,,,,,,,,,,,,,,,
277,,9,,277,BERTAM VALLEY,9:20 am,02/06/2026,21,79,,,,,,,,,,,,,,,,,,,,,,,,,,,,,,,,,,,,,,,,,,,,,,,,
277,,9,,277,BERTAM VALLEY,9:20 am,02/06/2026,21,79,,,,,,,,,,,,,,,,,,,,,,,,,,,,,,,,,,,,,,,,,,,,,,,,
278,,9,,278,BERTAM VALLEY,9:20 am,02/06/2026,21,79,,,,,,,,,,,,,,,,,,,,,,,,,,,,,,,,,,,,,,,,,,,,,,,,
278,,9,,278,BERTAM VALLEY,9:20 am,02/06/2026,21,79,,,,,,,,,,,,,,,,,,,,,,,,,,,,,,,,,,,,,,,,,,,,,,,,
279,,9,,279,BERTAM VALLEY,9:20 am,02/06/2026,21,79,,,,,,,,,,,,,,,,,,,,,,,,,,,,,,,,,,,,,,,,,,,,,,,,
279,,9,,279,BERTAM VALLEY,9:20 am,02/06/2026,21,79,,,,,,,,,,,,,,,,,,,,,,,,,,,,,,,,,,,,,,,,,,,,,,,,
280,,9,,280,BERTAM VALLEY,9:20 am,02/06/2026,21,79,,,,,,,,,,,,,,,,,,,,,,,,,,,,,,,,,,,,,,,,,,,,,,,,
280,,9,,280,BERTAM VALLEY,9:20 am,02/06/2026,21,79,,,,,,,,,,,,,,,,,,,,,,,,,,,,,,,,,,,,,,,,,,,,,,,,
281,,9,,281,BERTAM VALLEY,9:20 am,02/06/2026,21,79,,,,,,,,,,,,,,,,,,,,,,,,,,,,,,,,,,,,,,,,,,,,,,,,
281,,9,,281,BERTAM VALLEY,9:20 am,02/06/2026,21,79,,,,,,,,,,,,,,,,,,,,,,,,,,,,,,,,,,,,,,,,,,,,,,,,
282,,9,,282,BERTAM VALLEY,9:20 am,02/06/2026,21,79,,,,,,,,,,,,,,,,,,,,,,,,,,,,,,,,,,,,,,,,,,,,,,,,
282,,9,,282,BERTAM VALLEY,9:20 am,02/06/2026,21,79,,,,,,,,,,,,,,,,,,,,,,,,,,,,,,,,,,,,,,,,,,,,,,,,
283,,9,,283,BERTAM VALLEY,9:20 am,02/06/2026,21,79,,,,,,,,,,,,,,,,,,,,,,,,,,,,,,,,,,,,,,,,,,,,,,,,
283,,9,,283,BERTAM VALLEY,9:20 am,02/06/2026,21,79,,,,,,,,,,,,,,,,,,,,,,,,,,,,,,,,,,,,,,,,,,,,,,,,
284,,9,,284,BERTAM VALLEY,9:20 am,02/06/2026,21,79,,,,,,,,,,,,,,,,,,,,,,,,,,,,,,,,,,,,,,,,,,,,,,,,
284,,9,,284,BERTAM VALLEY,9:20 am,02/06/2026,21,79,,,,,,,,,,,,,,,,,,,,,,,,,,,,,,,,,,,,,,,,,,,,,,,,
285,,9,,285,BERTAM VALLEY,9:20 am,02/06/2026,21,79,,,,,,,,,,,,,,,,,,,,,,,,,,,,,,,,,,,,,,,,,,,,,,,,
285,,9,,285,BERTAM VALLEY,9:20 am,02/06/2026,21,79,,,,,,,,,,,,,,,,,,,,,,,,,,,,,,,,,,,,,,,,,,,,,,,,
286,,9,,286,BERTAM VALLEY,9:20 am,02/06/2026,21,79,,,,,,,,,,,,,,,,,,,,,,,,,,,,,,,,,,,,,,,,,,,,,,,,
286,,9,,286,BERTAM VALLEY,9:20 am,02/06/2026,21,79,,,,,,,,,,,,,,,,,,,,,,,,,,,,,,,,,,,,,,,,,,,,,,,,
287,,9,,287,BERTAM VALLEY,9:20 am,02/06/2026,21,79,,,,,,,,,,,,,,,,,,,,,,,,,,,,,,,,,,,,,,,,,,,,,,,,
287,,9,,287,BERTAM VALLEY,9:20 am,02/06/2026,21,79,,,,,,,,,,,,,,,,,,,,,,,,,,,,,,,,,,,,,,,,,,,,,,,,
288,,9,,288,BERTAM VALLEY,9:20 am,02/06/2026,21,79,,,,,,,,,,,,,,,,,,,,,,,,,,,,,,,,,,,,,,,,,,,,,,,,
288,,9,,288,BERTAM VALLEY,9:20 am,02/06/2026,21,79,,,,,,,,,,,,,,,,,,,,,,,,,,,,,,,,,,,,,,,,,,,,,,,,
289,,9,,289,BERTAM VALLEY,9:20 am,02/06/2026,21,79,,,,,,,,,,,,,,,,,,,,,,,,,,,,,,,,,,,,,,,,,,,,,,,,
289,,9,,289,BERTAM VALLEY,9:20 am,02/06/2026,21,79,,,,,,,,,,,,,,,,,,,,,,,,,,,,,,,,,,,,,,,,,,,,,,,,
290,,9,,290,BERTAM VALLEY,9:20 am,02/06/2026,21,79,,,,,,,,,,,,,,,,,,,,,,,,,,,,,,,,,,,,,,,,,,,,,,,,
290,,9,,290,BERTAM VALLEY,9:20 am,02/06/2026,21,79,,,,,,,,,,,,,,,,,,,,,,,,,,,,,,,,,,,,,,,,,,,,,,,,
291,,9,,291,BERTAM VALLEY,9:20 am,02/06/2026,21,79,,,,,,,,,,,,,,,,,,,,,,,,,,,,,,,,,,,,,,,,,,,,,,,,
291,,9,,291,BERTAM VALLEY,9:20 am,02/06/2026,21,79,,,,,,,,,,,,,,,,,,,,,,,,,,,,,,,,,,,,,,,,,,,,,,,,
292,,9,,292,BERTAM VALLEY,9:20 am,02/06/2026,21,79,,,,,,,,,,,,,,,,,,,,,,,,,,,,,,,,,,,,,,,,,,,,,,,,
292,,9,,292,BERTAM VALLEY,9:20 am,02/06/2026,21,79,,,,,,,,,,,,,,,,,,,,,,,,,,,,,,,,,,,,,,,,,,,,,,,,
293,,9,,293,BERTAM VALLEY,9:20 am,02/06/2026,21,79,,,,,,,,,,,,,,,,,,,,,,,,,,,,,,,,,,,,,,,,,,,,,,,,
293,,9,,293,BERTAM VALLEY,9:20 am,02/06/2026,21,79,,,,,,,,,,,,,,,,,,,,,,,,,,,,,,,,,,,,,,,,,,,,,,,,
294,,9,,294,BERTAM VALLEY,9:20 am,02/06/2026,21,79,,,,,,,,,,,,,,,,,,,,,,,,,,,,,,,,,,,,,,,,,,,,,,,,
294,,9,,294,BERTAM VALLEY,9:20 am,02/06/2026,21,79,,,,,,,,,,,,,,,,,,,,,,,,,,,,,,,,,,,,,,,,,,,,,,,,
295,,9,,295,BERTAM VALLEY,9:20 am,02/06/2026,21,79,,,,,,,,,,,,,,,,,,,,,,,,,,,,,,,,,,,,,,,,,,,,,,,,
295,,9,,295,BERTAM VALLEY,9:20 am,02/06/2026,21,79,,,,,,,,,,,,,,,,,,,,,,,,,,,,,,,,,,,,,,,,,,,,,,,,
296,,9,,296,BERTAM VALLEY,9:20 am,02/06/2026,21,79,,,,,,,,,,,,,,,,,,,,,,,,,,,,,,,,,,,,,,,,,,,,,,,,
296,,9,,296,BERTAM VALLEY,9:20 am,02/06/2026,21,79,,,,,,,,,,,,,,,,,,,,,,,,,,,,,,,,,,,,,,,,,,,,,,,,
297,,9,,297,BERTAM VALLEY,9:20 am,02/06/2026,21,79,,,,,,,,,,,,,,,,,,,,,,,,,,,,,,,,,,,,,,,,,,,,,,,,
297,,9,,297,BERTAM VALLEY,9:20 am,02/06/2026,21,79,,,,,,,,,,,,,,,,,,,,,,,,,,,,,,,,,,,,,,,,,,,,,,,,
298,,9,,298,BERTAM VALLEY,9:20 am,02/06/2026,21,79,,,,,,,,,,,,,,,,,,,,,,,,,,,,,,,,,,,,,,,,,,,,,,,,
298,,9,,298,BERTAM VALLEY,9:20 am,02/06/2026,21,79,,,,,,,,,,,,,,,,,,,,,,,,,,,,,,,,,,,,,,,,,,,,,,,,
299,,9,,299,BERTAM VALLEY,9:20 am,02/06/2026,21,79,,,,,,,,,,,,,,,,,,,,,,,,,,,,,,,,,,,,,,,,,,,,,,,,
299,,9,,299,BERTAM VALLEY,9:20 am,02/06/2026,21,79,,,,,,,,,,,,,,,,,,,,,,,,,,,,,,,,,,,,,,,,,,,,,,,,
300,,9,,300,BERTAM VALLEY,9:20 am,02/06/2026,21,79,,,,,,,,,,,,,,,,,,,,,,,,,,,,,,,,,,,,,,,,,,,,,,,,
300,,9,,300,BERTAM VALLEY,9:20 am,02/06/2026,21,79,,,,,,,,,,,,,,,,,,,,,,,,,,,,,,,,,,,,,,,,,,,,,,,,
301,,9,,301,BERTAM VALLEY,9:20 am,02/06/2026,21,79,,,,,,,,,,,,,,,,,,,,,,,,,,,,,,,,,,,,,,,,,,,,,,,,
301,,9,,301,BERTAM VALLEY,9:20 am,02/06/2026,21,79,,,,,,,,,,,,,,,,,,,,,,,,,,,,,,,,,,,,,,,,,,,,,,,,
302,,9,,302,BERTAM VALLEY,9:20 am,02/06/2026,21,79,,,,,,,,,,,,,,,,,,,,,,,,,,,,,,,,,,,,,,,,,,,,,,,,
302,,9,,302,BERTAM VALLEY,9:20 am,02/06/2026,21,79,,,,,,,,,,,,,,,,,,,,,,,,,,,,,,,,,,,,,,,,,,,,,,,,
303,,9,,303,BERTAM VALLEY,9:20 am,02/06/2026,21,79,,,,,,,,,,,,,,,,,,,,,,,,,,,,,,,,,,,,,,,,,,,,,,,,
303,,9,,303,BERTAM VALLEY,9:20 am,02/06/2026,21,79,,,,,,,,,,,,,,,,,,,,,,,,,,,,,,,,,,,,,,,,,,,,,,,,
304,,9,,304,BERTAM VALLEY,9:20 am,02/06/2026,21,79,,,,,,,,,,,,,,,,,,,,,,,,,,,,,,,,,,,,,,,,,,,,,,,,
304,,9,,304,BERTAM VALLEY,9:20 am,02/06/2026,21,79,,,,,,,,,,,,,,,,,,,,,,,,,,,,,,,,,,,,,,,,,,,,,,,,
305,,10,,305,BERTAM VALLEY,9:20 am,02/06/2026,21,79,,,,,,,,,,,,,,,,,,,,,,,,,,,,,,,,,,,,,,,,,,,,,,,,
305,,10,,305,BERTAM VALLEY,9:20 am,02/06/2026,21,79,,,,,,,,,,,,,,,,,,,,,,,,,,,,,,,,,,,,,,,,,,,,,,,,
306,,10,,306,BERTAM VALLEY,9:20 am,02/06/2026,21,79,,,,,,,,,,,,,,,,,,,,,,,,,,,,,,,,,,,,,,,,,,,,,,,,
306,,10,,306,BERTAM VALLEY,9:20 am,02/06/2026,21,79,,,,,,,,,,,,,,,,,,,,,,,,,,,,,,,,,,,,,,,,,,,,,,,,
307,,10,,307,BERTAM VALLEY,9:20 am,02/06/2026,21,79,,,,,,,,,,,,,,,,,,,,,,,,,,,,,,,,,,,,,,,,,,,,,,,,
307,,10,,307,BERTAM VALLEY,9:20 am,02/06/2026,21,79,,,,,,,,,,,,,,,,,,,,,,,,,,,,,,,,,,,,,,,,,,,,,,,,
308,,10,,308,BERTAM VALLEY,9:20 am,02/06/2026,21,79,,,,,,,,,,,,,,,,,,,,,,,,,,,,,,,,,,,,,,,,,,,,,,,,
308,,10,,308,BERTAM VALLEY,9:20 am,02/06/2026,21,79,,,,,,,,,,,,,,,,,,,,,,,,,,,,,,,,,,,,,,,,,,,,,,,,
309,,10,,309,BERTAM VALLEY,9:20 am,02/06/2026,21,79,,,,,,,,,,,,,,,,,,,,,,,,,,,,,,,,,,,,,,,,,,,,,,,,
309,,10,,309,BERTAM VALLEY,9:20 am,02/06/2026,21,79,,,,,,,,,,,,,,,,,,,,,,,,,,,,,,,,,,,,,,,,,,,,,,,,
310,,10,,310,BERTAM VALLEY,9:20 am,02/06/2026,21,79,,,,,,,,,,,,,,,,,,,,,,,,,,,,,,,,,,,,,,,,,,,,,,,,
310,,10,,310,BERTAM VALLEY,9:20 am,02/06/2026,21,79,,,,,,,,,,,,,,,,,,,,,,,,,,,,,,,,,,,,,,,,,,,,,,,,
311,,10,,311,BERTAM VALLEY,9:20 am,02/06/2026,21,79,,,,,,,,,,,,,,,,,,,,,,,,,,,,,,,,,,,,,,,,,,,,,,,,
311,,10,,311,BERTAM VALLEY,9:20 am,02/06/2026,21,79,,,,,,,,,,,,,,,,,,,,,,,,,,,,,,,,,,,,,,,,,,,,,,,,
312,,10,,312,BERTAM VALLEY,9:20 am,02/06/2026,21,79,,,,,,,,,,,,,,,,,,,,,,,,,,,,,,,,,,,,,,,,,,,,,,,,
312,,10,,312,BERTAM VALLEY,9:20 am,02/06/2026,21,79,,,,,,,,,,,,,,,,,,,,,,,,,,,,,,,,,,,,,,,,,,,,,,,,
313,,10,,313,BERTAM VALLEY,9:20 am,02/06/2026,21,79,,,,,,,,,,,,,,,,,,,,,,,,,,,,,,,,,,,,,,,,,,,,,,,,
313,,10,,313,BERTAM VALLEY,9:20 am,02/06/2026,21,79,,,,,,,,,,,,,,,,,,,,,,,,,,,,,,,,,,,,,,,,,,,,,,,,
314,,10,,314,BERTAM VALLEY,9:20 am,02/06/2026,21,79,,,,,,,,,,,,,,,,,,,,,,,,,,,,,,,,,,,,,,,,,,,,,,,,
314,,10,,314,BERTAM VALLEY,9:20 am,02/06/2026,21,79,,,,,,,,,,,,,,,,,,,,,,,,,,,,,,,,,,,,,,,,,,,,,,,,
315,,10,,315,BERTAM VALLEY,9:20 am,02/06/2026,21,79,,,,,,,,,,,,,,,,,,,,,,,,,,,,,,,,,,,,,,,,,,,,,,,,
315,,10,,315,BERTAM VALLEY,9:20 am,02/06/2026,21,79,,,,,,,,,,,,,,,,,,,,,,,,,,,,,,,,,,,,,,,,,,,,,,,,
316,,10,,316,BERTAM VALLEY,9:20 am,02/06/2026,21,79,,,,,,,,,,,,,,,,,,,,,,,,,,,,,,,,,,,,,,,,,,,,,,,,
316,,10,,316,BERTAM VALLEY,9:20 am,02/06/2026,21,79,,,,,,,,,,,,,,,,,,,,,,,,,,,,,,,,,,,,,,,,,,,,,,,,
317,,10,,317,BERTAM VALLEY,9:20 am,02/06/2026,21,79,,,,,,,,,,,,,,,,,,,,,,,,,,,,,,,,,,,,,,,,,,,,,,,,
317,,10,,317,BERTAM VALLEY,9:20 am,02/06/2026,21,79,,,,,,,,,,,,,,,,,,,,,,,,,,,,,,,,,,,,,,,,,,,,,,,,
318,,10,,318,BERTAM VALLEY,9:20 am,02/06/2026,21,79,,,,,,,,,,,,,,,,,,,,,,,,,,,,,,,,,,,,,,,,,,,,,,,,
318,,10,,318,BERTAM VALLEY,9:20 am,02/06/2026,21,79,,,,,,,,,,,,,,,,,,,,,,,,,,,,,,,,,,,,,,,,,,,,,,,,
319,,10,,319,BERTAM VALLEY,9:20 am,02/06/2026,21,79,,,,,,,,,,,,,,,,,,,,,,,,,,,,,,,,,,,,,,,,,,,,,,,,
319,,10,,319,BERTAM VALLEY,9:20 am,02/06/2026,21,79,,,,,,,,,,,,,,,,,,,,,,,,,,,,,,,,,,,,,,,,,,,,,,,,
320,,10,,320,BERTAM VALLEY,9:20 am,02/06/2026,21,79,,,,,,,,,,,,,,,,,,,,,,,,,,,,,,,,,,,,,,,,,,,,,,,,
320,,10,,320,BERTAM VALLEY,9:20 am,02/06/2026,21,79,,,,,,,,,,,,,,,,,,,,,,,,,,,,,,,,,,,,,,,,,,,,,,,,
321,,10,,321,BERTAM VALLEY,9:20 am,02/06/2026,21,79,,,,,,,,,,,,,,,,,,,,,,,,,,,,,,,,,,,,,,,,,,,,,,,,
321,,10,,321,BERTAM VALLEY,9:20 am,02/06/2026,21,79,,,,,,,,,,,,,,,,,,,,,,,,,,,,,,,,,,,,,,,,,,,,,,,,
322,,10,,322,BERTAM VALLEY,9:20 am,02/06/2026,21,79,,,,,,,,,,,,,,,,,,,,,,,,,,,,,,,,,,,,,,,,,,,,,,,,
322,,10,,322,BERTAM VALLEY,9:20 am,02/06/2026,21,79,,,,,,,,,,,,,,,,,,,,,,,,,,,,,,,,,,,,,,,,,,,,,,,,
323,,10,,323,BERTAM VALLEY,9:20 am,02/06/2026,21,79,,,,,,,,,,,,,,,,,,,,,,,,,,,,,,,,,,,,,,,,,,,,,,,,
323,,10,,323,BERTAM VALLEY,9:20 am,02/06/2026,21,79,,,,,,,,,,,,,,,,,,,,,,,,,,,,,,,,,,,,,,,,,,,,,,,,
324,,10,,324,BERTAM VALLEY,9:20 am,02/06/2026,21,79,,,,,,,,,,,,,,,,,,,,,,,,,,,,,,,,,,,,,,,,,,,,,,,,
324,,10,,324,BERTAM VALLEY,9:20 am,02/06/2026,21,79,,,,,,,,,,,,,,,,,,,,,,,,,,,,,,,,,,,,,,,,,,,,,,,,
325,,10,,325,BERTAM VALLEY,9:20 am,02/06/2026,21,79,,,,,,,,,,,,,,,,,,,,,,,,,,,,,,,,,,,,,,,,,,,,,,,,
325,,10,,325,BERTAM VALLEY,9:20 am,02/06/2026,21,79,,,,,,,,,,,,,,,,,,,,,,,,,,,,,,,,,,,,,,,,,,,,,,,,
326,,10,,326,BERTAM VALLEY,9:20 am,02/06/2026,21,79,,,,,,,,,,,,,,,,,,,,,,,,,,,,,,,,,,,,,,,,,,,,,,,,
326,,10,,326,BERTAM VALLEY,9:20 am,02/06/2026,21,79,,,,,,,,,,,,,,,,,,,,,,,,,,,,,,,,,,,,,,,,,,,,,,,,
327,,10,,327,BERTAM VALLEY,9:20 am,02/06/2026,21,79,,,,,,,,,,,,,,,,,,,,,,,,,,,,,,,,,,,,,,,,,,,,,,,,
327,,10,,327,BERTAM VALLEY,9:20 am,02/06/2026,21,79,,,,,,,,,,,,,,,,,,,,,,,,,,,,,,,,,,,,,,,,,,,,,,,,
328,,10,,328,BERTAM VALLEY,9:20 am,02/06/2026,21,79,,,,,,,,,,,,,,,,,,,,,,,,,,,,,,,,,,,,,,,,,,,,,,,,
328,,10,,328,BERTAM VALLEY,9:20 am,02/06/2026,21,79,,,,,,,,,,,,,,,,,,,,,,,,,,,,,,,,,,,,,,,,,,,,,,,,
329,,10,,329,BERTAM VALLEY,9:20 am,02/06/2026,21,79,,,,,,,,,,,,,,,,,,,,,,,,,,,,,,,,,,,,,,,,,,,,,,,,
329,,10,,329,BERTAM VALLEY,9:20 am,02/06/2026,21,79,,,,,,,,,,,,,,,,,,,,,,,,,,,,,,,,,,,,,,,,,,,,,,,,
330,,10,,330,BERTAM VALLEY,9:20 am,02/06/2026,21,79,,,,,,,,,,,,,,,,,,,,,,,,,,,,,,,,,,,,,,,,,,,,,,,,
330,,10,,330,BERTAM VALLEY,9:20 am,02/06/2026,21,79,,,,,,,,,,,,,,,,,,,,,,,,,,,,,,,,,,,,,,,,,,,,,,,,
331,,10,,331,BERTAM VALLEY,9:20 am,02/06/2026,21,79,,,,,,,,,,,,,,,,,,,,,,,,,,,,,,,,,,,,,,,,,,,,,,,,
331,,10,,331,BERTAM VALLEY,9:20 am,02/06/2026,21,79,,,,,,,,,,,,,,,,,,,,,,,,,,,,,,,,,,,,,,,,,,,,,,,,
332,,10,,332,BERTAM VALLEY,9:20 am,02/06/2026,21,79,,,,,,,,,,,,,,,,,,,,,,,,,,,,,,,,,,,,,,,,,,,,,,,,
332,,10,,332,BERTAM VALLEY,9:20 am,02/06/2026,21,79,,,,,,,,,,,,,,,,,,,,,,,,,,,,,,,,,,,,,,,,,,,,,,,,
333,,10,,333,BERTAM VALLEY,9:20 am,02/06/2026,21,79,,,,,,,,,,,,,,,,,,,,,,,,,,,,,,,,,,,,,,,,,,,,,,,,
333,,10,,333,BERTAM VALLEY,9:20 am,02/06/2026,21,79,,,,,,,,,,,,,,,,,,,,,,,,,,,,,,,,,,,,,,,,,,,,,,,,
334,,10,,334,BERTAM VALLEY,9:20 am,02/06/2026,21,79,,,,,,,,,,,,,,,,,,,,,,,,,,,,,,,,,,,,,,,,,,,,,,,,
334,,10,,334,BERTAM VALLEY,9:20 am,02/06/2026,21,79,,,,,,,,,,,,,,,,,,,,,,,,,,,,,,,,,,,,,,,,,,,,,,,,
335,,10,,335,BERTAM VALLEY,9:20 am,02/06/2026,21,79,,,,,,,,,,,,,,,,,,,,,,,,,,,,,,,,,,,,,,,,,,,,,,,,
335,,10,,335,BERTAM VALLEY,9:20 am,02/06/2026,21,79,,,,,,,,,,,,,,,,,,,,,,,,,,,,,,,,,,,,,,,,,,,,,,,,
336,,10,,336,BERTAM VALLEY,9:20 am,02/06/2026,21,79,,,,,,,,,,,,,,,,,,,,,,,,,,,,,,,,,,,,,,,,,,,,,,,,
336,,10,,336,BERTAM VALLEY,9:20 am,02/06/2026,21,79,,,,,,,,,,,,,,,,,,,,,,,,,,,,,,,,,,,,,,,,,,,,,,,,
337,,10,,337,BERTAM VALLEY,9:20 am,02/06/2026,21,79,,,,,,,,,,,,,,,,,,,,,,,,,,,,,,,,,,,,,,,,,,,,,,,,
337,,10,,337,BERTAM VALLEY,9:20 am,02/06/2026,21,79,,,,,,,,,,,,,,,,,,,,,,,,,,,,,,,,,,,,,,,,,,,,,,,,
338,,10,,338,BERTAM VALLEY,9:20 am,02/06/2026,21,79,,,,,,,,,,,,,,,,,,,,,,,,,,,,,,,,,,,,,,,,,,,,,,,,
338,,10,,338,BERTAM VALLEY,9:20 am,02/06/2026,21,79,,,,,,,,,,,,,,,,,,,,,,,,,,,,,,,,,,,,,,,,,,,,,,,,
339,,10,,339,BERTAM VALLEY,9:20 am,02/06/2026,21,79,,,,,,,,,,,,,,,,,,,,,,,,,,,,,,,,,,,,,,,,,,,,,,,,
339,,10,,339,BERTAM VALLEY,9:20 am,02/06/2026,21,79,,,,,,,,,,,,,,,,,,,,,,,,,,,,,,,,,,,,,,,,,,,,,,,,
340,,10,,340,BERTAM VALLEY,9:20 am,02/06/2026,21,79,,,,,,,,,,,,,,,,,,,,,,,,,,,,,,,,,,,,,,,,,,,,,,,,
340,,10,,340,BERTAM VALLEY,9:20 am,02/06/2026,21,79,,,,,,,,,,,,,,,,,,,,,,,,,,,,,,,,,,,,,,,,,,,,,,,,
341,,10,,341,BERTAM VALLEY,9:20 am,02/06/2026,21,79,,,,,,,,,,,,,,,,,,,,,,,,,,,,,,,,,,,,,,,,,,,,,,,,
341,,10,,341,BERTAM VALLEY,9:20 am,02/06/2026,21,79,,,,,,,,,,,,,,,,,,,,,,,,,,,,,,,,,,,,,,,,,,,,,,,,
342,,10,,342,BERTAM VALLEY,9:20 am,02/06/2026,21,79,,,,,,,,,,,,,,,,,,,,,,,,,,,,,,,,,,,,,,,,,,,,,,,,
342,,10,,342,BERTAM VALLEY,9:20 am,02/06/2026,21,79,,,,,,,,,,,,,,,,,,,,,,,,,,,,,,,,,,,,,,,,,,,,,,,,
343,,10,,343,BERTAM VALLEY,9:20 am,02/06/2026,21,79,,,,,,,,,,,,,,,,,,,,,,,,,,,,,,,,,,,,,,,,,,,,,,,,
343,,10,,343,BERTAM VALLEY,9:20 am,02/06/2026,21,79,,,,,,,,,,,,,,,,,,,,,,,,,,,,,,,,,,,,,,,,,,,,,,,,
344,,10,,344,BERTAM VALLEY,9:20 am,02/06/2026,21,79,,,,,,,,,,,,,,,,,,,,,,,,,,,,,,,,,,,,,,,,,,,,,,,,
344,,10,,344,BERTAM VALLEY,9:20 am,02/06/2026,21,79,,,,,,,,,,,,,,,,,,,,,,,,,,,,,,,,,,,,,,,,,,,,,,,,
345,,11,,345,BERTAM VALLEY,9:20 am,02/06/2026,21,79,,,,,,,,,,,,,,,,,,,,,,,,,,,,,,,,,,,,,,,,,,,,,,,,
345,,11,,345,BERTAM VALLEY,9:20 am,02/06/2026,21,79,,,,,,,,,,,,,,,,,,,,,,,,,,,,,,,,,,,,,,,,,,,,,,,,
346,,11,,346,BERTAM VALLEY,9:20 am,02/06/2026,21,79,,,,,,,,,,,,,,,,,,,,,,,,,,,,,,,,,,,,,,,,,,,,,,,,
346,,11,,346,BERTAM VALLEY,9:20 am,02/06/2026,21,79,,,,,,,,,,,,,,,,,,,,,,,,,,,,,,,,,,,,,,,,,,,,,,,,
347,,11,,347,BERTAM VALLEY,9:20 am,02/06/2026,21,79,,,,,,,,,,,,,,,,,,,,,,,,,,,,,,,,,,,,,,,,,,,,,,,,
347,,11,,347,BERTAM VALLEY,9:20 am,02/06/2026,21,79,,,,,,,,,,,,,,,,,,,,,,,,,,,,,,,,,,,,,,,,,,,,,,,,
348,,11,,348,BERTAM VALLEY,9:20 am,02/06/2026,21,79,,,,,,,,,,,,,,,,,,,,,,,,,,,,,,,,,,,,,,,,,,,,,,,,
348,,11,,348,BERTAM VALLEY,9:20 am,02/06/2026,21,79,,,,,,,,,,,,,,,,,,,,,,,,,,,,,,,,,,,,,,,,,,,,,,,,
349,,11,,349,BERTAM VALLEY,9:20 am,02/06/2026,21,79,,,,,,,,,,,,,,,,,,,,,,,,,,,,,,,,,,,,,,,,,,,,,,,,
349,,11,,349,BERTAM VALLEY,9:20 am,02/06/2026,21,79,,,,,,,,,,,,,,,,,,,,,,,,,,,,,,,,,,,,,,,,,,,,,,,,
350,,11,,350,BERTAM VALLEY,9:20 am,02/06/2026,21,79,,,,,,,,,,,,,,,,,,,,,,,,,,,,,,,,,,,,,,,,,,,,,,,,
350,,11,,350,BERTAM VALLEY,9:20 am,02/06/2026,21,79,,,,,,,,,,,,,,,,,,,,,,,,,,,,,,,,,,,,,,,,,,,,,,,,
351,,11,,351,BERTAM VALLEY,9:20 am,02/06/2026,21,79,,,,,,,,,,,,,,,,,,,,,,,,,,,,,,,,,,,,,,,,,,,,,,,,
351,,11,,351,BERTAM VALLEY,9:20 am,02/06/2026,21,79,,,,,,,,,,,,,,,,,,,,,,,,,,,,,,,,,,,,,,,,,,,,,,,,
352,,11,,352,BERTAM VALLEY,9:20 am,02/06/2026,21,79,,,,,,,,,,,,,,,,,,,,,,,,,,,,,,,,,,,,,,,,,,,,,,,,
352,,11,,352,BERTAM VALLEY,9:20 am,02/06/2026,21,79,,,,,,,,,,,,,,,,,,,,,,,,,,,,,,,,,,,,,,,,,,,,,,,,
353,,11,,353,BERTAM VALLEY,9:20 am,02/06/2026,21,79,,,,,,,,,,,,,,,,,,,,,,,,,,,,,,,,,,,,,,,,,,,,,,,,
353,,11,,353,BERTAM VALLEY,9:20 am,02/06/2026,21,79,,,,,,,,,,,,,,,,,,,,,,,,,,,,,,,,,,,,,,,,,,,,,,,,
354,,11,,354,BERTAM VALLEY,9:20 am,02/06/2026,21,79,,,,,,,,,,,,,,,,,,,,,,,,,,,,,,,,,,,,,,,,,,,,,,,,
354,,11,,354,BERTAM VALLEY,9:20 am,02/06/2026,21,79,,,,,,,,,,,,,,,,,,,,,,,,,,,,,,,,,,,,,,,,,,,,,,,,
355,,11,,355,BERTAM VALLEY,9:20 am,02/06/2026,21,79,,,,,,,,,,,,,,,,,,,,,,,,,,,,,,,,,,,,,,,,,,,,,,,,
355,,11,,355,BERTAM VALLEY,9:20 am,02/06/2026,21,79,,,,,,,,,,,,,,,,,,,,,,,,,,,,,,,,,,,,,,,,,,,,,,,,
356,,11,,356,BERTAM VALLEY,9:20 am,02/06/2026,21,79,,,,,,,,,,,,,,,,,,,,,,,,,,,,,,,,,,,,,,,,,,,,,,,,
356,,11,,356,BERTAM VALLEY,9:20 am,02/06/2026,21,79,,,,,,,,,,,,,,,,,,,,,,,,,,,,,,,,,,,,,,,,,,,,,,,,
357,,11,,357,BERTAM VALLEY,9:20 am,02/06/2026,21,79,,,,,,,,,,,,,,,,,,,,,,,,,,,,,,,,,,,,,,,,,,,,,,,,
357,,11,,357,BERTAM VALLEY,9:20 am,02/06/2026,21,79,,,,,,,,,,,,,,,,,,,,,,,,,,,,,,,,,,,,,,,,,,,,,,,,
358,,11,,358,BERTAM VALLEY,9:20 am,02/06/2026,21,79,,,,,,,,,,,,,,,,,,,,,,,,,,,,,,,,,,,,,,,,,,,,,,,,
358,,11,,358,BERTAM VALLEY,9:20 am,02/06/2026,21,79,,,,,,,,,,,,,,,,,,,,,,,,,,,,,,,,,,,,,,,,,,,,,,,,
359,,11,,359,BERTAM VALLEY,9:20 am,02/06/2026,21,79,,,,,,,,,,,,,,,,,,,,,,,,,,,,,,,,,,,,,,,,,,,,,,,,
359,,11,,359,BERTAM VALLEY,9:20 am,02/06/2026,21,79,,,,,,,,,,,,,,,,,,,,,,,,,,,,,,,,,,,,,,,,,,,,,,,,
360,,11,,360,BERTAM VALLEY,9:20 am,02/06/2026,21,79,,,,,,,,,,,,,,,,,,,,,,,,,,,,,,,,,,,,,,,,,,,,,,,,
360,,11,,360,BERTAM VALLEY,9:20 am,02/06/2026,21,79,,,,,,,,,,,,,,,,,,,,,,,,,,,,,,,,,,,,,,,,,,,,,,,,
361,,11,,361,BERTAM VALLEY,9:20 am,02/06/2026,21,79,,,,,,,,,,,,,,,,,,,,,,,,,,,,,,,,,,,,,,,,,,,,,,,,
361,,11,,361,BERTAM VALLEY,9:20 am,02/06/2026,21,79,,,,,,,,,,,,,,,,,,,,,,,,,,,,,,,,,,,,,,,,,,,,,,,,
362,,11,,362,BERTAM VALLEY,9:20 am,02/06/2026,21,79,,,,,,,,,,,,,,,,,,,,,,,,,,,,,,,,,,,,,,,,,,,,,,,,
362,,11,,362,BERTAM VALLEY,9:20 am,02/06/2026,21,79,,,,,,,,,,,,,,,,,,,,,,,,,,,,,,,,,,,,,,,,,,,,,,,,
363,,11,,363,BERTAM VALLEY,9:20 am,02/06/2026,21,79,,,,,,,,,,,,,,,,,,,,,,,,,,,,,,,,,,,,,,,,,,,,,,,,
363,,11,,363,BERTAM VALLEY,9:20 am,02/06/2026,21,79,,,,,,,,,,,,,,,,,,,,,,,,,,,,,,,,,,,,,,,,,,,,,,,,
364,,11,,364,BERTAM VALLEY,9:20 am,02/06/2026,21,79,,,,,,,,,,,,,,,,,,,,,,,,,,,,,,,,,,,,,,,,,,,,,,,,
364,,11,,364,BERTAM VALLEY,9:20 am,02/06/2026,21,79,,,,,,,,,,,,,,,,,,,,,,,,,,,,,,,,,,,,,,,,,,,,,,,,
365,,11,,365,BERTAM VALLEY,9:20 am,02/06/2026,21,79,,,,,,,,,,,,,,,,,,,,,,,,,,,,,,,,,,,,,,,,,,,,,,,,
365,,11,,365,BERTAM VALLEY,9:20 am,02/06/2026,21,79,,,,,,,,,,,,,,,,,,,,,,,,,,,,,,,,,,,,,,,,,,,,,,,,
366,,11,,366,BERTAM VALLEY,9:20 am,02/06/2026,21,79,,,,,,,,,,,,,,,,,,,,,,,,,,,,,,,,,,,,,,,,,,,,,,,,
366,,11,,366,BERTAM VALLEY,9:20 am,02/06/2026,21,79,,,,,,,,,,,,,,,,,,,,,,,,,,,,,,,,,,,,,,,,,,,,,,,,
367,,11,,367,BERTAM VALLEY,9:20 am,02/06/2026,21,79,,,,,,,,,,,,,,,,,,,,,,,,,,,,,,,,,,,,,,,,,,,,,,,,
367,,11,,367,BERTAM VALLEY,9:20 am,02/06/2026,21,79,,,,,,,,,,,,,,,,,,,,,,,,,,,,,,,,,,,,,,,,,,,,,,,,
368,,11,,368,BERTAM VALLEY,9:20 am,02/06/2026,21,79,,,,,,,,,,,,,,,,,,,,,,,,,,,,,,,,,,,,,,,,,,,,,,,,
368,,11,,368,BERTAM VALLEY,9:20 am,02/06/2026,21,79,,,,,,,,,,,,,,,,,,,,,,,,,,,,,,,,,,,,,,,,,,,,,,,,
369,,11,,369,BERTAM VALLEY,9:20 am,02/06/2026,21,79,,,,,,,,,,,,,,,,,,,,,,,,,,,,,,,,,,,,,,,,,,,,,,,,
369,,11,,369,BERTAM VALLEY,9:20 am,02/06/2026,21,79,,,,,,,,,,,,,,,,,,,,,,,,,,,,,,,,,,,,,,,,,,,,,,,,
370,,11,,370,BERTAM VALLEY,9:20 am,02/06/2026,21,79,,,,,,,,,,,,,,,,,,,,,,,,,,,,,,,,,,,,,,,,,,,,,,,,
370,,11,,370,BERTAM VALLEY,9:20 am,02/06/2026,21,79,,,,,,,,,,,,,,,,,,,,,,,,,,,,,,,,,,,,,,,,,,,,,,,,
371,,11,,371,BERTAM VALLEY,9:20 am,02/06/2026,21,79,,,,,,,,,,,,,,,,,,,,,,,,,,,,,,,,,,,,,,,,,,,,,,,,
371,,11,,371,BERTAM VALLEY,9:20 am,02/06/2026,21,79,,,,,,,,,,,,,,,,,,,,,,,,,,,,,,,,,,,,,,,,,,,,,,,,
372,,11,,372,BERTAM VALLEY,9:20 am,02/06/2026,21,79,,,,,,,,,,,,,,,,,,,,,,,,,,,,,,,,,,,,,,,,,,,,,,,,
372,,11,,372,BERTAM VALLEY,9:20 am,02/06/2026,21,79,,,,,,,,,,,,,,,,,,,,,,,,,,,,,,,,,,,,,,,,,,,,,,,,
373,,11,,373,BERTAM VALLEY,9:20 am,02/06/2026,21,79,,,,,,,,,,,,,,,,,,,,,,,,,,,,,,,,,,,,,,,,,,,,,,,,
373,,11,,373,BERTAM VALLEY,9:20 am,02/06/2026,21,79,,,,,,,,,,,,,,,,,,,,,,,,,,,,,,,,,,,,,,,,,,,,,,,,
374,,11,,374,BERTAM VALLEY,9:20 am,02/06/2026,21,79,,,,,,,,,,,,,,,,,,,,,,,,,,,,,,,,,,,,,,,,,,,,,,,,
374,,11,,374,BERTAM VALLEY,9:20 am,02/06/2026,21,79,,,,,,,,,,,,,,,,,,,,,,,,,,,,,,,,,,,,,,,,,,,,,,,,
375,,11,,375,BERTAM VALLEY,9:20 am,02/06/2026,21,79,,,,,,,,,,,,,,,,,,,,,,,,,,,,,,,,,,,,,,,,,,,,,,,,
375,,11,,375,BERTAM VALLEY,9:20 am,02/06/2026,21,79,,,,,,,,,,,,,,,,,,,,,,,,,,,,,,,,,,,,,,,,,,,,,,,,
376,,11,,376,BERTAM VALLEY,9:20 am,02/06/2026,21,79,,,,,,,,,,,,,,,,,,,,,,,,,,,,,,,,,,,,,,,,,,,,,,,,
376,,11,,376,BERTAM VALLEY,9:20 am,02/06/2026,21,79,,,,,,,,,,,,,,,,,,,,,,,,,,,,,,,,,,,,,,,,,,,,,,,,
377,,11,,377,BERTAM VALLEY,9:20 am,02/06/2026,21,79,,,,,,,,,,,,,,,,,,,,,,,,,,,,,,,,,,,,,,,,,,,,,,,,
377,,11,,377,BERTAM VALLEY,9:20 am,02/06/2026,21,79,,,,,,,,,,,,,,,,,,,,,,,,,,,,,,,,,,,,,,,,,,,,,,,,
378,,11,,378,BERTAM VALLEY,9:20 am,02/06/2026,21,79,,,,,,,,,,,,,,,,,,,,,,,,,,,,,,,,,,,,,,,,,,,,,,,,
378,,11,,378,BERTAM VALLEY,9:20 am,02/06/2026,21,79,,,,,,,,,,,,,,,,,,,,,,,,,,,,,,,,,,,,,,,,,,,,,,,,
379,,11,,379,BERTAM VALLEY,9:20 am,02/06/2026,21,79,,,,,,,,,,,,,,,,,,,,,,,,,,,,,,,,,,,,,,,,,,,,,,,,
379,,11,,379,BERTAM VALLEY,9:20 am,02/06/2026,21,79,,,,,,,,,,,,,,,,,,,,,,,,,,,,,,,,,,,,,,,,,,,,,,,,
380,,11,,380,BERTAM VALLEY,9:20 am,02/06/2026,21,79,,,,,,,,,,,,,,,,,,,,,,,,,,,,,,,,,,,,,,,,,,,,,,,,
380,,11,,380,BERTAM VALLEY,9:20 am,02/06/2026,21,79,,,,,,,,,,,,,,,,,,,,,,,,,,,,,,,,,,,,,,,,,,,,,,,,
381,,11,,381,BERTAM VALLEY,9:20 am,02/06/2026,21,79,,,,,,,,,,,,,,,,,,,,,,,,,,,,,,,,,,,,,,,,,,,,,,,,
381,,11,,381,BERTAM VALLEY,9:20 am,02/06/2026,21,79,,,,,,,,,,,,,,,,,,,,,,,,,,,,,,,,,,,,,,,,,,,,,,,,
382,,11,,382,BERTAM VALLEY,9:20 am,02/06/2026,21,79,,,,,,,,,,,,,,,,,,,,,,,,,,,,,,,,,,,,,,,,,,,,,,,,
382,,11,,382,BERTAM VALLEY,9:20 am,02/06/2026,21,79,,,,,,,,,,,,,,,,,,,,,,,,,,,,,,,,,,,,,,,,,,,,,,,,
383,,11,,383,BERTAM VALLEY,9:20 am,02/06/2026,21,79,,,,,,,,,,,,,,,,,,,,,,,,,,,,,,,,,,,,,,,,,,,,,,,,
383,,11,,383,BERTAM VALLEY,9:20 am,02/06/2026,21,79,,,,,,,,,,,,,,,,,,,,,,,,,,,,,,,,,,,,,,,,,,,,,,,,
384,,11,,384,BERTAM VALLEY,9:20 am,02/06/2026,21,79,,,,,,,,,,,,,,,,,,,,,,,,,,,,,,,,,,,,,,,,,,,,,,,,
384,,11,,384,BERTAM VALLEY,9:20 am,02/06/2026,21,79,,,,,,,,,,,,,,,,,,,,,,,,,,,,,,,,,,,,,,,,,,,,,,,,
385,,12,,385,BERTAM VALLEY,9:20 am,02/06/2026,21,79,,,,,,,,,,,,,,,,,,,,,,,,,,,,,,,,,,,,,,,,,,,,,,,,
385,,12,,385,BERTAM VALLEY,9:20 am,02/06/2026,21,79,,,,,,,,,,,,,,,,,,,,,,,,,,,,,,,,,,,,,,,,,,,,,,,,
386,,12,,386,BERTAM VALLEY,9:20 am,02/06/2026,21,79,,,,,,,,,,,,,,,,,,,,,,,,,,,,,,,,,,,,,,,,,,,,,,,,
386,,12,,386,BERTAM VALLEY,9:20 am,02/06/2026,21,79,,,,,,,,,,,,,,,,,,,,,,,,,,,,,,,,,,,,,,,,,,,,,,,,
387,,12,,387,BERTAM VALLEY,9:20 am,02/06/2026,21,79,,,,,,,,,,,,,,,,,,,,,,,,,,,,,,,,,,,,,,,,,,,,,,,,
387,,12,,387,BERTAM VALLEY,9:20 am,02/06/2026,21,79,,,,,,,,,,,,,,,,,,,,,,,,,,,,,,,,,,,,,,,,,,,,,,,,
388,,12,,388,BERTAM VALLEY,9:20 am,02/06/2026,21,79,,,,,,,,,,,,,,,,,,,,,,,,,,,,,,,,,,,,,,,,,,,,,,,,
388,,12,,388,BERTAM VALLEY,9:20 am,02/06/2026,21,79,,,,,,,,,,,,,,,,,,,,,,,,,,,,,,,,,,,,,,,,,,,,,,,,
389,,12,,389,BERTAM VALLEY,9:20 am,02/06/2026,21,79,,,,,,,,,,,,,,,,,,,,,,,,,,,,,,,,,,,,,,,,,,,,,,,,
389,,12,,389,BERTAM VALLEY,9:20 am,02/06/2026,21,79,,,,,,,,,,,,,,,,,,,,,,,,,,,,,,,,,,,,,,,,,,,,,,,,
390,,12,,390,BERTAM VALLEY,9:20 am,02/06/2026,21,79,,,,,,,,,,,,,,,,,,,,,,,,,,,,,,,,,,,,,,,,,,,,,,,,
390,,12,,390,BERTAM VALLEY,9:20 am,02/06/2026,21,79,,,,,,,,,,,,,,,,,,,,,,,,,,,,,,,,,,,,,,,,,,,,,,,,
391,,12,,391,BERTAM VALLEY,9:20 am,02/06/2026,21,79,,,,,,,,,,,,,,,,,,,,,,,,,,,,,,,,,,,,,,,,,,,,,,,,
391,,12,,391,BERTAM VALLEY,9:20 am,02/06/2026,21,79,,,,,,,,,,,,,,,,,,,,,,,,,,,,,,,,,,,,,,,,,,,,,,,,
392,,12,,392,BERTAM VALLEY,9:20 am,02/06/2026,21,79,,,,,,,,,,,,,,,,,,,,,,,,,,,,,,,,,,,,,,,,,,,,,,,,
392,,12,,392,BERTAM VALLEY,9:20 am,02/06/2026,21,79,,,,,,,,,,,,,,,,,,,,,,,,,,,,,,,,,,,,,,,,,,,,,,,,
393,,12,,393,BERTAM VALLEY,9:20 am,02/06/2026,21,79,,,,,,,,,,,,,,,,,,,,,,,,,,,,,,,,,,,,,,,,,,,,,,,,
393,,12,,393,BERTAM VALLEY,9:20 am,02/06/2026,21,79,,,,,,,,,,,,,,,,,,,,,,,,,,,,,,,,,,,,,,,,,,,,,,,,
394,,12,,394,BERTAM VALLEY,9:20 am,02/06/2026,21,79,,,,,,,,,,,,,,,,,,,,,,,,,,,,,,,,,,,,,,,,,,,,,,,,
394,,12,,394,BERTAM VALLEY,9:20 am,02/06/2026,21,79,,,,,,,,,,,,,,,,,,,,,,,,,,,,,,,,,,,,,,,,,,,,,,,,
395,,12,,395,BERTAM VALLEY,9:20 am,02/06/2026,21,79,,,,,,,,,,,,,,,,,,,,,,,,,,,,,,,,,,,,,,,,,,,,,,,,
395,,12,,395,BERTAM VALLEY,9:20 am,02/06/2026,21,79,,,,,,,,,,,,,,,,,,,,,,,,,,,,,,,,,,,,,,,,,,,,,,,,
396,,12,,396,BERTAM VALLEY,9:20 am,02/06/2026,21,79,,,,,,,,,,,,,,,,,,,,,,,,,,,,,,,,,,,,,,,,,,,,,,,,
396,,12,,396,BERTAM VALLEY,9:20 am,02/06/2026,21,79,,,,,,,,,,,,,,,,,,,,,,,,,,,,,,,,,,,,,,,,,,,,,,,,
397,,12,,397,BERTAM VALLEY,9:20 am,02/06/2026,21,79,,,,,,,,,,,,,,,,,,,,,,,,,,,,,,,,,,,,,,,,,,,,,,,,
397,,12,,397,BERTAM VALLEY,9:20 am,02/06/2026,21,79,,,,,,,,,,,,,,,,,,,,,,,,,,,,,,,,,,,,,,,,,,,,,,,,
398,,12,,398,BERTAM VALLEY,9:20 am,02/06/2026,21,79,,,,,,,,,,,,,,,,,,,,,,,,,,,,,,,,,,,,,,,,,,,,,,,,
398,,12,,398,BERTAM VALLEY,9:20 am,02/06/2026,21,79,,,,,,,,,,,,,,,,,,,,,,,,,,,,,,,,,,,,,,,,,,,,,,,,
399,,12,,399,BERTAM VALLEY,9:20 am,02/06/2026,21,79,,,,,,,,,,,,,,,,,,,,,,,,,,,,,,,,,,,,,,,,,,,,,,,,
399,,12,,399,BERTAM VALLEY,9:20 am,02/06/2026,21,79,,,,,,,,,,,,,,,,,,,,,,,,,,,,,,,,,,,,,,,,,,,,,,,,
400,,12,,400,BERTAM VALLEY,9:20 am,02/06/2026,21,79,,,,,,,,,,,,,,,,,,,,,,,,,,,,,,,,,,,,,,,,,,,,,,,,
400,,12,,400,BERTAM VALLEY,9:20 am,02/06/2026,21,79,,,,,,,,,,,,,,,,,,,,,,,,,,,,,,,,,,,,,,,,,,,,,,,,
401,,12,,401,BERTAM VALLEY,9:20 am,02/06/2026,21,79,,,,,,,,,,,,,,,,,,,,,,,,,,,,,,,,,,,,,,,,,,,,,,,,
401,,12,,401,BERTAM VALLEY,9:20 am,02/06/2026,21,79,,,,,,,,,,,,,,,,,,,,,,,,,,,,,,,,,,,,,,,,,,,,,,,,
402,,12,,402,BERTAM VALLEY,9:20 am,02/06/2026,21,79,,,,,,,,,,,,,,,,,,,,,,,,,,,,,,,,,,,,,,,,,,,,,,,,
402,,12,,402,BERTAM VALLEY,9:20 am,02/06/2026,21,79,,,,,,,,,,,,,,,,,,,,,,,,,,,,,,,,,,,,,,,,,,,,,,,,
403,,12,,403,BERTAM VALLEY,9:20 am,02/06/2026,21,79,,,,,,,,,,,,,,,,,,,,,,,,,,,,,,,,,,,,,,,,,,,,,,,,
403,,12,,403,BERTAM VALLEY,9:20 am,02/06/2026,21,79,,,,,,,,,,,,,,,,,,,,,,,,,,,,,,,,,,,,,,,,,,,,,,,,
404,,12,,404,BERTAM VALLEY,9:20 am,02/06/2026,21,79,,,,,,,,,,,,,,,,,,,,,,,,,,,,,,,,,,,,,,,,,,,,,,,,
404,,12,,404,BERTAM VALLEY,9:20 am,02/06/2026,21,79,,,,,,,,,,,,,,,,,,,,,,,,,,,,,,,,,,,,,,,,,,,,,,,,
405,,12,,405,BERTAM VALLEY,9:20 am,02/06/2026,21,79,,,,,,,,,,,,,,,,,,,,,,,,,,,,,,,,,,,,,,,,,,,,,,,,
405,,12,,405,BERTAM VALLEY,9:20 am,02/06/2026,21,79,,,,,,,,,,,,,,,,,,,,,,,,,,,,,,,,,,,,,,,,,,,,,,,,
406,,12,,406,BERTAM VALLEY,9:20 am,02/06/2026,21,79,,,,,,,,,,,,,,,,,,,,,,,,,,,,,,,,,,,,,,,,,,,,,,,,
406,,12,,406,BERTAM VALLEY,9:20 am,02/06/2026,21,79,,,,,,,,,,,,,,,,,,,,,,,,,,,,,,,,,,,,,,,,,,,,,,,,
407,,12,,407,BERTAM VALLEY,9:20 am,02/06/2026,21,79,,,,,,,,,,,,,,,,,,,,,,,,,,,,,,,,,,,,,,,,,,,,,,,,
407,,12,,407,BERTAM VALLEY,9:20 am,02/06/2026,21,79,,,,,,,,,,,,,,,,,,,,,,,,,,,,,,,,,,,,,,,,,,,,,,,,
408,,12,,408,BERTAM VALLEY,9:20 am,02/06/2026,21,79,,,,,,,,,,,,,,,,,,,,,,,,,,,,,,,,,,,,,,,,,,,,,,,,
408,,12,,408,BERTAM VALLEY,9:20 am,02/06/2026,21,79,,,,,,,,,,,,,,,,,,,,,,,,,,,,,,,,,,,,,,,,,,,,,,,,
409,,12,,409,BERTAM VALLEY,9:20 am,02/06/2026,21,79,,,,,,,,,,,,,,,,,,,,,,,,,,,,,,,,,,,,,,,,,,,,,,,,
409,,12,,409,BERTAM VALLEY,9:20 am,02/06/2026,21,79,,,,,,,,,,,,,,,,,,,,,,,,,,,,,,,,,,,,,,,,,,,,,,,,
410,,12,,410,BERTAM VALLEY,9:20 am,02/06/2026,21,79,,,,,,,,,,,,,,,,,,,,,,,,,,,,,,,,,,,,,,,,,,,,,,,,
410,,12,,410,BERTAM VALLEY,9:20 am,02/06/2026,21,79,,,,,,,,,,,,,,,,,,,,,,,,,,,,,,,,,,,,,,,,,,,,,,,,
411,,12,,411,BERTAM VALLEY,9:20 am,02/06/2026,21,79,,,,,,,,,,,,,,,,,,,,,,,,,,,,,,,,,,,,,,,,,,,,,,,,
411,,12,,411,BERTAM VALLEY,9:20 am,02/06/2026,21,79,,,,,,,,,,,,,,,,,,,,,,,,,,,,,,,,,,,,,,,,,,,,,,,,
412,,12,,412,BERTAM VALLEY,9:20 am,02/06/2026,21,79,,,,,,,,,,,,,,,,,,,,,,,,,,,,,,,,,,,,,,,,,,,,,,,,
412,,12,,412,BERTAM VALLEY,9:20 am,02/06/2026,21,79,,,,,,,,,,,,,,,,,,,,,,,,,,,,,,,,,,,,,,,,,,,,,,,,
413,,12,,413,BERTAM VALLEY,9:20 am,02/06/2026,21,79,,,,,,,,,,,,,,,,,,,,,,,,,,,,,,,,,,,,,,,,,,,,,,,,
413,,12,,413,BERTAM VALLEY,9:20 am,02/06/2026,21,79,,,,,,,,,,,,,,,,,,,,,,,,,,,,,,,,,,,,,,,,,,,,,,,,
414,,12,,414,BERTAM VALLEY,9:20 am,02/06/2026,21,79,,,,,,,,,,,,,,,,,,,,,,,,,,,,,,,,,,,,,,,,,,,,,,,,
414,,12,,414,BERTAM VALLEY,9:20 am,02/06/2026,21,79,,,,,,,,,,,,,,,,,,,,,,,,,,,,,,,,,,,,,,,,,,,,,,,,
415,,12,,415,BERTAM VALLEY,9:20 am,02/06/2026,21,79,,,,,,,,,,,,,,,,,,,,,,,,,,,,,,,,,,,,,,,,,,,,,,,,
415,,12,,415,BERTAM VALLEY,9:20 am,02/06/2026,21,79,,,,,,,,,,,,,,,,,,,,,,,,,,,,,,,,,,,,,,,,,,,,,,,,
416,,12,,416,BERTAM VALLEY,9:20 am,02/06/2026,21,79,,,,,,,,,,,,,,,,,,,,,,,,,,,,,,,,,,,,,,,,,,,,,,,,
416,,12,,416,BERTAM VALLEY,9:20 am,02/06/2026,21,79,,,,,,,,,,,,,,,,,,,,,,,,,,,,,,,,,,,,,,,,,,,,,,,,
417,,12,,417,BERTAM VALLEY,9:20 am,02/06/2026,21,79,,,,,,,,,,,,,,,,,,,,,,,,,,,,,,,,,,,,,,,,,,,,,,,,
417,,12,,417,BERTAM VALLEY,9:20 am,02/06/2026,21,79,,,,,,,,,,,,,,,,,,,,,,,,,,,,,,,,,,,,,,,,,,,,,,,,
418,,12,,418,BERTAM VALLEY,9:20 am,02/06/2026,21,79,,,,,,,,,,,,,,,,,,,,,,,,,,,,,,,,,,,,,,,,,,,,,,,,
418,,12,,418,BERTAM VALLEY,9:20 am,02/06/2026,21,79,,,,,,,,,,,,,,,,,,,,,,,,,,,,,,,,,,,,,,,,,,,,,,,,
419,,12,,419,BERTAM VALLEY,9:20 am,02/06/2026,21,79,,,,,,,,,,,,,,,,,,,,,,,,,,,,,,,,,,,,,,,,,,,,,,,,
419,,12,,419,BERTAM VALLEY,9:20 am,02/06/2026,21,79,,,,,,,,,,,,,,,,,,,,,,,,,,,,,,,,,,,,,,,,,,,,,,,,
420,,12,,420,BERTAM VALLEY,9:20 am,02/06/2026,21,79,,,,,,,,,,,,,,,,,,,,,,,,,,,,,,,,,,,,,,,,,,,,,,,,
420,,12,,420,BERTAM VALLEY,9:20 am,02/06/2026,21,79,,,,,,,,,,,,,,,,,,,,,,,,,,,,,,,,,,,,,,,,,,,,,,,,
421,,12,,421,BERTAM VALLEY,9:20 am,02/06/2026,21,79,,,,,,,,,,,,,,,,,,,,,,,,,,,,,,,,,,,,,,,,,,,,,,,,
421,,12,,421,BERTAM VALLEY,9:20 am,02/06/2026,21,79,,,,,,,,,,,,,,,,,,,,,,,,,,,,,,,,,,,,,,,,,,,,,,,,
422,,12,,422,BERTAM VALLEY,9:20 am,02/06/2026,21,79,,,,,,,,,,,,,,,,,,,,,,,,,,,,,,,,,,,,,,,,,,,,,,,,
422,,12,,422,BERTAM VALLEY,9:20 am,02/06/2026,21,79,,,,,,,,,,,,,,,,,,,,,,,,,,,,,,,,,,,,,,,,,,,,,,,,
423,,12,,423,BERTAM VALLEY,9:20 am,02/06/2026,21,79,,,,,,,,,,,,,,,,,,,,,,,,,,,,,,,,,,,,,,,,,,,,,,,,
423,,12,,423,BERTAM VALLEY,9:20 am,02/06/2026,21,79,,,,,,,,,,,,,,,,,,,,,,,,,,,,,,,,,,,,,,,,,,,,,,,,
424,,12,,424,BERTAM VALLEY,9:20 am,02/06/2026,21,79,,,,,,,,,,,,,,,,,,,,,,,,,,,,,,,,,,,,,,,,,,,,,,,,
424,,12,,424,BERTAM VALLEY,9:20 am,02/06/2026,21,79,,,,,,,,,,,,,,,,,,,,,,,,,,,,,,,,,,,,,,,,,,,,,,,,
425,,13,,425,BERTAM VALLEY,9:20 am,02/06/2026,21,79,,,,,,,,,,,,,,,,,,,,,,,,,,,,,,,,,,,,,,,,,,,,,,,,
425,,13,,425,BERTAM VALLEY,9:20 am,02/06/2026,21,79,,,,,,,,,,,,,,,,,,,,,,,,,,,,,,,,,,,,,,,,,,,,,,,,
426,,13,,426,BERTAM VALLEY,9:20 am,02/06/2026,21,79,,,,,,,,,,,,,,,,,,,,,,,,,,,,,,,,,,,,,,,,,,,,,,,,
426,,13,,426,BERTAM VALLEY,9:20 am,02/06/2026,21,79,,,,,,,,,,,,,,,,,,,,,,,,,,,,,,,,,,,,,,,,,,,,,,,,
427,,13,,427,BERTAM VALLEY,9:20 am,02/06/2026,21,79,,,,,,,,,,,,,,,,,,,,,,,,,,,,,,,,,,,,,,,,,,,,,,,,
427,,13,,427,BERTAM VALLEY,9:20 am,02/06/2026,21,79,,,,,,,,,,,,,,,,,,,,,,,,,,,,,,,,,,,,,,,,,,,,,,,,
428,,13,,428,BERTAM VALLEY,9:20 am,02/06/2026,21,79,,,,,,,,,,,,,,,,,,,,,,,,,,,,,,,,,,,,,,,,,,,,,,,,
428,,13,,428,BERTAM VALLEY,9:20 am,02/06/2026,21,79,,,,,,,,,,,,,,,,,,,,,,,,,,,,,,,,,,,,,,,,,,,,,,,,
429,,13,,429,BERTAM VALLEY,9:20 am,02/06/2026,21,79,,,,,,,,,,,,,,,,,,,,,,,,,,,,,,,,,,,,,,,,,,,,,,,,
429,,13,,429,BERTAM VALLEY,9:20 am,02/06/2026,21,79,,,,,,,,,,,,,,,,,,,,,,,,,,,,,,,,,,,,,,,,,,,,,,,,
430,,13,,430,BERTAM VALLEY,9:20 am,02/06/2026,21,79,,,,,,,,,,,,,,,,,,,,,,,,,,,,,,,,,,,,,,,,,,,,,,,,
430,,13,,430,BERTAM VALLEY,9:20 am,02/06/2026,21,79,,,,,,,,,,,,,,,,,,,,,,,,,,,,,,,,,,,,,,,,,,,,,,,,
431,,13,,431,BERTAM VALLEY,9:20 am,02/06/2026,21,79,,,,,,,,,,,,,,,,,,,,,,,,,,,,,,,,,,,,,,,,,,,,,,,,
431,,13,,431,BERTAM VALLEY,9:20 am,02/06/2026,21,79,,,,,,,,,,,,,,,,,,,,,,,,,,,,,,,,,,,,,,,,,,,,,,,,
432,,13,,432,BERTAM VALLEY,9:20 am,02/06/2026,21,79,,,,,,,,,,,,,,,,,,,,,,,,,,,,,,,,,,,,,,,,,,,,,,,,
432,,13,,432,BERTAM VALLEY,9:20 am,02/06/2026,21,79,,,,,,,,,,,,,,,,,,,,,,,,,,,,,,,,,,,,,,,,,,,,,,,,
433,,13,,433,BERTAM VALLEY,9:20 am,02/06/2026,21,79,,,,,,,,,,,,,,,,,,,,,,,,,,,,,,,,,,,,,,,,,,,,,,,,
433,,13,,433,BERTAM VALLEY,9:20 am,02/06/2026,21,79,,,,,,,,,,,,,,,,,,,,,,,,,,,,,,,,,,,,,,,,,,,,,,,,
434,,13,,434,BERTAM VALLEY,9:20 am,02/06/2026,21,79,,,,,,,,,,,,,,,,,,,,,,,,,,,,,,,,,,,,,,,,,,,,,,,,
434,,13,,434,BERTAM VALLEY,9:20 am,02/06/2026,21,79,,,,,,,,,,,,,,,,,,,,,,,,,,,,,,,,,,,,,,,,,,,,,,,,
435,,13,,435,BERTAM VALLEY,9:20 am,02/06/2026,21,79,,,,,,,,,,,,,,,,,,,,,,,,,,,,,,,,,,,,,,,,,,,,,,,,
435,,13,,435,BERTAM VALLEY,9:20 am,02/06/2026,21,79,,,,,,,,,,,,,,,,,,,,,,,,,,,,,,,,,,,,,,,,,,,,,,,,
436,,13,,436,BERTAM VALLEY,9:20 am,02/06/2026,21,79,,,,,,,,,,,,,,,,,,,,,,,,,,,,,,,,,,,,,,,,,,,,,,,,
436,,13,,436,BERTAM VALLEY,9:20 am,02/06/2026,21,79,,,,,,,,,,,,,,,,,,,,,,,,,,,,,,,,,,,,,,,,,,,,,,,,
437,,13,,437,BERTAM VALLEY,9:20 am,02/06/2026,21,79,,,,,,,,,,,,,,,,,,,,,,,,,,,,,,,,,,,,,,,,,,,,,,,,
437,,13,,437,BERTAM VALLEY,9:20 am,02/06/2026,21,79,,,,,,,,,,,,,,,,,,,,,,,,,,,,,,,,,,,,,,,,,,,,,,,,
438,,13,,438,BERTAM VALLEY,9:20 am,02/06/2026,21,79,,,,,,,,,,,,,,,,,,,,,,,,,,,,,,,,,,,,,,,,,,,,,,,,
438,,13,,438,BERTAM VALLEY,9:20 am,02/06/2026,21,79,,,,,,,,,,,,,,,,,,,,,,,,,,,,,,,,,,,,,,,,,,,,,,,,
439,,13,,439,BERTAM VALLEY,9:20 am,02/06/2026,21,79,,,,,,,,,,,,,,,,,,,,,,,,,,,,,,,,,,,,,,,,,,,,,,,,
439,,13,,439,BERTAM VALLEY,9:20 am,02/06/2026,21,79,,,,,,,,,,,,,,,,,,,,,,,,,,,,,,,,,,,,,,,,,,,,,,,,
440,,13,,440,BERTAM VALLEY,9:20 am,02/06/2026,21,79,,,,,,,,,,,,,,,,,,,,,,,,,,,,,,,,,,,,,,,,,,,,,,,,
440,,13,,440,BERTAM VALLEY,9:20 am,02/06/2026,21,79,,,,,,,,,,,,,,,,,,,,,,,,,,,,,,,,,,,,,,,,,,,,,,,,
441,,13,,441,BERTAM VALLEY,9:20 am,02/06/2026,21,79,,,,,,,,,,,,,,,,,,,,,,,,,,,,,,,,,,,,,,,,,,,,,,,,
441,,13,,441,BERTAM VALLEY,9:20 am,02/06/2026,21,79,,,,,,,,,,,,,,,,,,,,,,,,,,,,,,,,,,,,,,,,,,,,,,,,
442,,13,,442,BERTAM VALLEY,9:20 am,02/06/2026,21,79,,,,,,,,,,,,,,,,,,,,,,,,,,,,,,,,,,,,,,,,,,,,,,,,
442,,13,,442,BERTAM VALLEY,9:20 am,02/06/2026,21,79,,,,,,,,,,,,,,,,,,,,,,,,,,,,,,,,,,,,,,,,,,,,,,,,
443,,13,,443,BERTAM VALLEY,9:20 am,02/06/2026,21,79,,,,,,,,,,,,,,,,,,,,,,,,,,,,,,,,,,,,,,,,,,,,,,,,
443,,13,,443,BERTAM VALLEY,9:20 am,02/06/2026,21,79,,,,,,,,,,,,,,,,,,,,,,,,,,,,,,,,,,,,,,,,,,,,,,,,
444,,13,,444,BERTAM VALLEY,9:20 am,02/06/2026,21,79,,,,,,,,,,,,,,,,,,,,,,,,,,,,,,,,,,,,,,,,,,,,,,,,
444,,13,,444,BERTAM VALLEY,9:20 am,02/06/2026,21,79,,,,,,,,,,,,,,,,,,,,,,,,,,,,,,,,,,,,,,,,,,,,,,,,
445,,13,,445,BERTAM VALLEY,9:20 am,02/06/2026,21,79,,,,,,,,,,,,,,,,,,,,,,,,,,,,,,,,,,,,,,,,,,,,,,,,
445,,13,,445,BERTAM VALLEY,9:20 am,02/06/2026,21,79,,,,,,,,,,,,,,,,,,,,,,,,,,,,,,,,,,,,,,,,,,,,,,,,
446,,13,,446,BERTAM VALLEY,9:20 am,02/06/2026,21,79,,,,,,,,,,,,,,,,,,,,,,,,,,,,,,,,,,,,,,,,,,,,,,,,
446,,13,,446,BERTAM VALLEY,9:20 am,02/06/2026,21,79,,,,,,,,,,,,,,,,,,,,,,,,,,,,,,,,,,,,,,,,,,,,,,,,
447,,13,,447,BERTAM VALLEY,9:20 am,02/06/2026,21,79,,,,,,,,,,,,,,,,,,,,,,,,,,,,,,,,,,,,,,,,,,,,,,,,
447,,13,,447,BERTAM VALLEY,9:20 am,02/06/2026,21,79,,,,,,,,,,,,,,,,,,,,,,,,,,,,,,,,,,,,,,,,,,,,,,,,
448,,13,,448,BERTAM VALLEY,9:20 am,02/06/2026,21,79,,,,,,,,,,,,,,,,,,,,,,,,,,,,,,,,,,,,,,,,,,,,,,,,
448,,13,,448,BERTAM VALLEY,9:20 am,02/06/2026,21,79,,,,,,,,,,,,,,,,,,,,,,,,,,,,,,,,,,,,,,,,,,,,,,,,
449,,13,,449,BERTAM VALLEY,9:20 am,02/06/2026,21,79,,,,,,,,,,,,,,,,,,,,,,,,,,,,,,,,,,,,,,,,,,,,,,,,
449,,13,,449,BERTAM VALLEY,9:20 am,02/06/2026,21,79,,,,,,,,,,,,,,,,,,,,,,,,,,,,,,,,,,,,,,,,,,,,,,,,
450,,13,,450,BERTAM VALLEY,9:20 am,02/06/2026,21,79,,,,,,,,,,,,,,,,,,,,,,,,,,,,,,,,,,,,,,,,,,,,,,,,
450,,13,,450,BERTAM VALLEY,9:20 am,02/06/2026,21,79,,,,,,,,,,,,,,,,,,,,,,,,,,,,,,,,,,,,,,,,,,,,,,,,
451,,13,,451,BERTAM VALLEY,9:20 am,02/06/2026,21,79,,,,,,,,,,,,,,,,,,,,,,,,,,,,,,,,,,,,,,,,,,,,,,,,
451,,13,,451,BERTAM VALLEY,9:20 am,02/06/2026,21,79,,,,,,,,,,,,,,,,,,,,,,,,,,,,,,,,,,,,,,,,,,,,,,,,
452,,13,,452,BERTAM VALLEY,9:20 am,02/06/2026,21,79,,,,,,,,,,,,,,,,,,,,,,,,,,,,,,,,,,,,,,,,,,,,,,,,
452,,13,,452,BERTAM VALLEY,9:20 am,02/06/2026,21,79,,,,,,,,,,,,,,,,,,,,,,,,,,,,,,,,,,,,,,,,,,,,,,,,
